{
    "timesteps": [
        {
            "t": 0,
            "reqs": [
                {
                    "req_id": 1192338620,
                    "timesteps_left": 5,
                    "zone_from": 53,
                    "zone_to": 55
                },
                {
                    "req_id": 1325731984,
                    "timesteps_left": 5,
                    "zone_from": 0,
                    "zone_to": 10
                },
                {
                    "req_id": 1420449020,
                    "timesteps_left": 5,
                    "zone_from": 13,
                    "zone_to": 41
                },
                {
                    "req_id": 1202573837,
                    "timesteps_left": 5,
                    "zone_from": 41,
                    "zone_to": 61
                },
                {
                    "req_id": 1586918788,
                    "timesteps_left": 5,
                    "zone_from": 55,
                    "zone_to": 56
                }
            ],
            "cars": []
        },
        {
            "t": 1,
            "reqs": [
                {
                    "req_id": 1192338620,
                    "timesteps_left": 4,
                    "zone_from": 53,
                    "zone_to": 55
                },
                {
                    "req_id": 1202573837,
                    "timesteps_left": 4,
                    "zone_from": 41,
                    "zone_to": 61
                },
                {
                    "req_id": 1586918788,
                    "timesteps_left": 4,
                    "zone_from": 55,
                    "zone_to": 56
                },
                {
                    "req_id": 1325731984,
                    "timesteps_left": 4,
                    "zone_from": 0,
                    "zone_to": 10
                },
                {
                    "req_id": 1420449020,
                    "timesteps_left": 4,
                    "zone_from": 13,
                    "zone_to": 41
                },
                {
                    "req_id": 124162530,
                    "timesteps_left": 5,
                    "zone_from": 32,
                    "zone_to": 28
                },
                {
                    "req_id": 1398071820,
                    "timesteps_left": 5,
                    "zone_from": 53,
                    "zone_to": 53
                },
                {
                    "req_id": 1824674892,
                    "timesteps_left": 5,
                    "zone_from": 41,
                    "zone_to": 37
                },
                {
                    "req_id": 1318452809,
                    "timesteps_left": 5,
                    "zone_from": 45,
                    "zone_to": 46
                },
                {
                    "req_id": 1451368263,
                    "timesteps_left": 5,
                    "zone_from": 47,
                    "zone_to": 29
                }
            ],
            "cars": []
        },
        {
            "t": 2,
            "reqs": [
                {
                    "req_id": 1192338620,
                    "timesteps_left": 3,
                    "zone_from": 53,
                    "zone_to": 55
                },
                {
                    "req_id": 1586918788,
                    "timesteps_left": 3,
                    "zone_from": 55,
                    "zone_to": 56
                },
                {
                    "req_id": 1325731984,
                    "timesteps_left": 3,
                    "zone_from": 0,
                    "zone_to": 10
                },
                {
                    "req_id": 1318452809,
                    "timesteps_left": 4,
                    "zone_from": 45,
                    "zone_to": 46
                },
                {
                    "req_id": 1451368263,
                    "timesteps_left": 4,
                    "zone_from": 47,
                    "zone_to": 29
                },
                {
                    "req_id": 1420449020,
                    "timesteps_left": 3,
                    "zone_from": 13,
                    "zone_to": 41
                },
                {
                    "req_id": 124162530,
                    "timesteps_left": 4,
                    "zone_from": 32,
                    "zone_to": 28
                },
                {
                    "req_id": 1824674892,
                    "timesteps_left": 4,
                    "zone_from": 41,
                    "zone_to": 37
                },
                {
                    "req_id": 1398071820,
                    "timesteps_left": 4,
                    "zone_from": 53,
                    "zone_to": 53
                },
                {
                    "req_id": 1202573837,
                    "timesteps_left": 3,
                    "zone_from": 41,
                    "zone_to": 61
                },
                {
                    "req_id": 1805056358,
                    "timesteps_left": 5,
                    "zone_from": 29,
                    "zone_to": 47
                },
                {
                    "req_id": 299055298,
                    "timesteps_left": 5,
                    "zone_from": 18,
                    "zone_to": 8
                },
                {
                    "req_id": 1615683463,
                    "timesteps_left": 5,
                    "zone_from": 55,
                    "zone_to": 33
                },
                {
                    "req_id": 655789341,
                    "timesteps_left": 5,
                    "zone_from": 44,
                    "zone_to": 53
                },
                {
                    "req_id": 1380892806,
                    "timesteps_left": 5,
                    "zone_from": 41,
                    "zone_to": 62
                }
            ],
            "cars": []
        },
        {
            "t": 3,
            "reqs": [
                {
                    "req_id": 1451368263,
                    "timesteps_left": 3,
                    "zone_from": 47,
                    "zone_to": 29
                },
                {
                    "req_id": 1805056358,
                    "timesteps_left": 4,
                    "zone_from": 29,
                    "zone_to": 47
                },
                {
                    "req_id": 1586918788,
                    "timesteps_left": 2,
                    "zone_from": 55,
                    "zone_to": 56
                },
                {
                    "req_id": 1615683463,
                    "timesteps_left": 4,
                    "zone_from": 55,
                    "zone_to": 33
                },
                {
                    "req_id": 1202573837,
                    "timesteps_left": 2,
                    "zone_from": 41,
                    "zone_to": 61
                },
                {
                    "req_id": 1380892806,
                    "timesteps_left": 4,
                    "zone_from": 41,
                    "zone_to": 62
                },
                {
                    "req_id": 1824674892,
                    "timesteps_left": 3,
                    "zone_from": 41,
                    "zone_to": 37
                },
                {
                    "req_id": 299055298,
                    "timesteps_left": 4,
                    "zone_from": 18,
                    "zone_to": 8
                },
                {
                    "req_id": 1325731984,
                    "timesteps_left": 2,
                    "zone_from": 0,
                    "zone_to": 10
                },
                {
                    "req_id": 1420449020,
                    "timesteps_left": 2,
                    "zone_from": 13,
                    "zone_to": 41
                },
                {
                    "req_id": 1398071820,
                    "timesteps_left": 3,
                    "zone_from": 53,
                    "zone_to": 53
                },
                {
                    "req_id": 655789341,
                    "timesteps_left": 4,
                    "zone_from": 44,
                    "zone_to": 53
                },
                {
                    "req_id": 124162530,
                    "timesteps_left": 3,
                    "zone_from": 32,
                    "zone_to": 28
                },
                {
                    "req_id": 1318452809,
                    "timesteps_left": 3,
                    "zone_from": 45,
                    "zone_to": 46
                },
                {
                    "req_id": 1192338620,
                    "timesteps_left": 2,
                    "zone_from": 53,
                    "zone_to": 55
                },
                {
                    "req_id": 1446553384,
                    "timesteps_left": 5,
                    "zone_from": 48,
                    "zone_to": 13
                },
                {
                    "req_id": 1778184520,
                    "timesteps_left": 5,
                    "zone_from": 41,
                    "zone_to": 42
                },
                {
                    "req_id": 893232633,
                    "timesteps_left": 5,
                    "zone_from": 48,
                    "zone_to": 35
                },
                {
                    "req_id": 289708879,
                    "timesteps_left": 5,
                    "zone_from": 50,
                    "zone_to": 19
                },
                {
                    "req_id": 948831833,
                    "timesteps_left": 5,
                    "zone_from": 39,
                    "zone_to": 58
                }
            ],
            "cars": []
        },
        {
            "t": 4,
            "reqs": [
                {
                    "req_id": 1451368263,
                    "timesteps_left": 2,
                    "zone_from": 47,
                    "zone_to": 29
                },
                {
                    "req_id": 1805056358,
                    "timesteps_left": 3,
                    "zone_from": 29,
                    "zone_to": 47
                },
                {
                    "req_id": 893232633,
                    "timesteps_left": 4,
                    "zone_from": 48,
                    "zone_to": 35
                },
                {
                    "req_id": 289708879,
                    "timesteps_left": 4,
                    "zone_from": 50,
                    "zone_to": 19
                },
                {
                    "req_id": 1586918788,
                    "timesteps_left": 1,
                    "zone_from": 55,
                    "zone_to": 56
                },
                {
                    "req_id": 1615683463,
                    "timesteps_left": 3,
                    "zone_from": 55,
                    "zone_to": 33
                },
                {
                    "req_id": 299055298,
                    "timesteps_left": 3,
                    "zone_from": 18,
                    "zone_to": 8
                },
                {
                    "req_id": 948831833,
                    "timesteps_left": 4,
                    "zone_from": 39,
                    "zone_to": 58
                },
                {
                    "req_id": 1325731984,
                    "timesteps_left": 1,
                    "zone_from": 0,
                    "zone_to": 10
                },
                {
                    "req_id": 1420449020,
                    "timesteps_left": 1,
                    "zone_from": 13,
                    "zone_to": 41
                },
                {
                    "req_id": 1778184520,
                    "timesteps_left": 4,
                    "zone_from": 41,
                    "zone_to": 42
                },
                {
                    "req_id": 1202573837,
                    "timesteps_left": 1,
                    "zone_from": 41,
                    "zone_to": 61
                },
                {
                    "req_id": 1824674892,
                    "timesteps_left": 2,
                    "zone_from": 41,
                    "zone_to": 37
                },
                {
                    "req_id": 1380892806,
                    "timesteps_left": 3,
                    "zone_from": 41,
                    "zone_to": 62
                },
                {
                    "req_id": 1398071820,
                    "timesteps_left": 2,
                    "zone_from": 53,
                    "zone_to": 53
                },
                {
                    "req_id": 124162530,
                    "timesteps_left": 2,
                    "zone_from": 32,
                    "zone_to": 28
                },
                {
                    "req_id": 1318452809,
                    "timesteps_left": 2,
                    "zone_from": 45,
                    "zone_to": 46
                },
                {
                    "req_id": 655789341,
                    "timesteps_left": 3,
                    "zone_from": 44,
                    "zone_to": 53
                },
                {
                    "req_id": 1446553384,
                    "timesteps_left": 4,
                    "zone_from": 48,
                    "zone_to": 13
                },
                {
                    "req_id": 1192338620,
                    "timesteps_left": 1,
                    "zone_from": 53,
                    "zone_to": 55
                },
                {
                    "req_id": 153595584,
                    "timesteps_left": 5,
                    "zone_from": 51,
                    "zone_to": 10
                },
                {
                    "req_id": 1708958715,
                    "timesteps_left": 5,
                    "zone_from": 45,
                    "zone_to": 10
                },
                {
                    "req_id": 2036573402,
                    "timesteps_left": 5,
                    "zone_from": 32,
                    "zone_to": 35
                },
                {
                    "req_id": 374931128,
                    "timesteps_left": 5,
                    "zone_from": 48,
                    "zone_to": 41
                },
                {
                    "req_id": 1271408921,
                    "timesteps_left": 5,
                    "zone_from": 60,
                    "zone_to": 36
                }
            ],
            "cars": []
        },
        {
            "t": 5,
            "reqs": [
                {
                    "req_id": 289708879,
                    "timesteps_left": 3,
                    "zone_from": 50,
                    "zone_to": 19
                },
                {
                    "req_id": 948831833,
                    "timesteps_left": 3,
                    "zone_from": 39,
                    "zone_to": 58
                },
                {
                    "req_id": 893232633,
                    "timesteps_left": 3,
                    "zone_from": 48,
                    "zone_to": 35
                },
                {
                    "req_id": 2036573402,
                    "timesteps_left": 4,
                    "zone_from": 32,
                    "zone_to": 35
                },
                {
                    "req_id": 1586918788,
                    "timesteps_left": 0,
                    "zone_from": 55,
                    "zone_to": 56
                },
                {
                    "req_id": 1615683463,
                    "timesteps_left": 2,
                    "zone_from": 55,
                    "zone_to": 33
                },
                {
                    "req_id": 153595584,
                    "timesteps_left": 4,
                    "zone_from": 51,
                    "zone_to": 10
                },
                {
                    "req_id": 1708958715,
                    "timesteps_left": 4,
                    "zone_from": 45,
                    "zone_to": 10
                },
                {
                    "req_id": 1325731984,
                    "timesteps_left": 0,
                    "zone_from": 0,
                    "zone_to": 10
                },
                {
                    "req_id": 1420449020,
                    "timesteps_left": 0,
                    "zone_from": 13,
                    "zone_to": 41
                },
                {
                    "req_id": 1778184520,
                    "timesteps_left": 3,
                    "zone_from": 41,
                    "zone_to": 42
                },
                {
                    "req_id": 1202573837,
                    "timesteps_left": 0,
                    "zone_from": 41,
                    "zone_to": 61
                },
                {
                    "req_id": 1380892806,
                    "timesteps_left": 2,
                    "zone_from": 41,
                    "zone_to": 62
                },
                {
                    "req_id": 1824674892,
                    "timesteps_left": 1,
                    "zone_from": 41,
                    "zone_to": 37
                },
                {
                    "req_id": 1398071820,
                    "timesteps_left": 1,
                    "zone_from": 53,
                    "zone_to": 53
                },
                {
                    "req_id": 374931128,
                    "timesteps_left": 4,
                    "zone_from": 48,
                    "zone_to": 41
                },
                {
                    "req_id": 1271408921,
                    "timesteps_left": 4,
                    "zone_from": 60,
                    "zone_to": 36
                },
                {
                    "req_id": 299055298,
                    "timesteps_left": 2,
                    "zone_from": 18,
                    "zone_to": 8
                },
                {
                    "req_id": 1451368263,
                    "timesteps_left": 1,
                    "zone_from": 47,
                    "zone_to": 29
                },
                {
                    "req_id": 1805056358,
                    "timesteps_left": 2,
                    "zone_from": 29,
                    "zone_to": 47
                },
                {
                    "req_id": 124162530,
                    "timesteps_left": 1,
                    "zone_from": 32,
                    "zone_to": 28
                },
                {
                    "req_id": 1318452809,
                    "timesteps_left": 1,
                    "zone_from": 45,
                    "zone_to": 46
                },
                {
                    "req_id": 655789341,
                    "timesteps_left": 2,
                    "zone_from": 44,
                    "zone_to": 53
                },
                {
                    "req_id": 1446553384,
                    "timesteps_left": 3,
                    "zone_from": 48,
                    "zone_to": 13
                },
                {
                    "req_id": 1192338620,
                    "timesteps_left": 0,
                    "zone_from": 53,
                    "zone_to": 55
                },
                {
                    "req_id": 1759471102,
                    "timesteps_left": 5,
                    "zone_from": 2,
                    "zone_to": 45
                },
                {
                    "req_id": 1923662648,
                    "timesteps_left": 5,
                    "zone_from": 32,
                    "zone_to": 18
                },
                {
                    "req_id": 1079112776,
                    "timesteps_left": 5,
                    "zone_from": 53,
                    "zone_to": 27
                },
                {
                    "req_id": 711453138,
                    "timesteps_left": 5,
                    "zone_from": 23,
                    "zone_to": 2
                },
                {
                    "req_id": 1178462443,
                    "timesteps_left": 5,
                    "zone_from": 50,
                    "zone_to": 0
                }
            ],
            "cars": [
                {
                    "car_id": 327093061,
                    "n_reqs": 2,
                    "reqs_in_car": [
                        1586918788,
                        1615683463
                    ],
                    "path": [
                        55,
                        55,
                        33,
                        56
                    ],
                    "reward": 0.115176,
                    "icds": [
                        310,
                        0
                    ],
                    "dist_red": 1307.0
                },
                {
                    "car_id": 2095100074,
                    "n_reqs": 4,
                    "reqs_in_car": [
                        1708958715,
                        1325731984,
                        153595584,
                        2036573402
                    ],
                    "path": [
                        32,
                        0,
                        45,
                        51,
                        10,
                        10,
                        10,
                        35
                    ],
                    "reward": 0.77037,
                    "icds": [
                        149,
                        385,
                        0,
                        1232
                    ],
                    "dist_red": 8651.0
                },
                {
                    "car_id": 1661277085,
                    "n_reqs": 5,
                    "reqs_in_car": [
                        374931128,
                        1446553384,
                        1420449020,
                        1778184520,
                        1923662648
                    ],
                    "path": [
                        48,
                        48,
                        32,
                        13,
                        13,
                        18,
                        41,
                        41,
                        42,
                        41
                    ],
                    "reward": 1.21894,
                    "icds": [
                        1003,
                        322,
                        0,
                        0,
                        69
                    ],
                    "dist_red": 15188.0
                },
                {
                    "car_id": 313301280,
                    "n_reqs": 5,
                    "reqs_in_car": [
                        1202573837,
                        1380892806,
                        1824674892,
                        1398071820,
                        1079112776
                    ],
                    "path": [
                        41,
                        41,
                        41,
                        37,
                        53,
                        53,
                        53,
                        27,
                        61,
                        62
                    ],
                    "reward": 1.09141,
                    "icds": [
                        861,
                        1096,
                        0,
                        0,
                        0
                    ],
                    "dist_red": 8826.0
                }
            ]
        },
        {
            "t": 6,
            "reqs": [
                {
                    "req_id": 948831833,
                    "timesteps_left": 2,
                    "zone_from": 39,
                    "zone_to": 58
                },
                {
                    "req_id": 289708879,
                    "timesteps_left": 2,
                    "zone_from": 50,
                    "zone_to": 19
                },
                {
                    "req_id": 1178462443,
                    "timesteps_left": 4,
                    "zone_from": 50,
                    "zone_to": 0
                },
                {
                    "req_id": 893232633,
                    "timesteps_left": 2,
                    "zone_from": 48,
                    "zone_to": 35
                },
                {
                    "req_id": 1271408921,
                    "timesteps_left": 3,
                    "zone_from": 60,
                    "zone_to": 36
                },
                {
                    "req_id": 1805056358,
                    "timesteps_left": 1,
                    "zone_from": 29,
                    "zone_to": 47
                },
                {
                    "req_id": 1451368263,
                    "timesteps_left": 0,
                    "zone_from": 47,
                    "zone_to": 29
                },
                {
                    "req_id": 299055298,
                    "timesteps_left": 1,
                    "zone_from": 18,
                    "zone_to": 8
                },
                {
                    "req_id": 124162530,
                    "timesteps_left": 0,
                    "zone_from": 32,
                    "zone_to": 28
                },
                {
                    "req_id": 1318452809,
                    "timesteps_left": 0,
                    "zone_from": 45,
                    "zone_to": 46
                },
                {
                    "req_id": 655789341,
                    "timesteps_left": 1,
                    "zone_from": 44,
                    "zone_to": 53
                },
                {
                    "req_id": 1759471102,
                    "timesteps_left": 4,
                    "zone_from": 2,
                    "zone_to": 45
                },
                {
                    "req_id": 711453138,
                    "timesteps_left": 4,
                    "zone_from": 23,
                    "zone_to": 2
                },
                {
                    "req_id": 1300534345,
                    "timesteps_left": 5,
                    "zone_from": 13,
                    "zone_to": 37
                },
                {
                    "req_id": 364691543,
                    "timesteps_left": 5,
                    "zone_from": 42,
                    "zone_to": 6
                },
                {
                    "req_id": 1682759870,
                    "timesteps_left": 5,
                    "zone_from": 39,
                    "zone_to": 13
                },
                {
                    "req_id": 1649741127,
                    "timesteps_left": 5,
                    "zone_from": 13,
                    "zone_to": 20
                },
                {
                    "req_id": 1113034394,
                    "timesteps_left": 5,
                    "zone_from": 36,
                    "zone_to": 28
                }
            ],
            "cars": [
                {
                    "car_id": 785957571,
                    "n_reqs": 5,
                    "reqs_in_car": [
                        1318452809,
                        1300534345,
                        1271408921,
                        1759471102,
                        711453138
                    ],
                    "path": [
                        60,
                        23,
                        2,
                        2,
                        13,
                        45,
                        45,
                        46,
                        37,
                        36
                    ],
                    "reward": 0.800935,
                    "icds": [
                        0,
                        405,
                        2158,
                        89,
                        0
                    ],
                    "dist_red": 12010.0
                },
                {
                    "car_id": 701583302,
                    "n_reqs": 5,
                    "reqs_in_car": [
                        124162530,
                        1113034394,
                        299055298,
                        1451368263,
                        1805056358
                    ],
                    "path": [
                        32,
                        18,
                        47,
                        29,
                        29,
                        8,
                        47,
                        36,
                        28,
                        28
                    ],
                    "reward": 0.4735,
                    "icds": [
                        3705,
                        0,
                        784,
                        0,
                        0
                    ],
                    "dist_red": 4995.0
                }
            ]
        },
        {
            "t": 7,
            "reqs": [
                {
                    "req_id": 948831833,
                    "timesteps_left": 1,
                    "zone_from": 39,
                    "zone_to": 58
                },
                {
                    "req_id": 893232633,
                    "timesteps_left": 1,
                    "zone_from": 48,
                    "zone_to": 35
                },
                {
                    "req_id": 655789341,
                    "timesteps_left": 0,
                    "zone_from": 44,
                    "zone_to": 53
                },
                {
                    "req_id": 364691543,
                    "timesteps_left": 4,
                    "zone_from": 42,
                    "zone_to": 6
                },
                {
                    "req_id": 289708879,
                    "timesteps_left": 1,
                    "zone_from": 50,
                    "zone_to": 19
                },
                {
                    "req_id": 1178462443,
                    "timesteps_left": 3,
                    "zone_from": 50,
                    "zone_to": 0
                },
                {
                    "req_id": 1649741127,
                    "timesteps_left": 4,
                    "zone_from": 13,
                    "zone_to": 20
                },
                {
                    "req_id": 1682759870,
                    "timesteps_left": 4,
                    "zone_from": 39,
                    "zone_to": 13
                },
                {
                    "req_id": 1208827592,
                    "timesteps_left": 5,
                    "zone_from": 13,
                    "zone_to": 13
                },
                {
                    "req_id": 964360038,
                    "timesteps_left": 5,
                    "zone_from": 42,
                    "zone_to": 57
                },
                {
                    "req_id": 2126175305,
                    "timesteps_left": 5,
                    "zone_from": 51,
                    "zone_to": 38
                },
                {
                    "req_id": 842998639,
                    "timesteps_left": 5,
                    "zone_from": 39,
                    "zone_to": 45
                },
                {
                    "req_id": 460324461,
                    "timesteps_left": 5,
                    "zone_from": 28,
                    "zone_to": 38
                }
            ],
            "cars": [
                {
                    "car_id": 2077243883,
                    "n_reqs": 3,
                    "reqs_in_car": [
                        655789341,
                        2126175305,
                        893232633
                    ],
                    "path": [
                        44,
                        48,
                        35,
                        51,
                        38,
                        53
                    ],
                    "reward": 0.221702,
                    "icds": [
                        1676,
                        0,
                        0
                    ],
                    "dist_red": 1990.0
                }
            ]
        },
        {
            "t": 8,
            "reqs": [
                {
                    "req_id": 948831833,
                    "timesteps_left": 0,
                    "zone_from": 39,
                    "zone_to": 58
                },
                {
                    "req_id": 460324461,
                    "timesteps_left": 4,
                    "zone_from": 28,
                    "zone_to": 38
                },
                {
                    "req_id": 364691543,
                    "timesteps_left": 3,
                    "zone_from": 42,
                    "zone_to": 6
                },
                {
                    "req_id": 964360038,
                    "timesteps_left": 4,
                    "zone_from": 42,
                    "zone_to": 57
                },
                {
                    "req_id": 289708879,
                    "timesteps_left": 0,
                    "zone_from": 50,
                    "zone_to": 19
                },
                {
                    "req_id": 1178462443,
                    "timesteps_left": 2,
                    "zone_from": 50,
                    "zone_to": 0
                },
                {
                    "req_id": 1649741127,
                    "timesteps_left": 3,
                    "zone_from": 13,
                    "zone_to": 20
                },
                {
                    "req_id": 1682759870,
                    "timesteps_left": 3,
                    "zone_from": 39,
                    "zone_to": 13
                },
                {
                    "req_id": 842998639,
                    "timesteps_left": 4,
                    "zone_from": 39,
                    "zone_to": 45
                },
                {
                    "req_id": 1208827592,
                    "timesteps_left": 4,
                    "zone_from": 13,
                    "zone_to": 13
                },
                {
                    "req_id": 1709248399,
                    "timesteps_left": 5,
                    "zone_from": 6,
                    "zone_to": 55
                },
                {
                    "req_id": 1245429921,
                    "timesteps_left": 5,
                    "zone_from": 55,
                    "zone_to": 62
                },
                {
                    "req_id": 965671655,
                    "timesteps_left": 5,
                    "zone_from": 41,
                    "zone_to": 59
                },
                {
                    "req_id": 117340298,
                    "timesteps_left": 5,
                    "zone_from": 32,
                    "zone_to": 48
                },
                {
                    "req_id": 921196741,
                    "timesteps_left": 5,
                    "zone_from": 51,
                    "zone_to": 13
                }
            ],
            "cars": [
                {
                    "car_id": 1797979137,
                    "n_reqs": 4,
                    "reqs_in_car": [
                        1178462443,
                        965671655,
                        1649741127,
                        289708879
                    ],
                    "path": [
                        41,
                        50,
                        50,
                        0,
                        13,
                        20,
                        19,
                        59
                    ],
                    "reward": 0.503566,
                    "icds": [
                        0,
                        1156,
                        0,
                        771
                    ],
                    "dist_red": 4611.0
                }
            ]
        },
        {
            "t": 9,
            "reqs": [
                {
                    "req_id": 117340298,
                    "timesteps_left": 4,
                    "zone_from": 32,
                    "zone_to": 48
                },
                {
                    "req_id": 1682759870,
                    "timesteps_left": 2,
                    "zone_from": 39,
                    "zone_to": 13
                },
                {
                    "req_id": 842998639,
                    "timesteps_left": 3,
                    "zone_from": 39,
                    "zone_to": 45
                },
                {
                    "req_id": 1208827592,
                    "timesteps_left": 3,
                    "zone_from": 13,
                    "zone_to": 13
                },
                {
                    "req_id": 921196741,
                    "timesteps_left": 4,
                    "zone_from": 51,
                    "zone_to": 13
                },
                {
                    "req_id": 364691543,
                    "timesteps_left": 2,
                    "zone_from": 42,
                    "zone_to": 6
                },
                {
                    "req_id": 964360038,
                    "timesteps_left": 3,
                    "zone_from": 42,
                    "zone_to": 57
                },
                {
                    "req_id": 1709248399,
                    "timesteps_left": 4,
                    "zone_from": 6,
                    "zone_to": 55
                },
                {
                    "req_id": 1245429921,
                    "timesteps_left": 4,
                    "zone_from": 55,
                    "zone_to": 62
                },
                {
                    "req_id": 460324461,
                    "timesteps_left": 3,
                    "zone_from": 28,
                    "zone_to": 38
                },
                {
                    "req_id": 1273967443,
                    "timesteps_left": 5,
                    "zone_from": 13,
                    "zone_to": 59
                },
                {
                    "req_id": 1777342893,
                    "timesteps_left": 5,
                    "zone_from": 36,
                    "zone_to": 52
                },
                {
                    "req_id": 1472740546,
                    "timesteps_left": 5,
                    "zone_from": 18,
                    "zone_to": 20
                },
                {
                    "req_id": 955203894,
                    "timesteps_left": 5,
                    "zone_from": 19,
                    "zone_to": 60
                },
                {
                    "req_id": 1144300904,
                    "timesteps_left": 5,
                    "zone_from": 36,
                    "zone_to": 36
                }
            ],
            "cars": [
                {
                    "car_id": 1182725506,
                    "n_reqs": 2,
                    "reqs_in_car": [
                        1777342893,
                        1144300904
                    ],
                    "path": [
                        36,
                        36,
                        36,
                        52
                    ],
                    "reward": 0.166667,
                    "icds": [
                        0,
                        0
                    ],
                    "dist_red": 0.0
                },
                {
                    "car_id": 1588878842,
                    "n_reqs": 4,
                    "reqs_in_car": [
                        1682759870,
                        1208827592,
                        842998639,
                        921196741
                    ],
                    "path": [
                        39,
                        39,
                        51,
                        45,
                        13,
                        13,
                        13,
                        13
                    ],
                    "reward": 0.778063,
                    "icds": [
                        526,
                        0,
                        340,
                        293
                    ],
                    "dist_red": 5120.0
                },
                {
                    "car_id": 856489545,
                    "n_reqs": 5,
                    "reqs_in_car": [
                        364691543,
                        964360038,
                        1709248399,
                        1245429921,
                        460324461
                    ],
                    "path": [
                        42,
                        42,
                        6,
                        55,
                        55,
                        62,
                        28,
                        38,
                        6,
                        57
                    ],
                    "reward": 0.588749,
                    "icds": [
                        0,
                        2810,
                        0,
                        0,
                        0
                    ],
                    "dist_red": 3461.0
                }
            ]
        }
    ],
    "serv_rate": 44.0,
    "n_cars": 11,
    "avg_occ": 2.5,
    "dist_red": 66.159,
    "dist_red_perc": 15,
    "trip_red": 39.0,
    "trip_red_perc": 39,
    "kg_co2_red": 8,
    "icd_mean": 214
}