0,Alphabet City
1,Battery Park
2,Battery Park City
3,Bloomingdale
4,Central Harlem
5,Central Harlem North
6,Central Park
7,Chinatown
8,Clinton East
9,Clinton West
10,East Chelsea
11,East Harlem North
12,East Harlem South
13,East Village
14,Financial District North
15,Financial District South
16,Flatiron
17,Garment District
18,Gramercy
19,Greenwich Village North
20,Greenwich Village South
21,Hamilton Heights
22,Highbridge Park
23,Hudson Sq
24,Inwood
25,Inwood Hill Park
26,Kips Bay
27,Lenox Hill East
28,Lenox Hill West
29,Lincoln Square East
30,Lincoln Square West
31,Little Italy/NoLiTa
32,Lower East Side
33,Manhattan Valley
34,Manhattanville
35,Meatpacking/West Village West
36,Midtown Center
37,Midtown East
38,Midtown North
39,Midtown South
40,Morningside Heights
41,Murray Hill
42,Penn Station/Madison Sq West
43,Seaport
44,SoHo
45,Stuy Town/Peter Cooper Village
46,Sutton Place/Turtle Bay North
47,Times Sq/Theatre District
48,TriBeCa/Civic Center
49,Two Bridges/Seward Park
50,UN/Turtle Bay South
51,Union Sq
52,Upper East Side North
53,Upper East Side South
54,Upper West Side North
55,Upper West Side South
56,Washington Heights North
57,Washington Heights South
58,West Chelsea/Hudson Yards
59,West Village
60,World Trade Center
61,Yorkville East
62,Yorkville West
