{
    "timesteps": [
        {
            "t": 0,
            "reqs": [
                {
                    "req_id": 148831788,
                    "timesteps_left": 10,
                    "zone_from": 47,
                    "zone_to": 50
                },
                {
                    "req_id": 1547218781,
                    "timesteps_left": 10,
                    "zone_from": 52,
                    "zone_to": 62
                },
                {
                    "req_id": 106740352,
                    "timesteps_left": 10,
                    "zone_from": 39,
                    "zone_to": 61
                },
                {
                    "req_id": 414900723,
                    "timesteps_left": 10,
                    "zone_from": 32,
                    "zone_to": 42
                }
            ],
            "cars": []
        },
        {
            "t": 1,
            "reqs": [
                {
                    "req_id": 414900723,
                    "timesteps_left": 9,
                    "zone_from": 32,
                    "zone_to": 42
                },
                {
                    "req_id": 1547218781,
                    "timesteps_left": 9,
                    "zone_from": 52,
                    "zone_to": 62
                },
                {
                    "req_id": 106740352,
                    "timesteps_left": 9,
                    "zone_from": 39,
                    "zone_to": 61
                },
                {
                    "req_id": 148831788,
                    "timesteps_left": 9,
                    "zone_from": 47,
                    "zone_to": 50
                },
                {
                    "req_id": 1332257395,
                    "timesteps_left": 10,
                    "zone_from": 36,
                    "zone_to": 54
                },
                {
                    "req_id": 1966123221,
                    "timesteps_left": 10,
                    "zone_from": 51,
                    "zone_to": 48
                },
                {
                    "req_id": 551543522,
                    "timesteps_left": 10,
                    "zone_from": 39,
                    "zone_to": 17
                },
                {
                    "req_id": 1458058969,
                    "timesteps_left": 10,
                    "zone_from": 59,
                    "zone_to": 19
                }
            ],
            "cars": []
        },
        {
            "t": 2,
            "reqs": [
                {
                    "req_id": 1966123221,
                    "timesteps_left": 9,
                    "zone_from": 51,
                    "zone_to": 48
                },
                {
                    "req_id": 414900723,
                    "timesteps_left": 8,
                    "zone_from": 32,
                    "zone_to": 42
                },
                {
                    "req_id": 1458058969,
                    "timesteps_left": 9,
                    "zone_from": 59,
                    "zone_to": 19
                },
                {
                    "req_id": 1547218781,
                    "timesteps_left": 8,
                    "zone_from": 52,
                    "zone_to": 62
                },
                {
                    "req_id": 106740352,
                    "timesteps_left": 8,
                    "zone_from": 39,
                    "zone_to": 61
                },
                {
                    "req_id": 551543522,
                    "timesteps_left": 9,
                    "zone_from": 39,
                    "zone_to": 17
                },
                {
                    "req_id": 1332257395,
                    "timesteps_left": 9,
                    "zone_from": 36,
                    "zone_to": 54
                },
                {
                    "req_id": 148831788,
                    "timesteps_left": 8,
                    "zone_from": 47,
                    "zone_to": 50
                },
                {
                    "req_id": 1306575578,
                    "timesteps_left": 10,
                    "zone_from": 13,
                    "zone_to": 43
                },
                {
                    "req_id": 43576915,
                    "timesteps_left": 10,
                    "zone_from": 58,
                    "zone_to": 18
                },
                {
                    "req_id": 1003049073,
                    "timesteps_left": 10,
                    "zone_from": 44,
                    "zone_to": 32
                },
                {
                    "req_id": 1009071300,
                    "timesteps_left": 10,
                    "zone_from": 29,
                    "zone_to": 62
                }
            ],
            "cars": []
        },
        {
            "t": 3,
            "reqs": [
                {
                    "req_id": 1458058969,
                    "timesteps_left": 8,
                    "zone_from": 59,
                    "zone_to": 19
                },
                {
                    "req_id": 148831788,
                    "timesteps_left": 7,
                    "zone_from": 47,
                    "zone_to": 50
                },
                {
                    "req_id": 1966123221,
                    "timesteps_left": 8,
                    "zone_from": 51,
                    "zone_to": 48
                },
                {
                    "req_id": 414900723,
                    "timesteps_left": 7,
                    "zone_from": 32,
                    "zone_to": 42
                },
                {
                    "req_id": 1306575578,
                    "timesteps_left": 9,
                    "zone_from": 13,
                    "zone_to": 43
                },
                {
                    "req_id": 1003049073,
                    "timesteps_left": 9,
                    "zone_from": 44,
                    "zone_to": 32
                },
                {
                    "req_id": 43576915,
                    "timesteps_left": 9,
                    "zone_from": 58,
                    "zone_to": 18
                },
                {
                    "req_id": 1547218781,
                    "timesteps_left": 7,
                    "zone_from": 52,
                    "zone_to": 62
                },
                {
                    "req_id": 106740352,
                    "timesteps_left": 7,
                    "zone_from": 39,
                    "zone_to": 61
                },
                {
                    "req_id": 1009071300,
                    "timesteps_left": 9,
                    "zone_from": 29,
                    "zone_to": 62
                },
                {
                    "req_id": 551543522,
                    "timesteps_left": 8,
                    "zone_from": 39,
                    "zone_to": 17
                },
                {
                    "req_id": 1332257395,
                    "timesteps_left": 8,
                    "zone_from": 36,
                    "zone_to": 54
                },
                {
                    "req_id": 1898842405,
                    "timesteps_left": 10,
                    "zone_from": 53,
                    "zone_to": 53
                },
                {
                    "req_id": 503077628,
                    "timesteps_left": 10,
                    "zone_from": 33,
                    "zone_to": 29
                },
                {
                    "req_id": 1740804038,
                    "timesteps_left": 10,
                    "zone_from": 51,
                    "zone_to": 47
                },
                {
                    "req_id": 1599853112,
                    "timesteps_left": 10,
                    "zone_from": 29,
                    "zone_to": 13
                }
            ],
            "cars": []
        },
        {
            "t": 4,
            "reqs": [
                {
                    "req_id": 503077628,
                    "timesteps_left": 9,
                    "zone_from": 33,
                    "zone_to": 29
                },
                {
                    "req_id": 148831788,
                    "timesteps_left": 6,
                    "zone_from": 47,
                    "zone_to": 50
                },
                {
                    "req_id": 1332257395,
                    "timesteps_left": 7,
                    "zone_from": 36,
                    "zone_to": 54
                },
                {
                    "req_id": 43576915,
                    "timesteps_left": 8,
                    "zone_from": 58,
                    "zone_to": 18
                },
                {
                    "req_id": 1599853112,
                    "timesteps_left": 9,
                    "zone_from": 29,
                    "zone_to": 13
                },
                {
                    "req_id": 1458058969,
                    "timesteps_left": 7,
                    "zone_from": 59,
                    "zone_to": 19
                },
                {
                    "req_id": 1966123221,
                    "timesteps_left": 7,
                    "zone_from": 51,
                    "zone_to": 48
                },
                {
                    "req_id": 414900723,
                    "timesteps_left": 6,
                    "zone_from": 32,
                    "zone_to": 42
                },
                {
                    "req_id": 1306575578,
                    "timesteps_left": 8,
                    "zone_from": 13,
                    "zone_to": 43
                },
                {
                    "req_id": 1003049073,
                    "timesteps_left": 8,
                    "zone_from": 44,
                    "zone_to": 32
                },
                {
                    "req_id": 1740804038,
                    "timesteps_left": 9,
                    "zone_from": 51,
                    "zone_to": 47
                },
                {
                    "req_id": 1547218781,
                    "timesteps_left": 6,
                    "zone_from": 52,
                    "zone_to": 62
                },
                {
                    "req_id": 1009071300,
                    "timesteps_left": 8,
                    "zone_from": 29,
                    "zone_to": 62
                },
                {
                    "req_id": 106740352,
                    "timesteps_left": 6,
                    "zone_from": 39,
                    "zone_to": 61
                },
                {
                    "req_id": 551543522,
                    "timesteps_left": 7,
                    "zone_from": 39,
                    "zone_to": 17
                },
                {
                    "req_id": 1898842405,
                    "timesteps_left": 9,
                    "zone_from": 53,
                    "zone_to": 53
                },
                {
                    "req_id": 611091138,
                    "timesteps_left": 10,
                    "zone_from": 8,
                    "zone_to": 13
                },
                {
                    "req_id": 693838878,
                    "timesteps_left": 10,
                    "zone_from": 51,
                    "zone_to": 41
                },
                {
                    "req_id": 665750601,
                    "timesteps_left": 10,
                    "zone_from": 55,
                    "zone_to": 54
                },
                {
                    "req_id": 670738667,
                    "timesteps_left": 10,
                    "zone_from": 61,
                    "zone_to": 11
                }
            ],
            "cars": []
        },
        {
            "t": 5,
            "reqs": [
                {
                    "req_id": 503077628,
                    "timesteps_left": 8,
                    "zone_from": 33,
                    "zone_to": 29
                },
                {
                    "req_id": 670738667,
                    "timesteps_left": 9,
                    "zone_from": 61,
                    "zone_to": 11
                },
                {
                    "req_id": 1332257395,
                    "timesteps_left": 6,
                    "zone_from": 36,
                    "zone_to": 54
                },
                {
                    "req_id": 665750601,
                    "timesteps_left": 9,
                    "zone_from": 55,
                    "zone_to": 54
                },
                {
                    "req_id": 1740804038,
                    "timesteps_left": 8,
                    "zone_from": 51,
                    "zone_to": 47
                },
                {
                    "req_id": 693838878,
                    "timesteps_left": 9,
                    "zone_from": 51,
                    "zone_to": 41
                },
                {
                    "req_id": 148831788,
                    "timesteps_left": 5,
                    "zone_from": 47,
                    "zone_to": 50
                },
                {
                    "req_id": 1599853112,
                    "timesteps_left": 8,
                    "zone_from": 29,
                    "zone_to": 13
                },
                {
                    "req_id": 611091138,
                    "timesteps_left": 9,
                    "zone_from": 8,
                    "zone_to": 13
                },
                {
                    "req_id": 43576915,
                    "timesteps_left": 7,
                    "zone_from": 58,
                    "zone_to": 18
                },
                {
                    "req_id": 1458058969,
                    "timesteps_left": 6,
                    "zone_from": 59,
                    "zone_to": 19
                },
                {
                    "req_id": 1966123221,
                    "timesteps_left": 6,
                    "zone_from": 51,
                    "zone_to": 48
                },
                {
                    "req_id": 414900723,
                    "timesteps_left": 5,
                    "zone_from": 32,
                    "zone_to": 42
                },
                {
                    "req_id": 1306575578,
                    "timesteps_left": 7,
                    "zone_from": 13,
                    "zone_to": 43
                },
                {
                    "req_id": 1003049073,
                    "timesteps_left": 7,
                    "zone_from": 44,
                    "zone_to": 32
                },
                {
                    "req_id": 1547218781,
                    "timesteps_left": 5,
                    "zone_from": 52,
                    "zone_to": 62
                },
                {
                    "req_id": 106740352,
                    "timesteps_left": 5,
                    "zone_from": 39,
                    "zone_to": 61
                },
                {
                    "req_id": 1898842405,
                    "timesteps_left": 8,
                    "zone_from": 53,
                    "zone_to": 53
                },
                {
                    "req_id": 1009071300,
                    "timesteps_left": 7,
                    "zone_from": 29,
                    "zone_to": 62
                },
                {
                    "req_id": 551543522,
                    "timesteps_left": 6,
                    "zone_from": 39,
                    "zone_to": 17
                },
                {
                    "req_id": 1137544923,
                    "timesteps_left": 10,
                    "zone_from": 50,
                    "zone_to": 2
                },
                {
                    "req_id": 1399234726,
                    "timesteps_left": 10,
                    "zone_from": 51,
                    "zone_to": 29
                },
                {
                    "req_id": 555119443,
                    "timesteps_left": 10,
                    "zone_from": 11,
                    "zone_to": 47
                },
                {
                    "req_id": 632233225,
                    "timesteps_left": 10,
                    "zone_from": 18,
                    "zone_to": 33
                }
            ],
            "cars": []
        },
        {
            "t": 6,
            "reqs": [
                {
                    "req_id": 670738667,
                    "timesteps_left": 8,
                    "zone_from": 61,
                    "zone_to": 11
                },
                {
                    "req_id": 503077628,
                    "timesteps_left": 7,
                    "zone_from": 33,
                    "zone_to": 29
                },
                {
                    "req_id": 555119443,
                    "timesteps_left": 9,
                    "zone_from": 11,
                    "zone_to": 47
                },
                {
                    "req_id": 148831788,
                    "timesteps_left": 4,
                    "zone_from": 47,
                    "zone_to": 50
                },
                {
                    "req_id": 1740804038,
                    "timesteps_left": 7,
                    "zone_from": 51,
                    "zone_to": 47
                },
                {
                    "req_id": 414900723,
                    "timesteps_left": 4,
                    "zone_from": 32,
                    "zone_to": 42
                },
                {
                    "req_id": 1003049073,
                    "timesteps_left": 6,
                    "zone_from": 44,
                    "zone_to": 32
                },
                {
                    "req_id": 1599853112,
                    "timesteps_left": 7,
                    "zone_from": 29,
                    "zone_to": 13
                },
                {
                    "req_id": 611091138,
                    "timesteps_left": 8,
                    "zone_from": 8,
                    "zone_to": 13
                },
                {
                    "req_id": 43576915,
                    "timesteps_left": 6,
                    "zone_from": 58,
                    "zone_to": 18
                },
                {
                    "req_id": 1966123221,
                    "timesteps_left": 5,
                    "zone_from": 51,
                    "zone_to": 48
                },
                {
                    "req_id": 1137544923,
                    "timesteps_left": 9,
                    "zone_from": 50,
                    "zone_to": 2
                },
                {
                    "req_id": 1458058969,
                    "timesteps_left": 5,
                    "zone_from": 59,
                    "zone_to": 19
                },
                {
                    "req_id": 1306575578,
                    "timesteps_left": 6,
                    "zone_from": 13,
                    "zone_to": 43
                },
                {
                    "req_id": 1332257395,
                    "timesteps_left": 5,
                    "zone_from": 36,
                    "zone_to": 54
                },
                {
                    "req_id": 632233225,
                    "timesteps_left": 9,
                    "zone_from": 18,
                    "zone_to": 33
                },
                {
                    "req_id": 1399234726,
                    "timesteps_left": 9,
                    "zone_from": 51,
                    "zone_to": 29
                },
                {
                    "req_id": 693838878,
                    "timesteps_left": 8,
                    "zone_from": 51,
                    "zone_to": 41
                },
                {
                    "req_id": 665750601,
                    "timesteps_left": 8,
                    "zone_from": 55,
                    "zone_to": 54
                },
                {
                    "req_id": 1547218781,
                    "timesteps_left": 4,
                    "zone_from": 52,
                    "zone_to": 62
                },
                {
                    "req_id": 106740352,
                    "timesteps_left": 4,
                    "zone_from": 39,
                    "zone_to": 61
                },
                {
                    "req_id": 1898842405,
                    "timesteps_left": 7,
                    "zone_from": 53,
                    "zone_to": 53
                },
                {
                    "req_id": 1009071300,
                    "timesteps_left": 6,
                    "zone_from": 29,
                    "zone_to": 62
                },
                {
                    "req_id": 551543522,
                    "timesteps_left": 5,
                    "zone_from": 39,
                    "zone_to": 17
                },
                {
                    "req_id": 552379005,
                    "timesteps_left": 10,
                    "zone_from": 13,
                    "zone_to": 47
                },
                {
                    "req_id": 657180570,
                    "timesteps_left": 10,
                    "zone_from": 51,
                    "zone_to": 44
                },
                {
                    "req_id": 1190505222,
                    "timesteps_left": 10,
                    "zone_from": 59,
                    "zone_to": 46
                },
                {
                    "req_id": 402029583,
                    "timesteps_left": 10,
                    "zone_from": 46,
                    "zone_to": 28
                }
            ],
            "cars": []
        },
        {
            "t": 7,
            "reqs": [
                {
                    "req_id": 1332257395,
                    "timesteps_left": 4,
                    "zone_from": 36,
                    "zone_to": 54
                },
                {
                    "req_id": 632233225,
                    "timesteps_left": 8,
                    "zone_from": 18,
                    "zone_to": 33
                },
                {
                    "req_id": 665750601,
                    "timesteps_left": 7,
                    "zone_from": 55,
                    "zone_to": 54
                },
                {
                    "req_id": 555119443,
                    "timesteps_left": 8,
                    "zone_from": 11,
                    "zone_to": 47
                },
                {
                    "req_id": 148831788,
                    "timesteps_left": 3,
                    "zone_from": 47,
                    "zone_to": 50
                },
                {
                    "req_id": 503077628,
                    "timesteps_left": 6,
                    "zone_from": 33,
                    "zone_to": 29
                },
                {
                    "req_id": 1599853112,
                    "timesteps_left": 6,
                    "zone_from": 29,
                    "zone_to": 13
                },
                {
                    "req_id": 670738667,
                    "timesteps_left": 7,
                    "zone_from": 61,
                    "zone_to": 11
                },
                {
                    "req_id": 1740804038,
                    "timesteps_left": 6,
                    "zone_from": 51,
                    "zone_to": 47
                },
                {
                    "req_id": 552379005,
                    "timesteps_left": 9,
                    "zone_from": 13,
                    "zone_to": 47
                },
                {
                    "req_id": 414900723,
                    "timesteps_left": 3,
                    "zone_from": 32,
                    "zone_to": 42
                },
                {
                    "req_id": 657180570,
                    "timesteps_left": 9,
                    "zone_from": 51,
                    "zone_to": 44
                },
                {
                    "req_id": 1003049073,
                    "timesteps_left": 5,
                    "zone_from": 44,
                    "zone_to": 32
                },
                {
                    "req_id": 1966123221,
                    "timesteps_left": 4,
                    "zone_from": 51,
                    "zone_to": 48
                },
                {
                    "req_id": 1137544923,
                    "timesteps_left": 8,
                    "zone_from": 50,
                    "zone_to": 2
                },
                {
                    "req_id": 1306575578,
                    "timesteps_left": 5,
                    "zone_from": 13,
                    "zone_to": 43
                },
                {
                    "req_id": 43576915,
                    "timesteps_left": 5,
                    "zone_from": 58,
                    "zone_to": 18
                },
                {
                    "req_id": 611091138,
                    "timesteps_left": 7,
                    "zone_from": 8,
                    "zone_to": 13
                },
                {
                    "req_id": 693838878,
                    "timesteps_left": 7,
                    "zone_from": 51,
                    "zone_to": 41
                },
                {
                    "req_id": 1190505222,
                    "timesteps_left": 9,
                    "zone_from": 59,
                    "zone_to": 46
                },
                {
                    "req_id": 1458058969,
                    "timesteps_left": 4,
                    "zone_from": 59,
                    "zone_to": 19
                },
                {
                    "req_id": 1399234726,
                    "timesteps_left": 8,
                    "zone_from": 51,
                    "zone_to": 29
                },
                {
                    "req_id": 402029583,
                    "timesteps_left": 9,
                    "zone_from": 46,
                    "zone_to": 28
                },
                {
                    "req_id": 1547218781,
                    "timesteps_left": 3,
                    "zone_from": 52,
                    "zone_to": 62
                },
                {
                    "req_id": 106740352,
                    "timesteps_left": 3,
                    "zone_from": 39,
                    "zone_to": 61
                },
                {
                    "req_id": 1898842405,
                    "timesteps_left": 6,
                    "zone_from": 53,
                    "zone_to": 53
                },
                {
                    "req_id": 551543522,
                    "timesteps_left": 4,
                    "zone_from": 39,
                    "zone_to": 17
                },
                {
                    "req_id": 1009071300,
                    "timesteps_left": 5,
                    "zone_from": 29,
                    "zone_to": 62
                },
                {
                    "req_id": 1086999933,
                    "timesteps_left": 10,
                    "zone_from": 55,
                    "zone_to": 33
                },
                {
                    "req_id": 2115771895,
                    "timesteps_left": 10,
                    "zone_from": 36,
                    "zone_to": 50
                },
                {
                    "req_id": 139116306,
                    "timesteps_left": 10,
                    "zone_from": 32,
                    "zone_to": 14
                },
                {
                    "req_id": 2078337818,
                    "timesteps_left": 10,
                    "zone_from": 57,
                    "zone_to": 57
                }
            ],
            "cars": []
        },
        {
            "t": 8,
            "reqs": [
                {
                    "req_id": 670738667,
                    "timesteps_left": 6,
                    "zone_from": 61,
                    "zone_to": 11
                },
                {
                    "req_id": 2078337818,
                    "timesteps_left": 9,
                    "zone_from": 57,
                    "zone_to": 57
                },
                {
                    "req_id": 555119443,
                    "timesteps_left": 7,
                    "zone_from": 11,
                    "zone_to": 47
                },
                {
                    "req_id": 503077628,
                    "timesteps_left": 5,
                    "zone_from": 33,
                    "zone_to": 29
                },
                {
                    "req_id": 1599853112,
                    "timesteps_left": 5,
                    "zone_from": 29,
                    "zone_to": 13
                },
                {
                    "req_id": 611091138,
                    "timesteps_left": 6,
                    "zone_from": 8,
                    "zone_to": 13
                },
                {
                    "req_id": 43576915,
                    "timesteps_left": 4,
                    "zone_from": 58,
                    "zone_to": 18
                },
                {
                    "req_id": 657180570,
                    "timesteps_left": 8,
                    "zone_from": 51,
                    "zone_to": 44
                },
                {
                    "req_id": 1966123221,
                    "timesteps_left": 3,
                    "zone_from": 51,
                    "zone_to": 48
                },
                {
                    "req_id": 1137544923,
                    "timesteps_left": 7,
                    "zone_from": 50,
                    "zone_to": 2
                },
                {
                    "req_id": 1306575578,
                    "timesteps_left": 4,
                    "zone_from": 13,
                    "zone_to": 43
                },
                {
                    "req_id": 139116306,
                    "timesteps_left": 9,
                    "zone_from": 32,
                    "zone_to": 14
                },
                {
                    "req_id": 1003049073,
                    "timesteps_left": 4,
                    "zone_from": 44,
                    "zone_to": 32
                },
                {
                    "req_id": 665750601,
                    "timesteps_left": 6,
                    "zone_from": 55,
                    "zone_to": 54
                },
                {
                    "req_id": 1086999933,
                    "timesteps_left": 9,
                    "zone_from": 55,
                    "zone_to": 33
                },
                {
                    "req_id": 632233225,
                    "timesteps_left": 7,
                    "zone_from": 18,
                    "zone_to": 33
                },
                {
                    "req_id": 1332257395,
                    "timesteps_left": 3,
                    "zone_from": 36,
                    "zone_to": 54
                },
                {
                    "req_id": 552379005,
                    "timesteps_left": 8,
                    "zone_from": 13,
                    "zone_to": 47
                },
                {
                    "req_id": 414900723,
                    "timesteps_left": 2,
                    "zone_from": 32,
                    "zone_to": 42
                },
                {
                    "req_id": 1740804038,
                    "timesteps_left": 5,
                    "zone_from": 51,
                    "zone_to": 47
                },
                {
                    "req_id": 148831788,
                    "timesteps_left": 2,
                    "zone_from": 47,
                    "zone_to": 50
                },
                {
                    "req_id": 2115771895,
                    "timesteps_left": 9,
                    "zone_from": 36,
                    "zone_to": 50
                },
                {
                    "req_id": 693838878,
                    "timesteps_left": 6,
                    "zone_from": 51,
                    "zone_to": 41
                },
                {
                    "req_id": 1190505222,
                    "timesteps_left": 8,
                    "zone_from": 59,
                    "zone_to": 46
                },
                {
                    "req_id": 1458058969,
                    "timesteps_left": 3,
                    "zone_from": 59,
                    "zone_to": 19
                },
                {
                    "req_id": 1399234726,
                    "timesteps_left": 7,
                    "zone_from": 51,
                    "zone_to": 29
                },
                {
                    "req_id": 402029583,
                    "timesteps_left": 8,
                    "zone_from": 46,
                    "zone_to": 28
                },
                {
                    "req_id": 106740352,
                    "timesteps_left": 2,
                    "zone_from": 39,
                    "zone_to": 61
                },
                {
                    "req_id": 1898842405,
                    "timesteps_left": 5,
                    "zone_from": 53,
                    "zone_to": 53
                },
                {
                    "req_id": 1547218781,
                    "timesteps_left": 2,
                    "zone_from": 52,
                    "zone_to": 62
                },
                {
                    "req_id": 1009071300,
                    "timesteps_left": 4,
                    "zone_from": 29,
                    "zone_to": 62
                },
                {
                    "req_id": 551543522,
                    "timesteps_left": 3,
                    "zone_from": 39,
                    "zone_to": 17
                },
                {
                    "req_id": 2043858477,
                    "timesteps_left": 10,
                    "zone_from": 30,
                    "zone_to": 9
                },
                {
                    "req_id": 1048384744,
                    "timesteps_left": 10,
                    "zone_from": 13,
                    "zone_to": 13
                },
                {
                    "req_id": 1509701234,
                    "timesteps_left": 10,
                    "zone_from": 33,
                    "zone_to": 61
                },
                {
                    "req_id": 2071711994,
                    "timesteps_left": 10,
                    "zone_from": 31,
                    "zone_to": 13
                }
            ],
            "cars": []
        },
        {
            "t": 9,
            "reqs": [
                {
                    "req_id": 2078337818,
                    "timesteps_left": 8,
                    "zone_from": 57,
                    "zone_to": 57
                },
                {
                    "req_id": 1306575578,
                    "timesteps_left": 3,
                    "zone_from": 13,
                    "zone_to": 43
                },
                {
                    "req_id": 139116306,
                    "timesteps_left": 8,
                    "zone_from": 32,
                    "zone_to": 14
                },
                {
                    "req_id": 1003049073,
                    "timesteps_left": 3,
                    "zone_from": 44,
                    "zone_to": 32
                },
                {
                    "req_id": 632233225,
                    "timesteps_left": 6,
                    "zone_from": 18,
                    "zone_to": 33
                },
                {
                    "req_id": 1332257395,
                    "timesteps_left": 2,
                    "zone_from": 36,
                    "zone_to": 54
                },
                {
                    "req_id": 665750601,
                    "timesteps_left": 5,
                    "zone_from": 55,
                    "zone_to": 54
                },
                {
                    "req_id": 1086999933,
                    "timesteps_left": 8,
                    "zone_from": 55,
                    "zone_to": 33
                },
                {
                    "req_id": 552379005,
                    "timesteps_left": 7,
                    "zone_from": 13,
                    "zone_to": 47
                },
                {
                    "req_id": 1740804038,
                    "timesteps_left": 4,
                    "zone_from": 51,
                    "zone_to": 47
                },
                {
                    "req_id": 414900723,
                    "timesteps_left": 1,
                    "zone_from": 32,
                    "zone_to": 42
                },
                {
                    "req_id": 2071711994,
                    "timesteps_left": 9,
                    "zone_from": 31,
                    "zone_to": 13
                },
                {
                    "req_id": 106740352,
                    "timesteps_left": 1,
                    "zone_from": 39,
                    "zone_to": 61
                },
                {
                    "req_id": 1547218781,
                    "timesteps_left": 1,
                    "zone_from": 52,
                    "zone_to": 62
                },
                {
                    "req_id": 1009071300,
                    "timesteps_left": 3,
                    "zone_from": 29,
                    "zone_to": 62
                },
                {
                    "req_id": 551543522,
                    "timesteps_left": 2,
                    "zone_from": 39,
                    "zone_to": 17
                },
                {
                    "req_id": 555119443,
                    "timesteps_left": 6,
                    "zone_from": 11,
                    "zone_to": 47
                },
                {
                    "req_id": 1898842405,
                    "timesteps_left": 4,
                    "zone_from": 53,
                    "zone_to": 53
                },
                {
                    "req_id": 503077628,
                    "timesteps_left": 4,
                    "zone_from": 33,
                    "zone_to": 29
                },
                {
                    "req_id": 1509701234,
                    "timesteps_left": 9,
                    "zone_from": 33,
                    "zone_to": 61
                },
                {
                    "req_id": 670738667,
                    "timesteps_left": 5,
                    "zone_from": 61,
                    "zone_to": 11
                },
                {
                    "req_id": 1599853112,
                    "timesteps_left": 4,
                    "zone_from": 29,
                    "zone_to": 13
                },
                {
                    "req_id": 611091138,
                    "timesteps_left": 5,
                    "zone_from": 8,
                    "zone_to": 13
                },
                {
                    "req_id": 43576915,
                    "timesteps_left": 3,
                    "zone_from": 58,
                    "zone_to": 18
                },
                {
                    "req_id": 1048384744,
                    "timesteps_left": 9,
                    "zone_from": 13,
                    "zone_to": 13
                },
                {
                    "req_id": 2043858477,
                    "timesteps_left": 9,
                    "zone_from": 30,
                    "zone_to": 9
                },
                {
                    "req_id": 657180570,
                    "timesteps_left": 7,
                    "zone_from": 51,
                    "zone_to": 44
                },
                {
                    "req_id": 1966123221,
                    "timesteps_left": 2,
                    "zone_from": 51,
                    "zone_to": 48
                },
                {
                    "req_id": 1137544923,
                    "timesteps_left": 6,
                    "zone_from": 50,
                    "zone_to": 2
                },
                {
                    "req_id": 2115771895,
                    "timesteps_left": 8,
                    "zone_from": 36,
                    "zone_to": 50
                },
                {
                    "req_id": 148831788,
                    "timesteps_left": 1,
                    "zone_from": 47,
                    "zone_to": 50
                },
                {
                    "req_id": 693838878,
                    "timesteps_left": 5,
                    "zone_from": 51,
                    "zone_to": 41
                },
                {
                    "req_id": 1190505222,
                    "timesteps_left": 7,
                    "zone_from": 59,
                    "zone_to": 46
                },
                {
                    "req_id": 1458058969,
                    "timesteps_left": 2,
                    "zone_from": 59,
                    "zone_to": 19
                },
                {
                    "req_id": 1399234726,
                    "timesteps_left": 6,
                    "zone_from": 51,
                    "zone_to": 29
                },
                {
                    "req_id": 402029583,
                    "timesteps_left": 7,
                    "zone_from": 46,
                    "zone_to": 28
                },
                {
                    "req_id": 791776998,
                    "timesteps_left": 10,
                    "zone_from": 51,
                    "zone_to": 18
                },
                {
                    "req_id": 190610757,
                    "timesteps_left": 10,
                    "zone_from": 47,
                    "zone_to": 41
                },
                {
                    "req_id": 2061773912,
                    "timesteps_left": 10,
                    "zone_from": 53,
                    "zone_to": 8
                },
                {
                    "req_id": 541752703,
                    "timesteps_left": 10,
                    "zone_from": 59,
                    "zone_to": 52
                }
            ],
            "cars": [
                {
                    "car_id": 1304372409,
                    "n_reqs": 2,
                    "reqs_in_car": [
                        657180570,
                        1966123221
                    ],
                    "path": [
                        51,
                        51,
                        44,
                        48
                    ],
                    "reward": 0.598442,
                    "icds": [
                        0,
                        144
                    ],
                    "dist_red": 2341.0
                },
                {
                    "car_id": 513977608,
                    "n_reqs": 3,
                    "reqs_in_car": [
                        148831788,
                        190610757,
                        2115771895
                    ],
                    "path": [
                        36,
                        47,
                        47,
                        41,
                        50,
                        50
                    ],
                    "reward": 0.988639,
                    "icds": [
                        138,
                        0,
                        592
                    ],
                    "dist_red": 2688.0
                },
                {
                    "car_id": 672478180,
                    "n_reqs": 4,
                    "reqs_in_car": [
                        106740352,
                        1547218781,
                        1009071300,
                        551543522
                    ],
                    "path": [
                        39,
                        39,
                        17,
                        29,
                        52,
                        62,
                        62,
                        61
                    ],
                    "reward": 1.33509,
                    "icds": [
                        1222,
                        0,
                        16,
                        0
                    ],
                    "dist_red": 4794.0
                },
                {
                    "car_id": 1891504882,
                    "n_reqs": 5,
                    "reqs_in_car": [
                        139116306,
                        1137544923,
                        1306575578,
                        1003049073,
                        2071711994
                    ],
                    "path": [
                        50,
                        44,
                        31,
                        32,
                        32,
                        13,
                        13,
                        43,
                        14,
                        2
                    ],
                    "reward": 1.13851,
                    "icds": [
                        635,
                        3048,
                        0,
                        205,
                        273
                    ],
                    "dist_red": 4952.0
                },
                {
                    "car_id": 1366684722,
                    "n_reqs": 5,
                    "reqs_in_car": [
                        632233225,
                        1332257395,
                        1399234726,
                        665750601,
                        1086999933
                    ],
                    "path": [
                        18,
                        51,
                        36,
                        29,
                        55,
                        55,
                        54,
                        54,
                        33,
                        33
                    ],
                    "reward": 2.13517,
                    "icds": [
                        1721,
                        459,
                        491,
                        0,
                        138
                    ],
                    "dist_red": 15268.0
                },
                {
                    "car_id": 910905646,
                    "n_reqs": 5,
                    "reqs_in_car": [
                        693838878,
                        791776998,
                        414900723,
                        552379005,
                        1740804038
                    ],
                    "path": [
                        32,
                        13,
                        51,
                        51,
                        51,
                        18,
                        41,
                        47,
                        47,
                        42
                    ],
                    "reward": 1.90516,
                    "icds": [
                        0,
                        0,
                        1810,
                        957,
                        537
                    ],
                    "dist_red": 9876.0
                },
                {
                    "car_id": 1302581655,
                    "n_reqs": 5,
                    "reqs_in_car": [
                        555119443,
                        503077628,
                        2061773912,
                        1509701234,
                        670738667
                    ],
                    "path": [
                        33,
                        33,
                        61,
                        61,
                        11,
                        11,
                        53,
                        47,
                        8,
                        29
                    ],
                    "reward": 1.19267,
                    "icds": [
                        579,
                        3829,
                        320,
                        0,
                        0
                    ],
                    "dist_red": 5228.0
                },
                {
                    "car_id": 148539629,
                    "n_reqs": 5,
                    "reqs_in_car": [
                        1190505222,
                        541752703,
                        1458058969,
                        1898842405,
                        402029583
                    ],
                    "path": [
                        59,
                        59,
                        59,
                        19,
                        46,
                        46,
                        28,
                        53,
                        53,
                        52
                    ],
                    "reward": 2.10222,
                    "icds": [
                        168,
                        802,
                        0,
                        0,
                        0
                    ],
                    "dist_red": 10225.0
                },
                {
                    "car_id": 562500209,
                    "n_reqs": 5,
                    "reqs_in_car": [
                        1599853112,
                        611091138,
                        1048384744,
                        43576915,
                        2043858477
                    ],
                    "path": [
                        29,
                        30,
                        9,
                        8,
                        58,
                        18,
                        13,
                        13,
                        13,
                        13
                    ],
                    "reward": 1.99143,
                    "icds": [
                        1157,
                        236,
                        0,
                        0,
                        0
                    ],
                    "dist_red": 8320.0
                }
            ]
        }
    ],
    "serv_rate": 97.5,
    "n_cars": 9,
    "avg_occ": 2.333333333333334,
    "dist_red": 63.692,
    "dist_red_perc": 15,
    "trip_red": 30,
    "trip_red_perc": 30,
    "kg_co2_red": 8,
    "icd_mean": 196
}