{
    "timesteps": [
        {
            "t": 0,
            "reqs": [
                {
                    "req_id": 2128153073,
                    "timesteps_left": 5,
                    "zone_from": 38,
                    "zone_to": 55
                },
                {
                    "req_id": 830670753,
                    "timesteps_left": 5,
                    "zone_from": 53,
                    "zone_to": 52
                },
                {
                    "req_id": 1004084712,
                    "timesteps_left": 5,
                    "zone_from": 50,
                    "zone_to": 59
                },
                {
                    "req_id": 1254200033,
                    "timesteps_left": 5,
                    "zone_from": 30,
                    "zone_to": 18
                },
                {
                    "req_id": 672670692,
                    "timesteps_left": 5,
                    "zone_from": 47,
                    "zone_to": 51
                },
                {
                    "req_id": 1732683789,
                    "timesteps_left": 5,
                    "zone_from": 48,
                    "zone_to": 39
                },
                {
                    "req_id": 1061748715,
                    "timesteps_left": 5,
                    "zone_from": 51,
                    "zone_to": 59
                },
                {
                    "req_id": 1073218481,
                    "timesteps_left": 5,
                    "zone_from": 40,
                    "zone_to": 50
                }
            ],
            "cars": []
        },
        {
            "t": 1,
            "reqs": [
                {
                    "req_id": 2128153073,
                    "timesteps_left": 4,
                    "zone_from": 38,
                    "zone_to": 55
                },
                {
                    "req_id": 1732683789,
                    "timesteps_left": 4,
                    "zone_from": 48,
                    "zone_to": 39
                },
                {
                    "req_id": 1254200033,
                    "timesteps_left": 4,
                    "zone_from": 30,
                    "zone_to": 18
                },
                {
                    "req_id": 1073218481,
                    "timesteps_left": 4,
                    "zone_from": 40,
                    "zone_to": 50
                },
                {
                    "req_id": 830670753,
                    "timesteps_left": 4,
                    "zone_from": 53,
                    "zone_to": 52
                },
                {
                    "req_id": 1004084712,
                    "timesteps_left": 4,
                    "zone_from": 50,
                    "zone_to": 59
                },
                {
                    "req_id": 1061748715,
                    "timesteps_left": 4,
                    "zone_from": 51,
                    "zone_to": 59
                },
                {
                    "req_id": 672670692,
                    "timesteps_left": 4,
                    "zone_from": 47,
                    "zone_to": 51
                },
                {
                    "req_id": 759991338,
                    "timesteps_left": 5,
                    "zone_from": 14,
                    "zone_to": 41
                },
                {
                    "req_id": 398814058,
                    "timesteps_left": 5,
                    "zone_from": 38,
                    "zone_to": 53
                },
                {
                    "req_id": 1075144345,
                    "timesteps_left": 5,
                    "zone_from": 47,
                    "zone_to": 2
                },
                {
                    "req_id": 1347356079,
                    "timesteps_left": 5,
                    "zone_from": 44,
                    "zone_to": 48
                },
                {
                    "req_id": 509544504,
                    "timesteps_left": 5,
                    "zone_from": 41,
                    "zone_to": 39
                },
                {
                    "req_id": 1167556151,
                    "timesteps_left": 5,
                    "zone_from": 18,
                    "zone_to": 13
                },
                {
                    "req_id": 1193564641,
                    "timesteps_left": 5,
                    "zone_from": 8,
                    "zone_to": 54
                },
                {
                    "req_id": 1785266252,
                    "timesteps_left": 5,
                    "zone_from": 16,
                    "zone_to": 41
                }
            ],
            "cars": []
        },
        {
            "t": 2,
            "reqs": [
                {
                    "req_id": 1254200033,
                    "timesteps_left": 3,
                    "zone_from": 30,
                    "zone_to": 18
                },
                {
                    "req_id": 1073218481,
                    "timesteps_left": 3,
                    "zone_from": 40,
                    "zone_to": 50
                },
                {
                    "req_id": 1167556151,
                    "timesteps_left": 4,
                    "zone_from": 18,
                    "zone_to": 13
                },
                {
                    "req_id": 2128153073,
                    "timesteps_left": 3,
                    "zone_from": 38,
                    "zone_to": 55
                },
                {
                    "req_id": 1193564641,
                    "timesteps_left": 4,
                    "zone_from": 8,
                    "zone_to": 54
                },
                {
                    "req_id": 398814058,
                    "timesteps_left": 4,
                    "zone_from": 38,
                    "zone_to": 53
                },
                {
                    "req_id": 830670753,
                    "timesteps_left": 3,
                    "zone_from": 53,
                    "zone_to": 52
                },
                {
                    "req_id": 1732683789,
                    "timesteps_left": 3,
                    "zone_from": 48,
                    "zone_to": 39
                },
                {
                    "req_id": 759991338,
                    "timesteps_left": 4,
                    "zone_from": 14,
                    "zone_to": 41
                },
                {
                    "req_id": 509544504,
                    "timesteps_left": 4,
                    "zone_from": 41,
                    "zone_to": 39
                },
                {
                    "req_id": 1785266252,
                    "timesteps_left": 4,
                    "zone_from": 16,
                    "zone_to": 41
                },
                {
                    "req_id": 1004084712,
                    "timesteps_left": 3,
                    "zone_from": 50,
                    "zone_to": 59
                },
                {
                    "req_id": 1061748715,
                    "timesteps_left": 3,
                    "zone_from": 51,
                    "zone_to": 59
                },
                {
                    "req_id": 672670692,
                    "timesteps_left": 3,
                    "zone_from": 47,
                    "zone_to": 51
                },
                {
                    "req_id": 1075144345,
                    "timesteps_left": 4,
                    "zone_from": 47,
                    "zone_to": 2
                },
                {
                    "req_id": 1347356079,
                    "timesteps_left": 4,
                    "zone_from": 44,
                    "zone_to": 48
                },
                {
                    "req_id": 2050305542,
                    "timesteps_left": 5,
                    "zone_from": 18,
                    "zone_to": 13
                },
                {
                    "req_id": 1201321134,
                    "timesteps_left": 5,
                    "zone_from": 15,
                    "zone_to": 18
                },
                {
                    "req_id": 1781310675,
                    "timesteps_left": 5,
                    "zone_from": 28,
                    "zone_to": 20
                },
                {
                    "req_id": 175781362,
                    "timesteps_left": 5,
                    "zone_from": 62,
                    "zone_to": 11
                },
                {
                    "req_id": 152979604,
                    "timesteps_left": 5,
                    "zone_from": 31,
                    "zone_to": 16
                },
                {
                    "req_id": 786812800,
                    "timesteps_left": 5,
                    "zone_from": 9,
                    "zone_to": 32
                },
                {
                    "req_id": 151489306,
                    "timesteps_left": 5,
                    "zone_from": 58,
                    "zone_to": 40
                },
                {
                    "req_id": 1032396079,
                    "timesteps_left": 5,
                    "zone_from": 9,
                    "zone_to": 32
                }
            ],
            "cars": []
        },
        {
            "t": 3,
            "reqs": [
                {
                    "req_id": 175781362,
                    "timesteps_left": 4,
                    "zone_from": 62,
                    "zone_to": 11
                },
                {
                    "req_id": 1193564641,
                    "timesteps_left": 3,
                    "zone_from": 8,
                    "zone_to": 54
                },
                {
                    "req_id": 151489306,
                    "timesteps_left": 4,
                    "zone_from": 58,
                    "zone_to": 40
                },
                {
                    "req_id": 759991338,
                    "timesteps_left": 3,
                    "zone_from": 14,
                    "zone_to": 41
                },
                {
                    "req_id": 1201321134,
                    "timesteps_left": 4,
                    "zone_from": 15,
                    "zone_to": 18
                },
                {
                    "req_id": 1004084712,
                    "timesteps_left": 2,
                    "zone_from": 50,
                    "zone_to": 59
                },
                {
                    "req_id": 1781310675,
                    "timesteps_left": 4,
                    "zone_from": 28,
                    "zone_to": 20
                },
                {
                    "req_id": 1073218481,
                    "timesteps_left": 2,
                    "zone_from": 40,
                    "zone_to": 50
                },
                {
                    "req_id": 2128153073,
                    "timesteps_left": 2,
                    "zone_from": 38,
                    "zone_to": 55
                },
                {
                    "req_id": 398814058,
                    "timesteps_left": 3,
                    "zone_from": 38,
                    "zone_to": 53
                },
                {
                    "req_id": 830670753,
                    "timesteps_left": 2,
                    "zone_from": 53,
                    "zone_to": 52
                },
                {
                    "req_id": 1732683789,
                    "timesteps_left": 2,
                    "zone_from": 48,
                    "zone_to": 39
                },
                {
                    "req_id": 152979604,
                    "timesteps_left": 4,
                    "zone_from": 31,
                    "zone_to": 16
                },
                {
                    "req_id": 509544504,
                    "timesteps_left": 3,
                    "zone_from": 41,
                    "zone_to": 39
                },
                {
                    "req_id": 1785266252,
                    "timesteps_left": 3,
                    "zone_from": 16,
                    "zone_to": 41
                },
                {
                    "req_id": 672670692,
                    "timesteps_left": 2,
                    "zone_from": 47,
                    "zone_to": 51
                },
                {
                    "req_id": 1075144345,
                    "timesteps_left": 3,
                    "zone_from": 47,
                    "zone_to": 2
                },
                {
                    "req_id": 1061748715,
                    "timesteps_left": 2,
                    "zone_from": 51,
                    "zone_to": 59
                },
                {
                    "req_id": 1347356079,
                    "timesteps_left": 3,
                    "zone_from": 44,
                    "zone_to": 48
                },
                {
                    "req_id": 786812800,
                    "timesteps_left": 4,
                    "zone_from": 9,
                    "zone_to": 32
                },
                {
                    "req_id": 1032396079,
                    "timesteps_left": 4,
                    "zone_from": 9,
                    "zone_to": 32
                },
                {
                    "req_id": 1167556151,
                    "timesteps_left": 3,
                    "zone_from": 18,
                    "zone_to": 13
                },
                {
                    "req_id": 2050305542,
                    "timesteps_left": 4,
                    "zone_from": 18,
                    "zone_to": 13
                },
                {
                    "req_id": 1254200033,
                    "timesteps_left": 2,
                    "zone_from": 30,
                    "zone_to": 18
                },
                {
                    "req_id": 687188804,
                    "timesteps_left": 5,
                    "zone_from": 47,
                    "zone_to": 60
                },
                {
                    "req_id": 1190736682,
                    "timesteps_left": 5,
                    "zone_from": 13,
                    "zone_to": 28
                },
                {
                    "req_id": 453950259,
                    "timesteps_left": 5,
                    "zone_from": 54,
                    "zone_to": 42
                },
                {
                    "req_id": 999230327,
                    "timesteps_left": 5,
                    "zone_from": 54,
                    "zone_to": 9
                },
                {
                    "req_id": 1342216430,
                    "timesteps_left": 5,
                    "zone_from": 28,
                    "zone_to": 18
                },
                {
                    "req_id": 1157257553,
                    "timesteps_left": 5,
                    "zone_from": 27,
                    "zone_to": 61
                },
                {
                    "req_id": 1590792366,
                    "timesteps_left": 5,
                    "zone_from": 41,
                    "zone_to": 31
                },
                {
                    "req_id": 2121163565,
                    "timesteps_left": 5,
                    "zone_from": 47,
                    "zone_to": 62
                }
            ],
            "cars": []
        },
        {
            "t": 4,
            "reqs": [
                {
                    "req_id": 175781362,
                    "timesteps_left": 3,
                    "zone_from": 62,
                    "zone_to": 11
                },
                {
                    "req_id": 2128153073,
                    "timesteps_left": 1,
                    "zone_from": 38,
                    "zone_to": 55
                },
                {
                    "req_id": 1157257553,
                    "timesteps_left": 4,
                    "zone_from": 27,
                    "zone_to": 61
                },
                {
                    "req_id": 1193564641,
                    "timesteps_left": 2,
                    "zone_from": 8,
                    "zone_to": 54
                },
                {
                    "req_id": 151489306,
                    "timesteps_left": 3,
                    "zone_from": 58,
                    "zone_to": 40
                },
                {
                    "req_id": 1004084712,
                    "timesteps_left": 1,
                    "zone_from": 50,
                    "zone_to": 59
                },
                {
                    "req_id": 1061748715,
                    "timesteps_left": 1,
                    "zone_from": 51,
                    "zone_to": 59
                },
                {
                    "req_id": 453950259,
                    "timesteps_left": 4,
                    "zone_from": 54,
                    "zone_to": 42
                },
                {
                    "req_id": 999230327,
                    "timesteps_left": 4,
                    "zone_from": 54,
                    "zone_to": 9
                },
                {
                    "req_id": 1073218481,
                    "timesteps_left": 1,
                    "zone_from": 40,
                    "zone_to": 50
                },
                {
                    "req_id": 830670753,
                    "timesteps_left": 1,
                    "zone_from": 53,
                    "zone_to": 52
                },
                {
                    "req_id": 2121163565,
                    "timesteps_left": 4,
                    "zone_from": 47,
                    "zone_to": 62
                },
                {
                    "req_id": 398814058,
                    "timesteps_left": 2,
                    "zone_from": 38,
                    "zone_to": 53
                },
                {
                    "req_id": 1075144345,
                    "timesteps_left": 2,
                    "zone_from": 47,
                    "zone_to": 2
                },
                {
                    "req_id": 687188804,
                    "timesteps_left": 4,
                    "zone_from": 47,
                    "zone_to": 60
                },
                {
                    "req_id": 1347356079,
                    "timesteps_left": 2,
                    "zone_from": 44,
                    "zone_to": 48
                },
                {
                    "req_id": 672670692,
                    "timesteps_left": 1,
                    "zone_from": 47,
                    "zone_to": 51
                },
                {
                    "req_id": 759991338,
                    "timesteps_left": 2,
                    "zone_from": 14,
                    "zone_to": 41
                },
                {
                    "req_id": 1201321134,
                    "timesteps_left": 3,
                    "zone_from": 15,
                    "zone_to": 18
                },
                {
                    "req_id": 509544504,
                    "timesteps_left": 2,
                    "zone_from": 41,
                    "zone_to": 39
                },
                {
                    "req_id": 1732683789,
                    "timesteps_left": 1,
                    "zone_from": 48,
                    "zone_to": 39
                },
                {
                    "req_id": 1785266252,
                    "timesteps_left": 2,
                    "zone_from": 16,
                    "zone_to": 41
                },
                {
                    "req_id": 1781310675,
                    "timesteps_left": 3,
                    "zone_from": 28,
                    "zone_to": 20
                },
                {
                    "req_id": 1342216430,
                    "timesteps_left": 4,
                    "zone_from": 28,
                    "zone_to": 18
                },
                {
                    "req_id": 1167556151,
                    "timesteps_left": 2,
                    "zone_from": 18,
                    "zone_to": 13
                },
                {
                    "req_id": 2050305542,
                    "timesteps_left": 3,
                    "zone_from": 18,
                    "zone_to": 13
                },
                {
                    "req_id": 1190736682,
                    "timesteps_left": 4,
                    "zone_from": 13,
                    "zone_to": 28
                },
                {
                    "req_id": 786812800,
                    "timesteps_left": 3,
                    "zone_from": 9,
                    "zone_to": 32
                },
                {
                    "req_id": 1590792366,
                    "timesteps_left": 4,
                    "zone_from": 41,
                    "zone_to": 31
                },
                {
                    "req_id": 1254200033,
                    "timesteps_left": 1,
                    "zone_from": 30,
                    "zone_to": 18
                },
                {
                    "req_id": 152979604,
                    "timesteps_left": 3,
                    "zone_from": 31,
                    "zone_to": 16
                },
                {
                    "req_id": 1032396079,
                    "timesteps_left": 3,
                    "zone_from": 9,
                    "zone_to": 32
                },
                {
                    "req_id": 971053498,
                    "timesteps_left": 5,
                    "zone_from": 41,
                    "zone_to": 15
                },
                {
                    "req_id": 1936114949,
                    "timesteps_left": 5,
                    "zone_from": 33,
                    "zone_to": 52
                },
                {
                    "req_id": 1710481668,
                    "timesteps_left": 5,
                    "zone_from": 55,
                    "zone_to": 8
                },
                {
                    "req_id": 1102804286,
                    "timesteps_left": 5,
                    "zone_from": 13,
                    "zone_to": 13
                },
                {
                    "req_id": 2075414237,
                    "timesteps_left": 5,
                    "zone_from": 46,
                    "zone_to": 13
                },
                {
                    "req_id": 163957358,
                    "timesteps_left": 5,
                    "zone_from": 47,
                    "zone_to": 9
                },
                {
                    "req_id": 1978361735,
                    "timesteps_left": 5,
                    "zone_from": 44,
                    "zone_to": 15
                },
                {
                    "req_id": 1859905954,
                    "timesteps_left": 5,
                    "zone_from": 29,
                    "zone_to": 33
                }
            ],
            "cars": []
        },
        {
            "t": 5,
            "reqs": [
                {
                    "req_id": 175781362,
                    "timesteps_left": 2,
                    "zone_from": 62,
                    "zone_to": 11
                },
                {
                    "req_id": 1157257553,
                    "timesteps_left": 3,
                    "zone_from": 27,
                    "zone_to": 61
                },
                {
                    "req_id": 453950259,
                    "timesteps_left": 3,
                    "zone_from": 54,
                    "zone_to": 42
                },
                {
                    "req_id": 999230327,
                    "timesteps_left": 3,
                    "zone_from": 54,
                    "zone_to": 9
                },
                {
                    "req_id": 1347356079,
                    "timesteps_left": 1,
                    "zone_from": 44,
                    "zone_to": 48
                },
                {
                    "req_id": 1978361735,
                    "timesteps_left": 4,
                    "zone_from": 44,
                    "zone_to": 15
                },
                {
                    "req_id": 2121163565,
                    "timesteps_left": 3,
                    "zone_from": 47,
                    "zone_to": 62
                },
                {
                    "req_id": 398814058,
                    "timesteps_left": 1,
                    "zone_from": 38,
                    "zone_to": 53
                },
                {
                    "req_id": 830670753,
                    "timesteps_left": 0,
                    "zone_from": 53,
                    "zone_to": 52
                },
                {
                    "req_id": 1167556151,
                    "timesteps_left": 1,
                    "zone_from": 18,
                    "zone_to": 13
                },
                {
                    "req_id": 2050305542,
                    "timesteps_left": 2,
                    "zone_from": 18,
                    "zone_to": 13
                },
                {
                    "req_id": 1102804286,
                    "timesteps_left": 4,
                    "zone_from": 13,
                    "zone_to": 13
                },
                {
                    "req_id": 1193564641,
                    "timesteps_left": 1,
                    "zone_from": 8,
                    "zone_to": 54
                },
                {
                    "req_id": 151489306,
                    "timesteps_left": 2,
                    "zone_from": 58,
                    "zone_to": 40
                },
                {
                    "req_id": 1859905954,
                    "timesteps_left": 4,
                    "zone_from": 29,
                    "zone_to": 33
                },
                {
                    "req_id": 2128153073,
                    "timesteps_left": 0,
                    "zone_from": 38,
                    "zone_to": 55
                },
                {
                    "req_id": 1075144345,
                    "timesteps_left": 1,
                    "zone_from": 47,
                    "zone_to": 2
                },
                {
                    "req_id": 687188804,
                    "timesteps_left": 3,
                    "zone_from": 47,
                    "zone_to": 60
                },
                {
                    "req_id": 1061748715,
                    "timesteps_left": 0,
                    "zone_from": 51,
                    "zone_to": 59
                },
                {
                    "req_id": 672670692,
                    "timesteps_left": 0,
                    "zone_from": 47,
                    "zone_to": 51
                },
                {
                    "req_id": 1073218481,
                    "timesteps_left": 0,
                    "zone_from": 40,
                    "zone_to": 50
                },
                {
                    "req_id": 1936114949,
                    "timesteps_left": 4,
                    "zone_from": 33,
                    "zone_to": 52
                },
                {
                    "req_id": 1342216430,
                    "timesteps_left": 3,
                    "zone_from": 28,
                    "zone_to": 18
                },
                {
                    "req_id": 1781310675,
                    "timesteps_left": 2,
                    "zone_from": 28,
                    "zone_to": 20
                },
                {
                    "req_id": 1004084712,
                    "timesteps_left": 0,
                    "zone_from": 50,
                    "zone_to": 59
                },
                {
                    "req_id": 759991338,
                    "timesteps_left": 1,
                    "zone_from": 14,
                    "zone_to": 41
                },
                {
                    "req_id": 152979604,
                    "timesteps_left": 2,
                    "zone_from": 31,
                    "zone_to": 16
                },
                {
                    "req_id": 1785266252,
                    "timesteps_left": 1,
                    "zone_from": 16,
                    "zone_to": 41
                },
                {
                    "req_id": 509544504,
                    "timesteps_left": 1,
                    "zone_from": 41,
                    "zone_to": 39
                },
                {
                    "req_id": 1732683789,
                    "timesteps_left": 0,
                    "zone_from": 48,
                    "zone_to": 39
                },
                {
                    "req_id": 1590792366,
                    "timesteps_left": 3,
                    "zone_from": 41,
                    "zone_to": 31
                },
                {
                    "req_id": 971053498,
                    "timesteps_left": 4,
                    "zone_from": 41,
                    "zone_to": 15
                },
                {
                    "req_id": 1201321134,
                    "timesteps_left": 2,
                    "zone_from": 15,
                    "zone_to": 18
                },
                {
                    "req_id": 1254200033,
                    "timesteps_left": 0,
                    "zone_from": 30,
                    "zone_to": 18
                },
                {
                    "req_id": 1710481668,
                    "timesteps_left": 4,
                    "zone_from": 55,
                    "zone_to": 8
                },
                {
                    "req_id": 786812800,
                    "timesteps_left": 2,
                    "zone_from": 9,
                    "zone_to": 32
                },
                {
                    "req_id": 1032396079,
                    "timesteps_left": 2,
                    "zone_from": 9,
                    "zone_to": 32
                },
                {
                    "req_id": 2075414237,
                    "timesteps_left": 4,
                    "zone_from": 46,
                    "zone_to": 13
                },
                {
                    "req_id": 163957358,
                    "timesteps_left": 4,
                    "zone_from": 47,
                    "zone_to": 9
                },
                {
                    "req_id": 1190736682,
                    "timesteps_left": 3,
                    "zone_from": 13,
                    "zone_to": 28
                },
                {
                    "req_id": 374359364,
                    "timesteps_left": 5,
                    "zone_from": 19,
                    "zone_to": 48
                },
                {
                    "req_id": 296202816,
                    "timesteps_left": 5,
                    "zone_from": 48,
                    "zone_to": 34
                },
                {
                    "req_id": 437802184,
                    "timesteps_left": 5,
                    "zone_from": 53,
                    "zone_to": 8
                },
                {
                    "req_id": 1459284270,
                    "timesteps_left": 5,
                    "zone_from": 48,
                    "zone_to": 13
                },
                {
                    "req_id": 1097652149,
                    "timesteps_left": 5,
                    "zone_from": 9,
                    "zone_to": 41
                },
                {
                    "req_id": 1679596022,
                    "timesteps_left": 5,
                    "zone_from": 38,
                    "zone_to": 55
                },
                {
                    "req_id": 1257737229,
                    "timesteps_left": 5,
                    "zone_from": 61,
                    "zone_to": 27
                },
                {
                    "req_id": 117977959,
                    "timesteps_left": 5,
                    "zone_from": 55,
                    "zone_to": 8
                }
            ],
            "cars": [
                {
                    "car_id": 1979372173,
                    "n_reqs": 2,
                    "reqs_in_car": [
                        2128153073,
                        2128153073
                    ],
                    "path": [
                        38,
                        38,
                        55,
                        55
                    ],
                    "reward": 0.5,
                    "icds": [
                        0,
                        0
                    ],
                    "dist_red": 3874.0
                },
                {
                    "car_id": 732992785,
                    "n_reqs": 3,
                    "reqs_in_car": [
                        2121163565,
                        830670753,
                        398814058
                    ],
                    "path": [
                        47,
                        38,
                        53,
                        53,
                        52,
                        62
                    ],
                    "reward": 0.62162,
                    "icds": [
                        252,
                        0,
                        0
                    ],
                    "dist_red": 3121.0
                },
                {
                    "car_id": 611334890,
                    "n_reqs": 4,
                    "reqs_in_car": [
                        1073218481,
                        1936114949,
                        1157257553,
                        1257737229
                    ],
                    "path": [
                        40,
                        33,
                        52,
                        27,
                        61,
                        61,
                        27,
                        50
                    ],
                    "reward": 0.647345,
                    "icds": [
                        1357,
                        0,
                        0,
                        0
                    ],
                    "dist_red": 4926.0
                },
                {
                    "car_id": 1205440850,
                    "n_reqs": 4,
                    "reqs_in_car": [
                        1075144345,
                        672670692,
                        374359364,
                        1347356079
                    ],
                    "path": [
                        47,
                        47,
                        51,
                        19,
                        44,
                        48,
                        48,
                        2
                    ],
                    "reward": 0.893011,
                    "icds": [
                        962,
                        0,
                        0,
                        0
                    ],
                    "dist_red": 6625.0
                },
                {
                    "car_id": 432187746,
                    "n_reqs": 4,
                    "reqs_in_car": [
                        1342216430,
                        1781310675,
                        1061748715,
                        1004084712
                    ],
                    "path": [
                        28,
                        28,
                        50,
                        18,
                        51,
                        59,
                        59,
                        20
                    ],
                    "reward": 0.850648,
                    "icds": [
                        324,
                        1244,
                        0,
                        126
                    ],
                    "dist_red": 11488.0
                },
                {
                    "car_id": 1574591289,
                    "n_reqs": 5,
                    "reqs_in_car": [
                        759991338,
                        1201321134,
                        509544504,
                        1732683789,
                        1978361735
                    ],
                    "path": [
                        48,
                        44,
                        14,
                        15,
                        15,
                        18,
                        41,
                        41,
                        39,
                        39
                    ],
                    "reward": 0.861276,
                    "icds": [
                        455,
                        0,
                        0,
                        1789,
                        203
                    ],
                    "dist_red": 11389.0
                },
                {
                    "car_id": 1355422892,
                    "n_reqs": 5,
                    "reqs_in_car": [
                        687188804,
                        971053498,
                        1785266252,
                        1254200033,
                        163957358
                    ],
                    "path": [
                        47,
                        47,
                        9,
                        30,
                        16,
                        18,
                        41,
                        41,
                        15,
                        60
                    ],
                    "reward": 0.805924,
                    "icds": [
                        2575,
                        0,
                        7,
                        156,
                        0
                    ],
                    "dist_red": 8842.0
                }
            ]
        },
        {
            "t": 6,
            "reqs": [
                {
                    "req_id": 175781362,
                    "timesteps_left": 1,
                    "zone_from": 62,
                    "zone_to": 11
                },
                {
                    "req_id": 2075414237,
                    "timesteps_left": 3,
                    "zone_from": 46,
                    "zone_to": 13
                },
                {
                    "req_id": 151489306,
                    "timesteps_left": 1,
                    "zone_from": 58,
                    "zone_to": 40
                },
                {
                    "req_id": 1859905954,
                    "timesteps_left": 3,
                    "zone_from": 29,
                    "zone_to": 33
                },
                {
                    "req_id": 1167556151,
                    "timesteps_left": 0,
                    "zone_from": 18,
                    "zone_to": 13
                },
                {
                    "req_id": 2050305542,
                    "timesteps_left": 1,
                    "zone_from": 18,
                    "zone_to": 13
                },
                {
                    "req_id": 1102804286,
                    "timesteps_left": 3,
                    "zone_from": 13,
                    "zone_to": 13
                },
                {
                    "req_id": 1710481668,
                    "timesteps_left": 3,
                    "zone_from": 55,
                    "zone_to": 8
                },
                {
                    "req_id": 117977959,
                    "timesteps_left": 4,
                    "zone_from": 55,
                    "zone_to": 8
                },
                {
                    "req_id": 453950259,
                    "timesteps_left": 2,
                    "zone_from": 54,
                    "zone_to": 42
                },
                {
                    "req_id": 999230327,
                    "timesteps_left": 2,
                    "zone_from": 54,
                    "zone_to": 9
                },
                {
                    "req_id": 1193564641,
                    "timesteps_left": 0,
                    "zone_from": 8,
                    "zone_to": 54
                },
                {
                    "req_id": 296202816,
                    "timesteps_left": 4,
                    "zone_from": 48,
                    "zone_to": 34
                },
                {
                    "req_id": 1459284270,
                    "timesteps_left": 4,
                    "zone_from": 48,
                    "zone_to": 13
                },
                {
                    "req_id": 437802184,
                    "timesteps_left": 4,
                    "zone_from": 53,
                    "zone_to": 8
                },
                {
                    "req_id": 1190736682,
                    "timesteps_left": 2,
                    "zone_from": 13,
                    "zone_to": 28
                },
                {
                    "req_id": 786812800,
                    "timesteps_left": 1,
                    "zone_from": 9,
                    "zone_to": 32
                },
                {
                    "req_id": 1032396079,
                    "timesteps_left": 1,
                    "zone_from": 9,
                    "zone_to": 32
                },
                {
                    "req_id": 1097652149,
                    "timesteps_left": 4,
                    "zone_from": 9,
                    "zone_to": 41
                },
                {
                    "req_id": 1590792366,
                    "timesteps_left": 2,
                    "zone_from": 41,
                    "zone_to": 31
                },
                {
                    "req_id": 152979604,
                    "timesteps_left": 1,
                    "zone_from": 31,
                    "zone_to": 16
                },
                {
                    "req_id": 386456633,
                    "timesteps_left": 5,
                    "zone_from": 51,
                    "zone_to": 31
                },
                {
                    "req_id": 256759315,
                    "timesteps_left": 5,
                    "zone_from": 41,
                    "zone_to": 14
                },
                {
                    "req_id": 1406568891,
                    "timesteps_left": 5,
                    "zone_from": 20,
                    "zone_to": 2
                },
                {
                    "req_id": 633977318,
                    "timesteps_left": 5,
                    "zone_from": 36,
                    "zone_to": 30
                },
                {
                    "req_id": 415734554,
                    "timesteps_left": 5,
                    "zone_from": 13,
                    "zone_to": 55
                },
                {
                    "req_id": 259164748,
                    "timesteps_left": 5,
                    "zone_from": 13,
                    "zone_to": 19
                },
                {
                    "req_id": 1012559036,
                    "timesteps_left": 5,
                    "zone_from": 37,
                    "zone_to": 28
                },
                {
                    "req_id": 420548018,
                    "timesteps_left": 5,
                    "zone_from": 38,
                    "zone_to": 58
                }
            ],
            "cars": [
                {
                    "car_id": 2099962051,
                    "n_reqs": 3,
                    "reqs_in_car": [
                        1167556151,
                        1167556151,
                        1102804286
                    ],
                    "path": [
                        18,
                        18,
                        13,
                        13,
                        13,
                        13
                    ],
                    "reward": 0.833333,
                    "icds": [
                        0,
                        0,
                        0
                    ],
                    "dist_red": 1765.0
                },
                {
                    "car_id": 306381872,
                    "n_reqs": 5,
                    "reqs_in_car": [
                        1190736682,
                        415734554,
                        437802184,
                        1193564641,
                        633977318
                    ],
                    "path": [
                        13,
                        13,
                        28,
                        53,
                        36,
                        8,
                        8,
                        30,
                        54,
                        55
                    ],
                    "reward": 0.79579,
                    "icds": [
                        0,
                        1838,
                        225,
                        159,
                        114
                    ],
                    "dist_red": 10412.0
                }
            ]
        },
        {
            "t": 7,
            "reqs": [
                {
                    "req_id": 175781362,
                    "timesteps_left": 0,
                    "zone_from": 62,
                    "zone_to": 11
                },
                {
                    "req_id": 1859905954,
                    "timesteps_left": 2,
                    "zone_from": 29,
                    "zone_to": 33
                },
                {
                    "req_id": 386456633,
                    "timesteps_left": 4,
                    "zone_from": 51,
                    "zone_to": 31
                },
                {
                    "req_id": 2075414237,
                    "timesteps_left": 2,
                    "zone_from": 46,
                    "zone_to": 13
                },
                {
                    "req_id": 259164748,
                    "timesteps_left": 4,
                    "zone_from": 13,
                    "zone_to": 19
                },
                {
                    "req_id": 256759315,
                    "timesteps_left": 4,
                    "zone_from": 41,
                    "zone_to": 14
                },
                {
                    "req_id": 1406568891,
                    "timesteps_left": 4,
                    "zone_from": 20,
                    "zone_to": 2
                },
                {
                    "req_id": 1710481668,
                    "timesteps_left": 2,
                    "zone_from": 55,
                    "zone_to": 8
                },
                {
                    "req_id": 117977959,
                    "timesteps_left": 3,
                    "zone_from": 55,
                    "zone_to": 8
                },
                {
                    "req_id": 453950259,
                    "timesteps_left": 1,
                    "zone_from": 54,
                    "zone_to": 42
                },
                {
                    "req_id": 999230327,
                    "timesteps_left": 1,
                    "zone_from": 54,
                    "zone_to": 9
                },
                {
                    "req_id": 151489306,
                    "timesteps_left": 0,
                    "zone_from": 58,
                    "zone_to": 40
                },
                {
                    "req_id": 296202816,
                    "timesteps_left": 3,
                    "zone_from": 48,
                    "zone_to": 34
                },
                {
                    "req_id": 1459284270,
                    "timesteps_left": 3,
                    "zone_from": 48,
                    "zone_to": 13
                },
                {
                    "req_id": 420548018,
                    "timesteps_left": 4,
                    "zone_from": 38,
                    "zone_to": 58
                },
                {
                    "req_id": 1012559036,
                    "timesteps_left": 4,
                    "zone_from": 37,
                    "zone_to": 28
                },
                {
                    "req_id": 786812800,
                    "timesteps_left": 0,
                    "zone_from": 9,
                    "zone_to": 32
                },
                {
                    "req_id": 1032396079,
                    "timesteps_left": 0,
                    "zone_from": 9,
                    "zone_to": 32
                },
                {
                    "req_id": 1097652149,
                    "timesteps_left": 3,
                    "zone_from": 9,
                    "zone_to": 41
                },
                {
                    "req_id": 1590792366,
                    "timesteps_left": 1,
                    "zone_from": 41,
                    "zone_to": 31
                },
                {
                    "req_id": 152979604,
                    "timesteps_left": 0,
                    "zone_from": 31,
                    "zone_to": 16
                },
                {
                    "req_id": 1464194809,
                    "timesteps_left": 5,
                    "zone_from": 18,
                    "zone_to": 46
                },
                {
                    "req_id": 2038949876,
                    "timesteps_left": 5,
                    "zone_from": 37,
                    "zone_to": 41
                },
                {
                    "req_id": 953981973,
                    "timesteps_left": 5,
                    "zone_from": 18,
                    "zone_to": 58
                },
                {
                    "req_id": 1786533806,
                    "timesteps_left": 5,
                    "zone_from": 62,
                    "zone_to": 58
                },
                {
                    "req_id": 1589098952,
                    "timesteps_left": 5,
                    "zone_from": 55,
                    "zone_to": 55
                },
                {
                    "req_id": 293508285,
                    "timesteps_left": 5,
                    "zone_from": 29,
                    "zone_to": 9
                },
                {
                    "req_id": 462305926,
                    "timesteps_left": 5,
                    "zone_from": 41,
                    "zone_to": 28
                },
                {
                    "req_id": 556813312,
                    "timesteps_left": 5,
                    "zone_from": 17,
                    "zone_to": 28
                }
            ],
            "cars": [
                {
                    "car_id": 1450650617,
                    "n_reqs": 3,
                    "reqs_in_car": [
                        786812800,
                        786812800,
                        1097652149
                    ],
                    "path": [
                        9,
                        9,
                        9,
                        41,
                        32,
                        32
                    ],
                    "reward": 0.88203,
                    "icds": [
                        53,
                        53,
                        0
                    ],
                    "dist_red": 12382.0
                },
                {
                    "car_id": 329801795,
                    "n_reqs": 5,
                    "reqs_in_car": [
                        151489306,
                        296202816,
                        953981973,
                        152979604,
                        1859905954
                    ],
                    "path": [
                        48,
                        31,
                        18,
                        16,
                        58,
                        58,
                        29,
                        33,
                        40,
                        34
                    ],
                    "reward": 0.843709,
                    "icds": [
                        651,
                        2879,
                        50,
                        96,
                        0
                    ],
                    "dist_red": 13669.0
                }
            ]
        },
        {
            "t": 8,
            "reqs": [
                {
                    "req_id": 386456633,
                    "timesteps_left": 3,
                    "zone_from": 51,
                    "zone_to": 31
                },
                {
                    "req_id": 259164748,
                    "timesteps_left": 3,
                    "zone_from": 13,
                    "zone_to": 19
                },
                {
                    "req_id": 1406568891,
                    "timesteps_left": 3,
                    "zone_from": 20,
                    "zone_to": 2
                },
                {
                    "req_id": 1464194809,
                    "timesteps_left": 4,
                    "zone_from": 18,
                    "zone_to": 46
                },
                {
                    "req_id": 420548018,
                    "timesteps_left": 3,
                    "zone_from": 38,
                    "zone_to": 58
                },
                {
                    "req_id": 1786533806,
                    "timesteps_left": 4,
                    "zone_from": 62,
                    "zone_to": 58
                },
                {
                    "req_id": 1710481668,
                    "timesteps_left": 1,
                    "zone_from": 55,
                    "zone_to": 8
                },
                {
                    "req_id": 117977959,
                    "timesteps_left": 2,
                    "zone_from": 55,
                    "zone_to": 8
                },
                {
                    "req_id": 1589098952,
                    "timesteps_left": 4,
                    "zone_from": 55,
                    "zone_to": 55
                },
                {
                    "req_id": 453950259,
                    "timesteps_left": 0,
                    "zone_from": 54,
                    "zone_to": 42
                },
                {
                    "req_id": 999230327,
                    "timesteps_left": 0,
                    "zone_from": 54,
                    "zone_to": 9
                },
                {
                    "req_id": 293508285,
                    "timesteps_left": 4,
                    "zone_from": 29,
                    "zone_to": 9
                },
                {
                    "req_id": 1012559036,
                    "timesteps_left": 3,
                    "zone_from": 37,
                    "zone_to": 28
                },
                {
                    "req_id": 556813312,
                    "timesteps_left": 4,
                    "zone_from": 17,
                    "zone_to": 28
                },
                {
                    "req_id": 462305926,
                    "timesteps_left": 4,
                    "zone_from": 41,
                    "zone_to": 28
                },
                {
                    "req_id": 2075414237,
                    "timesteps_left": 1,
                    "zone_from": 46,
                    "zone_to": 13
                },
                {
                    "req_id": 1590792366,
                    "timesteps_left": 0,
                    "zone_from": 41,
                    "zone_to": 31
                },
                {
                    "req_id": 256759315,
                    "timesteps_left": 3,
                    "zone_from": 41,
                    "zone_to": 14
                },
                {
                    "req_id": 1459284270,
                    "timesteps_left": 2,
                    "zone_from": 48,
                    "zone_to": 13
                },
                {
                    "req_id": 2038949876,
                    "timesteps_left": 4,
                    "zone_from": 37,
                    "zone_to": 41
                },
                {
                    "req_id": 278211695,
                    "timesteps_left": 5,
                    "zone_from": 51,
                    "zone_to": 10
                },
                {
                    "req_id": 730541667,
                    "timesteps_left": 5,
                    "zone_from": 47,
                    "zone_to": 42
                },
                {
                    "req_id": 1485621935,
                    "timesteps_left": 5,
                    "zone_from": 60,
                    "zone_to": 52
                },
                {
                    "req_id": 670906691,
                    "timesteps_left": 5,
                    "zone_from": 42,
                    "zone_to": 58
                },
                {
                    "req_id": 2039528899,
                    "timesteps_left": 5,
                    "zone_from": 54,
                    "zone_to": 55
                },
                {
                    "req_id": 1834145341,
                    "timesteps_left": 5,
                    "zone_from": 26,
                    "zone_to": 9
                },
                {
                    "req_id": 1474562485,
                    "timesteps_left": 5,
                    "zone_from": 16,
                    "zone_to": 7
                },
                {
                    "req_id": 1397376491,
                    "timesteps_left": 5,
                    "zone_from": 37,
                    "zone_to": 16
                }
            ],
            "cars": [
                {
                    "car_id": 1837298990,
                    "n_reqs": 5,
                    "reqs_in_car": [
                        386456633,
                        1590792366,
                        1397376491,
                        1474562485,
                        2038949876
                    ],
                    "path": [
                        41,
                        37,
                        37,
                        41,
                        16,
                        16,
                        51,
                        7,
                        31,
                        31
                    ],
                    "reward": 0.894272,
                    "icds": [
                        235,
                        1835,
                        264,
                        180,
                        0
                    ],
                    "dist_red": 9393.0
                },
                {
                    "car_id": 600202958,
                    "n_reqs": 5,
                    "reqs_in_car": [
                        453950259,
                        999230327,
                        730541667,
                        293508285,
                        2039528899
                    ],
                    "path": [
                        54,
                        54,
                        54,
                        55,
                        29,
                        9,
                        9,
                        47,
                        42,
                        42
                    ],
                    "reward": 1.08746,
                    "icds": [
                        1104,
                        726,
                        0,
                        0,
                        0
                    ],
                    "dist_red": 10197.0
                }
            ]
        },
        {
            "t": 9,
            "reqs": [
                {
                    "req_id": 1459284270,
                    "timesteps_left": 1,
                    "zone_from": 48,
                    "zone_to": 13
                },
                {
                    "req_id": 420548018,
                    "timesteps_left": 2,
                    "zone_from": 38,
                    "zone_to": 58
                },
                {
                    "req_id": 1786533806,
                    "timesteps_left": 3,
                    "zone_from": 62,
                    "zone_to": 58
                },
                {
                    "req_id": 670906691,
                    "timesteps_left": 4,
                    "zone_from": 42,
                    "zone_to": 58
                },
                {
                    "req_id": 1834145341,
                    "timesteps_left": 4,
                    "zone_from": 26,
                    "zone_to": 9
                },
                {
                    "req_id": 1464194809,
                    "timesteps_left": 3,
                    "zone_from": 18,
                    "zone_to": 46
                },
                {
                    "req_id": 1485621935,
                    "timesteps_left": 4,
                    "zone_from": 60,
                    "zone_to": 52
                },
                {
                    "req_id": 278211695,
                    "timesteps_left": 4,
                    "zone_from": 51,
                    "zone_to": 10
                },
                {
                    "req_id": 1710481668,
                    "timesteps_left": 0,
                    "zone_from": 55,
                    "zone_to": 8
                },
                {
                    "req_id": 117977959,
                    "timesteps_left": 1,
                    "zone_from": 55,
                    "zone_to": 8
                },
                {
                    "req_id": 1589098952,
                    "timesteps_left": 3,
                    "zone_from": 55,
                    "zone_to": 55
                },
                {
                    "req_id": 556813312,
                    "timesteps_left": 3,
                    "zone_from": 17,
                    "zone_to": 28
                },
                {
                    "req_id": 462305926,
                    "timesteps_left": 3,
                    "zone_from": 41,
                    "zone_to": 28
                },
                {
                    "req_id": 1012559036,
                    "timesteps_left": 2,
                    "zone_from": 37,
                    "zone_to": 28
                },
                {
                    "req_id": 259164748,
                    "timesteps_left": 2,
                    "zone_from": 13,
                    "zone_to": 19
                },
                {
                    "req_id": 2075414237,
                    "timesteps_left": 0,
                    "zone_from": 46,
                    "zone_to": 13
                },
                {
                    "req_id": 256759315,
                    "timesteps_left": 2,
                    "zone_from": 41,
                    "zone_to": 14
                },
                {
                    "req_id": 1406568891,
                    "timesteps_left": 2,
                    "zone_from": 20,
                    "zone_to": 2
                },
                {
                    "req_id": 2106642833,
                    "timesteps_left": 5,
                    "zone_from": 52,
                    "zone_to": 52
                },
                {
                    "req_id": 1693152638,
                    "timesteps_left": 5,
                    "zone_from": 36,
                    "zone_to": 52
                },
                {
                    "req_id": 376514029,
                    "timesteps_left": 5,
                    "zone_from": 48,
                    "zone_to": 55
                },
                {
                    "req_id": 260562635,
                    "timesteps_left": 5,
                    "zone_from": 47,
                    "zone_to": 42
                },
                {
                    "req_id": 375725733,
                    "timesteps_left": 5,
                    "zone_from": 52,
                    "zone_to": 37
                },
                {
                    "req_id": 1123378151,
                    "timesteps_left": 5,
                    "zone_from": 28,
                    "zone_to": 52
                },
                {
                    "req_id": 1792698705,
                    "timesteps_left": 5,
                    "zone_from": 59,
                    "zone_to": 8
                },
                {
                    "req_id": 1091240261,
                    "timesteps_left": 5,
                    "zone_from": 51,
                    "zone_to": 41
                }
            ],
            "cars": [
                {
                    "car_id": 1103248605,
                    "n_reqs": 3,
                    "reqs_in_car": [
                        1710481668,
                        1710481668,
                        1589098952
                    ],
                    "path": [
                        55,
                        55,
                        55,
                        55,
                        8,
                        8
                    ],
                    "reward": 0.833333,
                    "icds": [
                        0,
                        0,
                        0
                    ],
                    "dist_red": 2929.0
                },
                {
                    "car_id": 335876774,
                    "n_reqs": 4,
                    "reqs_in_car": [
                        1459284270,
                        259164748,
                        376514029,
                        1834145341
                    ],
                    "path": [
                        48,
                        48,
                        13,
                        13,
                        19,
                        26,
                        9,
                        55
                    ],
                    "reward": 0.371928,
                    "icds": [
                        0,
                        0,
                        2599,
                        0
                    ],
                    "dist_red": 3324.0
                },
                {
                    "car_id": 1771734830,
                    "n_reqs": 5,
                    "reqs_in_car": [
                        1786533806,
                        375725733,
                        260562635,
                        670906691,
                        2106642833
                    ],
                    "path": [
                        62,
                        52,
                        52,
                        52,
                        37,
                        47,
                        42,
                        42,
                        58,
                        58
                    ],
                    "reward": 1.17822,
                    "icds": [
                        935,
                        0,
                        0,
                        0,
                        0
                    ],
                    "dist_red": 5994.0
                },
                {
                    "car_id": 1433600654,
                    "n_reqs": 5,
                    "reqs_in_car": [
                        1464194809,
                        462305926,
                        556813312,
                        1091240261,
                        278211695
                    ],
                    "path": [
                        18,
                        51,
                        51,
                        10,
                        17,
                        41,
                        41,
                        28,
                        28,
                        46
                    ],
                    "reward": 0.620527,
                    "icds": [
                        2552,
                        0,
                        151,
                        804,
                        0
                    ],
                    "dist_red": 6977.0
                },
                {
                    "car_id": 767010674,
                    "n_reqs": 5,
                    "reqs_in_car": [
                        1485621935,
                        1792698705,
                        1123378151,
                        1012559036,
                        1693152638
                    ],
                    "path": [
                        60,
                        59,
                        8,
                        36,
                        37,
                        28,
                        28,
                        52,
                        52,
                        52
                    ],
                    "reward": 0.99817,
                    "icds": [
                        2283,
                        0,
                        0,
                        0,
                        489
                    ],
                    "dist_red": 13117.0
                }
            ]
        }
    ],
    "serv_rate": 93.75,
    "n_cars": 18,
    "avg_occ": 3.5333333333333337,
    "dist_red": 140.424,
    "dist_red_perc": 32,
    "trip_red": 57,
    "trip_red_perc": 57,
    "kg_co2_red": 18,
    "icd_mean": 312
}