{
    "timesteps": [
        {
            "t": 0,
            "reqs": [
                {
                    "req_id": 471207474,
                    "timesteps_left": 10,
                    "zone_from": 47,
                    "zone_to": 37
                },
                {
                    "req_id": 1744934929,
                    "timesteps_left": 10,
                    "zone_from": 48,
                    "zone_to": 55
                },
                {
                    "req_id": 648154170,
                    "timesteps_left": 10,
                    "zone_from": 17,
                    "zone_to": 10
                },
                {
                    "req_id": 506122342,
                    "timesteps_left": 10,
                    "zone_from": 57,
                    "zone_to": 24
                }
            ],
            "cars": []
        },
        {
            "t": 1,
            "reqs": [
                {
                    "req_id": 471207474,
                    "timesteps_left": 9,
                    "zone_from": 47,
                    "zone_to": 37
                },
                {
                    "req_id": 1744934929,
                    "timesteps_left": 9,
                    "zone_from": 48,
                    "zone_to": 55
                },
                {
                    "req_id": 648154170,
                    "timesteps_left": 9,
                    "zone_from": 17,
                    "zone_to": 10
                },
                {
                    "req_id": 506122342,
                    "timesteps_left": 9,
                    "zone_from": 57,
                    "zone_to": 24
                },
                {
                    "req_id": 27404834,
                    "timesteps_left": 10,
                    "zone_from": 47,
                    "zone_to": 58
                },
                {
                    "req_id": 1687159673,
                    "timesteps_left": 10,
                    "zone_from": 31,
                    "zone_to": 44
                },
                {
                    "req_id": 976704752,
                    "timesteps_left": 10,
                    "zone_from": 36,
                    "zone_to": 18
                },
                {
                    "req_id": 762589880,
                    "timesteps_left": 10,
                    "zone_from": 0,
                    "zone_to": 41
                }
            ],
            "cars": []
        },
        {
            "t": 2,
            "reqs": [
                {
                    "req_id": 471207474,
                    "timesteps_left": 8,
                    "zone_from": 47,
                    "zone_to": 37
                },
                {
                    "req_id": 1744934929,
                    "timesteps_left": 8,
                    "zone_from": 48,
                    "zone_to": 55
                },
                {
                    "req_id": 648154170,
                    "timesteps_left": 8,
                    "zone_from": 17,
                    "zone_to": 10
                },
                {
                    "req_id": 506122342,
                    "timesteps_left": 8,
                    "zone_from": 57,
                    "zone_to": 24
                },
                {
                    "req_id": 27404834,
                    "timesteps_left": 9,
                    "zone_from": 47,
                    "zone_to": 58
                },
                {
                    "req_id": 1687159673,
                    "timesteps_left": 9,
                    "zone_from": 31,
                    "zone_to": 44
                },
                {
                    "req_id": 976704752,
                    "timesteps_left": 9,
                    "zone_from": 36,
                    "zone_to": 18
                },
                {
                    "req_id": 762589880,
                    "timesteps_left": 9,
                    "zone_from": 0,
                    "zone_to": 41
                },
                {
                    "req_id": 914426443,
                    "timesteps_left": 10,
                    "zone_from": 39,
                    "zone_to": 13
                },
                {
                    "req_id": 373821643,
                    "timesteps_left": 10,
                    "zone_from": 54,
                    "zone_to": 21
                },
                {
                    "req_id": 1864911399,
                    "timesteps_left": 10,
                    "zone_from": 5,
                    "zone_to": 3
                },
                {
                    "req_id": 1039442948,
                    "timesteps_left": 10,
                    "zone_from": 16,
                    "zone_to": 31
                }
            ],
            "cars": []
        },
        {
            "t": 3,
            "reqs": [
                {
                    "req_id": 471207474,
                    "timesteps_left": 7,
                    "zone_from": 47,
                    "zone_to": 37
                },
                {
                    "req_id": 1744934929,
                    "timesteps_left": 7,
                    "zone_from": 48,
                    "zone_to": 55
                },
                {
                    "req_id": 648154170,
                    "timesteps_left": 7,
                    "zone_from": 17,
                    "zone_to": 10
                },
                {
                    "req_id": 506122342,
                    "timesteps_left": 7,
                    "zone_from": 57,
                    "zone_to": 24
                },
                {
                    "req_id": 27404834,
                    "timesteps_left": 8,
                    "zone_from": 47,
                    "zone_to": 58
                },
                {
                    "req_id": 1687159673,
                    "timesteps_left": 8,
                    "zone_from": 31,
                    "zone_to": 44
                },
                {
                    "req_id": 976704752,
                    "timesteps_left": 8,
                    "zone_from": 36,
                    "zone_to": 18
                },
                {
                    "req_id": 762589880,
                    "timesteps_left": 8,
                    "zone_from": 0,
                    "zone_to": 41
                },
                {
                    "req_id": 914426443,
                    "timesteps_left": 9,
                    "zone_from": 39,
                    "zone_to": 13
                },
                {
                    "req_id": 373821643,
                    "timesteps_left": 9,
                    "zone_from": 54,
                    "zone_to": 21
                },
                {
                    "req_id": 1864911399,
                    "timesteps_left": 9,
                    "zone_from": 5,
                    "zone_to": 3
                },
                {
                    "req_id": 1039442948,
                    "timesteps_left": 9,
                    "zone_from": 16,
                    "zone_to": 31
                },
                {
                    "req_id": 2089002353,
                    "timesteps_left": 10,
                    "zone_from": 20,
                    "zone_to": 41
                },
                {
                    "req_id": 1381954796,
                    "timesteps_left": 10,
                    "zone_from": 12,
                    "zone_to": 11
                },
                {
                    "req_id": 544310227,
                    "timesteps_left": 10,
                    "zone_from": 51,
                    "zone_to": 18
                },
                {
                    "req_id": 900593975,
                    "timesteps_left": 10,
                    "zone_from": 32,
                    "zone_to": 47
                }
            ],
            "cars": []
        },
        {
            "t": 4,
            "reqs": [
                {
                    "req_id": 1744934929,
                    "timesteps_left": 6,
                    "zone_from": 48,
                    "zone_to": 55
                },
                {
                    "req_id": 648154170,
                    "timesteps_left": 6,
                    "zone_from": 17,
                    "zone_to": 10
                },
                {
                    "req_id": 506122342,
                    "timesteps_left": 6,
                    "zone_from": 57,
                    "zone_to": 24
                },
                {
                    "req_id": 27404834,
                    "timesteps_left": 7,
                    "zone_from": 47,
                    "zone_to": 58
                },
                {
                    "req_id": 1687159673,
                    "timesteps_left": 7,
                    "zone_from": 31,
                    "zone_to": 44
                },
                {
                    "req_id": 976704752,
                    "timesteps_left": 7,
                    "zone_from": 36,
                    "zone_to": 18
                },
                {
                    "req_id": 762589880,
                    "timesteps_left": 7,
                    "zone_from": 0,
                    "zone_to": 41
                },
                {
                    "req_id": 914426443,
                    "timesteps_left": 8,
                    "zone_from": 39,
                    "zone_to": 13
                },
                {
                    "req_id": 373821643,
                    "timesteps_left": 8,
                    "zone_from": 54,
                    "zone_to": 21
                },
                {
                    "req_id": 1864911399,
                    "timesteps_left": 8,
                    "zone_from": 5,
                    "zone_to": 3
                },
                {
                    "req_id": 1039442948,
                    "timesteps_left": 8,
                    "zone_from": 16,
                    "zone_to": 31
                },
                {
                    "req_id": 2089002353,
                    "timesteps_left": 9,
                    "zone_from": 20,
                    "zone_to": 41
                },
                {
                    "req_id": 1381954796,
                    "timesteps_left": 9,
                    "zone_from": 12,
                    "zone_to": 11
                },
                {
                    "req_id": 544310227,
                    "timesteps_left": 9,
                    "zone_from": 51,
                    "zone_to": 18
                },
                {
                    "req_id": 471207474,
                    "timesteps_left": 6,
                    "zone_from": 47,
                    "zone_to": 37
                },
                {
                    "req_id": 900593975,
                    "timesteps_left": 9,
                    "zone_from": 32,
                    "zone_to": 47
                },
                {
                    "req_id": 88569007,
                    "timesteps_left": 10,
                    "zone_from": 33,
                    "zone_to": 8
                },
                {
                    "req_id": 1666950815,
                    "timesteps_left": 10,
                    "zone_from": 32,
                    "zone_to": 7
                },
                {
                    "req_id": 544894542,
                    "timesteps_left": 10,
                    "zone_from": 42,
                    "zone_to": 59
                },
                {
                    "req_id": 1178226600,
                    "timesteps_left": 10,
                    "zone_from": 36,
                    "zone_to": 47
                }
            ],
            "cars": []
        },
        {
            "t": 5,
            "reqs": [
                {
                    "req_id": 1744934929,
                    "timesteps_left": 5,
                    "zone_from": 48,
                    "zone_to": 55
                },
                {
                    "req_id": 648154170,
                    "timesteps_left": 5,
                    "zone_from": 17,
                    "zone_to": 10
                },
                {
                    "req_id": 506122342,
                    "timesteps_left": 5,
                    "zone_from": 57,
                    "zone_to": 24
                },
                {
                    "req_id": 27404834,
                    "timesteps_left": 6,
                    "zone_from": 47,
                    "zone_to": 58
                },
                {
                    "req_id": 1687159673,
                    "timesteps_left": 6,
                    "zone_from": 31,
                    "zone_to": 44
                },
                {
                    "req_id": 976704752,
                    "timesteps_left": 6,
                    "zone_from": 36,
                    "zone_to": 18
                },
                {
                    "req_id": 914426443,
                    "timesteps_left": 7,
                    "zone_from": 39,
                    "zone_to": 13
                },
                {
                    "req_id": 373821643,
                    "timesteps_left": 7,
                    "zone_from": 54,
                    "zone_to": 21
                },
                {
                    "req_id": 1864911399,
                    "timesteps_left": 7,
                    "zone_from": 5,
                    "zone_to": 3
                },
                {
                    "req_id": 1039442948,
                    "timesteps_left": 7,
                    "zone_from": 16,
                    "zone_to": 31
                },
                {
                    "req_id": 2089002353,
                    "timesteps_left": 8,
                    "zone_from": 20,
                    "zone_to": 41
                },
                {
                    "req_id": 1381954796,
                    "timesteps_left": 8,
                    "zone_from": 12,
                    "zone_to": 11
                },
                {
                    "req_id": 544310227,
                    "timesteps_left": 8,
                    "zone_from": 51,
                    "zone_to": 18
                },
                {
                    "req_id": 88569007,
                    "timesteps_left": 9,
                    "zone_from": 33,
                    "zone_to": 8
                },
                {
                    "req_id": 1666950815,
                    "timesteps_left": 9,
                    "zone_from": 32,
                    "zone_to": 7
                },
                {
                    "req_id": 544894542,
                    "timesteps_left": 9,
                    "zone_from": 42,
                    "zone_to": 59
                },
                {
                    "req_id": 900593975,
                    "timesteps_left": 8,
                    "zone_from": 32,
                    "zone_to": 47
                },
                {
                    "req_id": 1178226600,
                    "timesteps_left": 9,
                    "zone_from": 36,
                    "zone_to": 47
                },
                {
                    "req_id": 471207474,
                    "timesteps_left": 5,
                    "zone_from": 47,
                    "zone_to": 37
                },
                {
                    "req_id": 762589880,
                    "timesteps_left": 6,
                    "zone_from": 0,
                    "zone_to": 41
                },
                {
                    "req_id": 2067527225,
                    "timesteps_left": 10,
                    "zone_from": 61,
                    "zone_to": 27
                },
                {
                    "req_id": 1557909393,
                    "timesteps_left": 10,
                    "zone_from": 11,
                    "zone_to": 4
                },
                {
                    "req_id": 1968319802,
                    "timesteps_left": 10,
                    "zone_from": 18,
                    "zone_to": 41
                },
                {
                    "req_id": 264671246,
                    "timesteps_left": 10,
                    "zone_from": 8,
                    "zone_to": 38
                }
            ],
            "cars": []
        },
        {
            "t": 6,
            "reqs": [
                {
                    "req_id": 1744934929,
                    "timesteps_left": 4,
                    "zone_from": 48,
                    "zone_to": 55
                },
                {
                    "req_id": 648154170,
                    "timesteps_left": 4,
                    "zone_from": 17,
                    "zone_to": 10
                },
                {
                    "req_id": 506122342,
                    "timesteps_left": 4,
                    "zone_from": 57,
                    "zone_to": 24
                },
                {
                    "req_id": 27404834,
                    "timesteps_left": 5,
                    "zone_from": 47,
                    "zone_to": 58
                },
                {
                    "req_id": 1687159673,
                    "timesteps_left": 5,
                    "zone_from": 31,
                    "zone_to": 44
                },
                {
                    "req_id": 976704752,
                    "timesteps_left": 5,
                    "zone_from": 36,
                    "zone_to": 18
                },
                {
                    "req_id": 914426443,
                    "timesteps_left": 6,
                    "zone_from": 39,
                    "zone_to": 13
                },
                {
                    "req_id": 373821643,
                    "timesteps_left": 6,
                    "zone_from": 54,
                    "zone_to": 21
                },
                {
                    "req_id": 1864911399,
                    "timesteps_left": 6,
                    "zone_from": 5,
                    "zone_to": 3
                },
                {
                    "req_id": 1039442948,
                    "timesteps_left": 6,
                    "zone_from": 16,
                    "zone_to": 31
                },
                {
                    "req_id": 1381954796,
                    "timesteps_left": 7,
                    "zone_from": 12,
                    "zone_to": 11
                },
                {
                    "req_id": 544310227,
                    "timesteps_left": 7,
                    "zone_from": 51,
                    "zone_to": 18
                },
                {
                    "req_id": 1666950815,
                    "timesteps_left": 8,
                    "zone_from": 32,
                    "zone_to": 7
                },
                {
                    "req_id": 544894542,
                    "timesteps_left": 8,
                    "zone_from": 42,
                    "zone_to": 59
                },
                {
                    "req_id": 2067527225,
                    "timesteps_left": 9,
                    "zone_from": 61,
                    "zone_to": 27
                },
                {
                    "req_id": 1557909393,
                    "timesteps_left": 9,
                    "zone_from": 11,
                    "zone_to": 4
                },
                {
                    "req_id": 2089002353,
                    "timesteps_left": 7,
                    "zone_from": 20,
                    "zone_to": 41
                },
                {
                    "req_id": 1968319802,
                    "timesteps_left": 9,
                    "zone_from": 18,
                    "zone_to": 41
                },
                {
                    "req_id": 88569007,
                    "timesteps_left": 8,
                    "zone_from": 33,
                    "zone_to": 8
                },
                {
                    "req_id": 264671246,
                    "timesteps_left": 9,
                    "zone_from": 8,
                    "zone_to": 38
                },
                {
                    "req_id": 900593975,
                    "timesteps_left": 7,
                    "zone_from": 32,
                    "zone_to": 47
                },
                {
                    "req_id": 1178226600,
                    "timesteps_left": 8,
                    "zone_from": 36,
                    "zone_to": 47
                },
                {
                    "req_id": 471207474,
                    "timesteps_left": 4,
                    "zone_from": 47,
                    "zone_to": 37
                },
                {
                    "req_id": 762589880,
                    "timesteps_left": 5,
                    "zone_from": 0,
                    "zone_to": 41
                },
                {
                    "req_id": 876189965,
                    "timesteps_left": 10,
                    "zone_from": 35,
                    "zone_to": 4
                },
                {
                    "req_id": 1035487200,
                    "timesteps_left": 10,
                    "zone_from": 39,
                    "zone_to": 28
                },
                {
                    "req_id": 1477370607,
                    "timesteps_left": 10,
                    "zone_from": 13,
                    "zone_to": 32
                },
                {
                    "req_id": 302298165,
                    "timesteps_left": 10,
                    "zone_from": 28,
                    "zone_to": 13
                }
            ],
            "cars": []
        },
        {
            "t": 7,
            "reqs": [
                {
                    "req_id": 1744934929,
                    "timesteps_left": 3,
                    "zone_from": 48,
                    "zone_to": 55
                },
                {
                    "req_id": 648154170,
                    "timesteps_left": 3,
                    "zone_from": 17,
                    "zone_to": 10
                },
                {
                    "req_id": 506122342,
                    "timesteps_left": 3,
                    "zone_from": 57,
                    "zone_to": 24
                },
                {
                    "req_id": 27404834,
                    "timesteps_left": 4,
                    "zone_from": 47,
                    "zone_to": 58
                },
                {
                    "req_id": 976704752,
                    "timesteps_left": 4,
                    "zone_from": 36,
                    "zone_to": 18
                },
                {
                    "req_id": 914426443,
                    "timesteps_left": 5,
                    "zone_from": 39,
                    "zone_to": 13
                },
                {
                    "req_id": 373821643,
                    "timesteps_left": 5,
                    "zone_from": 54,
                    "zone_to": 21
                },
                {
                    "req_id": 1864911399,
                    "timesteps_left": 5,
                    "zone_from": 5,
                    "zone_to": 3
                },
                {
                    "req_id": 1039442948,
                    "timesteps_left": 5,
                    "zone_from": 16,
                    "zone_to": 31
                },
                {
                    "req_id": 1381954796,
                    "timesteps_left": 6,
                    "zone_from": 12,
                    "zone_to": 11
                },
                {
                    "req_id": 544310227,
                    "timesteps_left": 6,
                    "zone_from": 51,
                    "zone_to": 18
                },
                {
                    "req_id": 544894542,
                    "timesteps_left": 7,
                    "zone_from": 42,
                    "zone_to": 59
                },
                {
                    "req_id": 2067527225,
                    "timesteps_left": 8,
                    "zone_from": 61,
                    "zone_to": 27
                },
                {
                    "req_id": 1557909393,
                    "timesteps_left": 8,
                    "zone_from": 11,
                    "zone_to": 4
                },
                {
                    "req_id": 876189965,
                    "timesteps_left": 9,
                    "zone_from": 35,
                    "zone_to": 4
                },
                {
                    "req_id": 1035487200,
                    "timesteps_left": 9,
                    "zone_from": 39,
                    "zone_to": 28
                },
                {
                    "req_id": 2089002353,
                    "timesteps_left": 6,
                    "zone_from": 20,
                    "zone_to": 41
                },
                {
                    "req_id": 1968319802,
                    "timesteps_left": 8,
                    "zone_from": 18,
                    "zone_to": 41
                },
                {
                    "req_id": 88569007,
                    "timesteps_left": 7,
                    "zone_from": 33,
                    "zone_to": 8
                },
                {
                    "req_id": 264671246,
                    "timesteps_left": 8,
                    "zone_from": 8,
                    "zone_to": 38
                },
                {
                    "req_id": 1477370607,
                    "timesteps_left": 9,
                    "zone_from": 13,
                    "zone_to": 32
                },
                {
                    "req_id": 302298165,
                    "timesteps_left": 9,
                    "zone_from": 28,
                    "zone_to": 13
                },
                {
                    "req_id": 1666950815,
                    "timesteps_left": 7,
                    "zone_from": 32,
                    "zone_to": 7
                },
                {
                    "req_id": 1687159673,
                    "timesteps_left": 4,
                    "zone_from": 31,
                    "zone_to": 44
                },
                {
                    "req_id": 900593975,
                    "timesteps_left": 6,
                    "zone_from": 32,
                    "zone_to": 47
                },
                {
                    "req_id": 1178226600,
                    "timesteps_left": 7,
                    "zone_from": 36,
                    "zone_to": 47
                },
                {
                    "req_id": 471207474,
                    "timesteps_left": 3,
                    "zone_from": 47,
                    "zone_to": 37
                },
                {
                    "req_id": 762589880,
                    "timesteps_left": 4,
                    "zone_from": 0,
                    "zone_to": 41
                },
                {
                    "req_id": 1850206249,
                    "timesteps_left": 10,
                    "zone_from": 59,
                    "zone_to": 19
                },
                {
                    "req_id": 1717979053,
                    "timesteps_left": 10,
                    "zone_from": 35,
                    "zone_to": 59
                },
                {
                    "req_id": 1865837083,
                    "timesteps_left": 10,
                    "zone_from": 55,
                    "zone_to": 5
                },
                {
                    "req_id": 1098481453,
                    "timesteps_left": 10,
                    "zone_from": 47,
                    "zone_to": 41
                }
            ],
            "cars": []
        },
        {
            "t": 8,
            "reqs": [
                {
                    "req_id": 1744934929,
                    "timesteps_left": 2,
                    "zone_from": 48,
                    "zone_to": 55
                },
                {
                    "req_id": 648154170,
                    "timesteps_left": 2,
                    "zone_from": 17,
                    "zone_to": 10
                },
                {
                    "req_id": 506122342,
                    "timesteps_left": 2,
                    "zone_from": 57,
                    "zone_to": 24
                },
                {
                    "req_id": 27404834,
                    "timesteps_left": 3,
                    "zone_from": 47,
                    "zone_to": 58
                },
                {
                    "req_id": 976704752,
                    "timesteps_left": 3,
                    "zone_from": 36,
                    "zone_to": 18
                },
                {
                    "req_id": 914426443,
                    "timesteps_left": 4,
                    "zone_from": 39,
                    "zone_to": 13
                },
                {
                    "req_id": 1864911399,
                    "timesteps_left": 4,
                    "zone_from": 5,
                    "zone_to": 3
                },
                {
                    "req_id": 1039442948,
                    "timesteps_left": 4,
                    "zone_from": 16,
                    "zone_to": 31
                },
                {
                    "req_id": 1381954796,
                    "timesteps_left": 5,
                    "zone_from": 12,
                    "zone_to": 11
                },
                {
                    "req_id": 544310227,
                    "timesteps_left": 5,
                    "zone_from": 51,
                    "zone_to": 18
                },
                {
                    "req_id": 544894542,
                    "timesteps_left": 6,
                    "zone_from": 42,
                    "zone_to": 59
                },
                {
                    "req_id": 2067527225,
                    "timesteps_left": 7,
                    "zone_from": 61,
                    "zone_to": 27
                },
                {
                    "req_id": 1557909393,
                    "timesteps_left": 7,
                    "zone_from": 11,
                    "zone_to": 4
                },
                {
                    "req_id": 876189965,
                    "timesteps_left": 8,
                    "zone_from": 35,
                    "zone_to": 4
                },
                {
                    "req_id": 1035487200,
                    "timesteps_left": 8,
                    "zone_from": 39,
                    "zone_to": 28
                },
                {
                    "req_id": 1717979053,
                    "timesteps_left": 9,
                    "zone_from": 35,
                    "zone_to": 59
                },
                {
                    "req_id": 1098481453,
                    "timesteps_left": 9,
                    "zone_from": 47,
                    "zone_to": 41
                },
                {
                    "req_id": 373821643,
                    "timesteps_left": 4,
                    "zone_from": 54,
                    "zone_to": 21
                },
                {
                    "req_id": 1865837083,
                    "timesteps_left": 9,
                    "zone_from": 55,
                    "zone_to": 5
                },
                {
                    "req_id": 2089002353,
                    "timesteps_left": 5,
                    "zone_from": 20,
                    "zone_to": 41
                },
                {
                    "req_id": 1968319802,
                    "timesteps_left": 7,
                    "zone_from": 18,
                    "zone_to": 41
                },
                {
                    "req_id": 88569007,
                    "timesteps_left": 6,
                    "zone_from": 33,
                    "zone_to": 8
                },
                {
                    "req_id": 264671246,
                    "timesteps_left": 7,
                    "zone_from": 8,
                    "zone_to": 38
                },
                {
                    "req_id": 900593975,
                    "timesteps_left": 5,
                    "zone_from": 32,
                    "zone_to": 47
                },
                {
                    "req_id": 1178226600,
                    "timesteps_left": 6,
                    "zone_from": 36,
                    "zone_to": 47
                },
                {
                    "req_id": 471207474,
                    "timesteps_left": 2,
                    "zone_from": 47,
                    "zone_to": 37
                },
                {
                    "req_id": 762589880,
                    "timesteps_left": 3,
                    "zone_from": 0,
                    "zone_to": 41
                },
                {
                    "req_id": 1477370607,
                    "timesteps_left": 8,
                    "zone_from": 13,
                    "zone_to": 32
                },
                {
                    "req_id": 302298165,
                    "timesteps_left": 8,
                    "zone_from": 28,
                    "zone_to": 13
                },
                {
                    "req_id": 1666950815,
                    "timesteps_left": 6,
                    "zone_from": 32,
                    "zone_to": 7
                },
                {
                    "req_id": 1687159673,
                    "timesteps_left": 3,
                    "zone_from": 31,
                    "zone_to": 44
                },
                {
                    "req_id": 1850206249,
                    "timesteps_left": 9,
                    "zone_from": 59,
                    "zone_to": 19
                },
                {
                    "req_id": 1022018613,
                    "timesteps_left": 10,
                    "zone_from": 29,
                    "zone_to": 8
                },
                {
                    "req_id": 671207157,
                    "timesteps_left": 10,
                    "zone_from": 36,
                    "zone_to": 32
                },
                {
                    "req_id": 60941255,
                    "timesteps_left": 10,
                    "zone_from": 50,
                    "zone_to": 42
                },
                {
                    "req_id": 1621008330,
                    "timesteps_left": 10,
                    "zone_from": 46,
                    "zone_to": 9
                }
            ],
            "cars": []
        },
        {
            "t": 9,
            "reqs": [
                {
                    "req_id": 1744934929,
                    "timesteps_left": 1,
                    "zone_from": 48,
                    "zone_to": 55
                },
                {
                    "req_id": 648154170,
                    "timesteps_left": 1,
                    "zone_from": 17,
                    "zone_to": 10
                },
                {
                    "req_id": 506122342,
                    "timesteps_left": 1,
                    "zone_from": 57,
                    "zone_to": 24
                },
                {
                    "req_id": 27404834,
                    "timesteps_left": 2,
                    "zone_from": 47,
                    "zone_to": 58
                },
                {
                    "req_id": 1864911399,
                    "timesteps_left": 3,
                    "zone_from": 5,
                    "zone_to": 3
                },
                {
                    "req_id": 1039442948,
                    "timesteps_left": 3,
                    "zone_from": 16,
                    "zone_to": 31
                },
                {
                    "req_id": 1381954796,
                    "timesteps_left": 4,
                    "zone_from": 12,
                    "zone_to": 11
                },
                {
                    "req_id": 544310227,
                    "timesteps_left": 4,
                    "zone_from": 51,
                    "zone_to": 18
                },
                {
                    "req_id": 544894542,
                    "timesteps_left": 5,
                    "zone_from": 42,
                    "zone_to": 59
                },
                {
                    "req_id": 2067527225,
                    "timesteps_left": 6,
                    "zone_from": 61,
                    "zone_to": 27
                },
                {
                    "req_id": 1557909393,
                    "timesteps_left": 6,
                    "zone_from": 11,
                    "zone_to": 4
                },
                {
                    "req_id": 876189965,
                    "timesteps_left": 7,
                    "zone_from": 35,
                    "zone_to": 4
                },
                {
                    "req_id": 1035487200,
                    "timesteps_left": 7,
                    "zone_from": 39,
                    "zone_to": 28
                },
                {
                    "req_id": 1717979053,
                    "timesteps_left": 8,
                    "zone_from": 35,
                    "zone_to": 59
                },
                {
                    "req_id": 1098481453,
                    "timesteps_left": 8,
                    "zone_from": 47,
                    "zone_to": 41
                },
                {
                    "req_id": 302298165,
                    "timesteps_left": 7,
                    "zone_from": 28,
                    "zone_to": 13
                },
                {
                    "req_id": 1687159673,
                    "timesteps_left": 2,
                    "zone_from": 31,
                    "zone_to": 44
                },
                {
                    "req_id": 1850206249,
                    "timesteps_left": 8,
                    "zone_from": 59,
                    "zone_to": 19
                },
                {
                    "req_id": 60941255,
                    "timesteps_left": 9,
                    "zone_from": 50,
                    "zone_to": 42
                },
                {
                    "req_id": 1621008330,
                    "timesteps_left": 9,
                    "zone_from": 46,
                    "zone_to": 9
                },
                {
                    "req_id": 373821643,
                    "timesteps_left": 3,
                    "zone_from": 54,
                    "zone_to": 21
                },
                {
                    "req_id": 1865837083,
                    "timesteps_left": 8,
                    "zone_from": 55,
                    "zone_to": 5
                },
                {
                    "req_id": 2089002353,
                    "timesteps_left": 4,
                    "zone_from": 20,
                    "zone_to": 41
                },
                {
                    "req_id": 1968319802,
                    "timesteps_left": 6,
                    "zone_from": 18,
                    "zone_to": 41
                },
                {
                    "req_id": 88569007,
                    "timesteps_left": 5,
                    "zone_from": 33,
                    "zone_to": 8
                },
                {
                    "req_id": 1022018613,
                    "timesteps_left": 9,
                    "zone_from": 29,
                    "zone_to": 8
                },
                {
                    "req_id": 264671246,
                    "timesteps_left": 6,
                    "zone_from": 8,
                    "zone_to": 38
                },
                {
                    "req_id": 900593975,
                    "timesteps_left": 4,
                    "zone_from": 32,
                    "zone_to": 47
                },
                {
                    "req_id": 471207474,
                    "timesteps_left": 1,
                    "zone_from": 47,
                    "zone_to": 37
                },
                {
                    "req_id": 1178226600,
                    "timesteps_left": 5,
                    "zone_from": 36,
                    "zone_to": 47
                },
                {
                    "req_id": 762589880,
                    "timesteps_left": 2,
                    "zone_from": 0,
                    "zone_to": 41
                },
                {
                    "req_id": 914426443,
                    "timesteps_left": 3,
                    "zone_from": 39,
                    "zone_to": 13
                },
                {
                    "req_id": 1477370607,
                    "timesteps_left": 7,
                    "zone_from": 13,
                    "zone_to": 32
                },
                {
                    "req_id": 671207157,
                    "timesteps_left": 9,
                    "zone_from": 36,
                    "zone_to": 32
                },
                {
                    "req_id": 976704752,
                    "timesteps_left": 2,
                    "zone_from": 36,
                    "zone_to": 18
                },
                {
                    "req_id": 1666950815,
                    "timesteps_left": 5,
                    "zone_from": 32,
                    "zone_to": 7
                },
                {
                    "req_id": 1377338211,
                    "timesteps_left": 10,
                    "zone_from": 20,
                    "zone_to": 13
                },
                {
                    "req_id": 1821451630,
                    "timesteps_left": 10,
                    "zone_from": 10,
                    "zone_to": 16
                },
                {
                    "req_id": 1260901136,
                    "timesteps_left": 10,
                    "zone_from": 51,
                    "zone_to": 50
                },
                {
                    "req_id": 1553271491,
                    "timesteps_left": 10,
                    "zone_from": 42,
                    "zone_to": 50
                }
            ],
            "cars": [
                {
                    "car_id": 795587255,
                    "n_reqs": 2,
                    "reqs_in_car": [
                        373821643,
                        1865837083
                    ],
                    "path": [
                        55,
                        54,
                        21,
                        5
                    ],
                    "reward": 0.0261207,
                    "icds": [
                        0,
                        297
                    ],
                    "dist_red": 3168.0
                },
                {
                    "car_id": 1102946549,
                    "n_reqs": 3,
                    "reqs_in_car": [
                        1968319802,
                        1260901136,
                        544310227
                    ],
                    "path": [
                        51,
                        51,
                        18,
                        18,
                        41,
                        50
                    ],
                    "reward": 0.380322,
                    "icds": [
                        0,
                        10,
                        0
                    ],
                    "dist_red": 2861.0
                },
                {
                    "car_id": 299119993,
                    "n_reqs": 3,
                    "reqs_in_car": [
                        88569007,
                        1022018613,
                        264671246
                    ],
                    "path": [
                        33,
                        29,
                        8,
                        8,
                        38,
                        8
                    ],
                    "reward": 0.112415,
                    "icds": [
                        199,
                        0,
                        0
                    ],
                    "dist_red": 1529.0
                },
                {
                    "car_id": 386681034,
                    "n_reqs": 4,
                    "reqs_in_car": [
                        900593975,
                        1178226600,
                        471207474,
                        762589880
                    ],
                    "path": [
                        32,
                        0,
                        41,
                        47,
                        37,
                        36,
                        47,
                        47
                    ],
                    "reward": 0.155063,
                    "icds": [
                        690,
                        0,
                        0,
                        0
                    ],
                    "dist_red": 3682.0
                },
                {
                    "car_id": 1009993479,
                    "n_reqs": 5,
                    "reqs_in_car": [
                        302298165,
                        1477370607,
                        1666950815,
                        1377338211,
                        1687159673
                    ],
                    "path": [
                        28,
                        13,
                        32,
                        32,
                        7,
                        31,
                        44,
                        20,
                        13,
                        13
                    ],
                    "reward": 0.255032,
                    "icds": [
                        0,
                        0,
                        0,
                        0,
                        0
                    ],
                    "dist_red": -1287.0
                }
            ]
        }
    ],
    "serv_rate": 42.5,
    "n_cars": 5,
    "avg_occ": 1.96,
    "dist_red": 9.953,
    "dist_red_perc": 2,
    "trip_red": 12,
    "trip_red_perc": 12,
    "kg_co2_red": 1,
    "icd_mean": 15
}