{
    "timesteps": [
        {
            "t": 0,
            "reqs": [
                {
                    "req_id": 569495196,
                    "timesteps_left": 5,
                    "zone_from": 51,
                    "zone_to": 44
                },
                {
                    "req_id": 917765386,
                    "timesteps_left": 5,
                    "zone_from": 23,
                    "zone_to": 31
                },
                {
                    "req_id": 1237783077,
                    "timesteps_left": 5,
                    "zone_from": 16,
                    "zone_to": 20
                },
                {
                    "req_id": 1964761270,
                    "timesteps_left": 5,
                    "zone_from": 35,
                    "zone_to": 59
                },
                {
                    "req_id": 2071388164,
                    "timesteps_left": 5,
                    "zone_from": 36,
                    "zone_to": 29
                },
                {
                    "req_id": 558935132,
                    "timesteps_left": 5,
                    "zone_from": 62,
                    "zone_to": 16
                }
            ],
            "cars": []
        },
        {
            "t": 1,
            "reqs": [
                {
                    "req_id": 569495196,
                    "timesteps_left": 4,
                    "zone_from": 51,
                    "zone_to": 44
                },
                {
                    "req_id": 917765386,
                    "timesteps_left": 4,
                    "zone_from": 23,
                    "zone_to": 31
                },
                {
                    "req_id": 1237783077,
                    "timesteps_left": 4,
                    "zone_from": 16,
                    "zone_to": 20
                },
                {
                    "req_id": 1964761270,
                    "timesteps_left": 4,
                    "zone_from": 35,
                    "zone_to": 59
                },
                {
                    "req_id": 2071388164,
                    "timesteps_left": 4,
                    "zone_from": 36,
                    "zone_to": 29
                },
                {
                    "req_id": 558935132,
                    "timesteps_left": 4,
                    "zone_from": 62,
                    "zone_to": 16
                },
                {
                    "req_id": 414352888,
                    "timesteps_left": 5,
                    "zone_from": 8,
                    "zone_to": 56
                },
                {
                    "req_id": 697088109,
                    "timesteps_left": 5,
                    "zone_from": 36,
                    "zone_to": 37
                },
                {
                    "req_id": 871098758,
                    "timesteps_left": 5,
                    "zone_from": 18,
                    "zone_to": 23
                },
                {
                    "req_id": 1168893367,
                    "timesteps_left": 5,
                    "zone_from": 7,
                    "zone_to": 8
                },
                {
                    "req_id": 1534034133,
                    "timesteps_left": 5,
                    "zone_from": 58,
                    "zone_to": 37
                },
                {
                    "req_id": 727069745,
                    "timesteps_left": 5,
                    "zone_from": 38,
                    "zone_to": 55
                }
            ],
            "cars": []
        },
        {
            "t": 2,
            "reqs": [
                {
                    "req_id": 569495196,
                    "timesteps_left": 3,
                    "zone_from": 51,
                    "zone_to": 44
                },
                {
                    "req_id": 917765386,
                    "timesteps_left": 3,
                    "zone_from": 23,
                    "zone_to": 31
                },
                {
                    "req_id": 1237783077,
                    "timesteps_left": 3,
                    "zone_from": 16,
                    "zone_to": 20
                },
                {
                    "req_id": 1964761270,
                    "timesteps_left": 3,
                    "zone_from": 35,
                    "zone_to": 59
                },
                {
                    "req_id": 2071388164,
                    "timesteps_left": 3,
                    "zone_from": 36,
                    "zone_to": 29
                },
                {
                    "req_id": 558935132,
                    "timesteps_left": 3,
                    "zone_from": 62,
                    "zone_to": 16
                },
                {
                    "req_id": 414352888,
                    "timesteps_left": 4,
                    "zone_from": 8,
                    "zone_to": 56
                },
                {
                    "req_id": 871098758,
                    "timesteps_left": 4,
                    "zone_from": 18,
                    "zone_to": 23
                },
                {
                    "req_id": 1168893367,
                    "timesteps_left": 4,
                    "zone_from": 7,
                    "zone_to": 8
                },
                {
                    "req_id": 727069745,
                    "timesteps_left": 4,
                    "zone_from": 38,
                    "zone_to": 55
                },
                {
                    "req_id": 697088109,
                    "timesteps_left": 4,
                    "zone_from": 36,
                    "zone_to": 37
                },
                {
                    "req_id": 1534034133,
                    "timesteps_left": 4,
                    "zone_from": 58,
                    "zone_to": 37
                },
                {
                    "req_id": 1147389620,
                    "timesteps_left": 5,
                    "zone_from": 8,
                    "zone_to": 59
                },
                {
                    "req_id": 1450805174,
                    "timesteps_left": 5,
                    "zone_from": 59,
                    "zone_to": 59
                },
                {
                    "req_id": 255542782,
                    "timesteps_left": 5,
                    "zone_from": 50,
                    "zone_to": 10
                },
                {
                    "req_id": 1811310513,
                    "timesteps_left": 5,
                    "zone_from": 2,
                    "zone_to": 42
                },
                {
                    "req_id": 946601634,
                    "timesteps_left": 5,
                    "zone_from": 13,
                    "zone_to": 39
                },
                {
                    "req_id": 651359347,
                    "timesteps_left": 5,
                    "zone_from": 61,
                    "zone_to": 61
                }
            ],
            "cars": []
        },
        {
            "t": 3,
            "reqs": [
                {
                    "req_id": 569495196,
                    "timesteps_left": 2,
                    "zone_from": 51,
                    "zone_to": 44
                },
                {
                    "req_id": 917765386,
                    "timesteps_left": 2,
                    "zone_from": 23,
                    "zone_to": 31
                },
                {
                    "req_id": 1237783077,
                    "timesteps_left": 2,
                    "zone_from": 16,
                    "zone_to": 20
                },
                {
                    "req_id": 2071388164,
                    "timesteps_left": 2,
                    "zone_from": 36,
                    "zone_to": 29
                },
                {
                    "req_id": 414352888,
                    "timesteps_left": 3,
                    "zone_from": 8,
                    "zone_to": 56
                },
                {
                    "req_id": 871098758,
                    "timesteps_left": 3,
                    "zone_from": 18,
                    "zone_to": 23
                },
                {
                    "req_id": 1168893367,
                    "timesteps_left": 3,
                    "zone_from": 7,
                    "zone_to": 8
                },
                {
                    "req_id": 727069745,
                    "timesteps_left": 3,
                    "zone_from": 38,
                    "zone_to": 55
                },
                {
                    "req_id": 1147389620,
                    "timesteps_left": 4,
                    "zone_from": 8,
                    "zone_to": 59
                },
                {
                    "req_id": 255542782,
                    "timesteps_left": 4,
                    "zone_from": 50,
                    "zone_to": 10
                },
                {
                    "req_id": 1811310513,
                    "timesteps_left": 4,
                    "zone_from": 2,
                    "zone_to": 42
                },
                {
                    "req_id": 946601634,
                    "timesteps_left": 4,
                    "zone_from": 13,
                    "zone_to": 39
                },
                {
                    "req_id": 1964761270,
                    "timesteps_left": 2,
                    "zone_from": 35,
                    "zone_to": 59
                },
                {
                    "req_id": 1450805174,
                    "timesteps_left": 4,
                    "zone_from": 59,
                    "zone_to": 59
                },
                {
                    "req_id": 558935132,
                    "timesteps_left": 2,
                    "zone_from": 62,
                    "zone_to": 16
                },
                {
                    "req_id": 651359347,
                    "timesteps_left": 4,
                    "zone_from": 61,
                    "zone_to": 61
                },
                {
                    "req_id": 697088109,
                    "timesteps_left": 3,
                    "zone_from": 36,
                    "zone_to": 37
                },
                {
                    "req_id": 1534034133,
                    "timesteps_left": 3,
                    "zone_from": 58,
                    "zone_to": 37
                },
                {
                    "req_id": 491006146,
                    "timesteps_left": 5,
                    "zone_from": 42,
                    "zone_to": 10
                },
                {
                    "req_id": 834220940,
                    "timesteps_left": 5,
                    "zone_from": 0,
                    "zone_to": 45
                },
                {
                    "req_id": 1808935955,
                    "timesteps_left": 5,
                    "zone_from": 38,
                    "zone_to": 62
                },
                {
                    "req_id": 1961900946,
                    "timesteps_left": 5,
                    "zone_from": 19,
                    "zone_to": 29
                },
                {
                    "req_id": 1463375742,
                    "timesteps_left": 5,
                    "zone_from": 41,
                    "zone_to": 2
                },
                {
                    "req_id": 903644807,
                    "timesteps_left": 5,
                    "zone_from": 59,
                    "zone_to": 42
                }
            ],
            "cars": []
        },
        {
            "t": 4,
            "reqs": [
                {
                    "req_id": 569495196,
                    "timesteps_left": 1,
                    "zone_from": 51,
                    "zone_to": 44
                },
                {
                    "req_id": 917765386,
                    "timesteps_left": 1,
                    "zone_from": 23,
                    "zone_to": 31
                },
                {
                    "req_id": 1237783077,
                    "timesteps_left": 1,
                    "zone_from": 16,
                    "zone_to": 20
                },
                {
                    "req_id": 414352888,
                    "timesteps_left": 2,
                    "zone_from": 8,
                    "zone_to": 56
                },
                {
                    "req_id": 871098758,
                    "timesteps_left": 2,
                    "zone_from": 18,
                    "zone_to": 23
                },
                {
                    "req_id": 1168893367,
                    "timesteps_left": 2,
                    "zone_from": 7,
                    "zone_to": 8
                },
                {
                    "req_id": 727069745,
                    "timesteps_left": 2,
                    "zone_from": 38,
                    "zone_to": 55
                },
                {
                    "req_id": 1147389620,
                    "timesteps_left": 3,
                    "zone_from": 8,
                    "zone_to": 59
                },
                {
                    "req_id": 946601634,
                    "timesteps_left": 3,
                    "zone_from": 13,
                    "zone_to": 39
                },
                {
                    "req_id": 1964761270,
                    "timesteps_left": 1,
                    "zone_from": 35,
                    "zone_to": 59
                },
                {
                    "req_id": 834220940,
                    "timesteps_left": 4,
                    "zone_from": 0,
                    "zone_to": 45
                },
                {
                    "req_id": 1808935955,
                    "timesteps_left": 4,
                    "zone_from": 38,
                    "zone_to": 62
                },
                {
                    "req_id": 1463375742,
                    "timesteps_left": 4,
                    "zone_from": 41,
                    "zone_to": 2
                },
                {
                    "req_id": 2071388164,
                    "timesteps_left": 1,
                    "zone_from": 36,
                    "zone_to": 29
                },
                {
                    "req_id": 1961900946,
                    "timesteps_left": 4,
                    "zone_from": 19,
                    "zone_to": 29
                },
                {
                    "req_id": 255542782,
                    "timesteps_left": 3,
                    "zone_from": 50,
                    "zone_to": 10
                },
                {
                    "req_id": 491006146,
                    "timesteps_left": 4,
                    "zone_from": 42,
                    "zone_to": 10
                },
                {
                    "req_id": 558935132,
                    "timesteps_left": 1,
                    "zone_from": 62,
                    "zone_to": 16
                },
                {
                    "req_id": 651359347,
                    "timesteps_left": 3,
                    "zone_from": 61,
                    "zone_to": 61
                },
                {
                    "req_id": 697088109,
                    "timesteps_left": 2,
                    "zone_from": 36,
                    "zone_to": 37
                },
                {
                    "req_id": 1534034133,
                    "timesteps_left": 2,
                    "zone_from": 58,
                    "zone_to": 37
                },
                {
                    "req_id": 1811310513,
                    "timesteps_left": 3,
                    "zone_from": 2,
                    "zone_to": 42
                },
                {
                    "req_id": 903644807,
                    "timesteps_left": 4,
                    "zone_from": 59,
                    "zone_to": 42
                },
                {
                    "req_id": 1450805174,
                    "timesteps_left": 3,
                    "zone_from": 59,
                    "zone_to": 59
                },
                {
                    "req_id": 58592362,
                    "timesteps_left": 5,
                    "zone_from": 10,
                    "zone_to": 5
                },
                {
                    "req_id": 1059213225,
                    "timesteps_left": 5,
                    "zone_from": 59,
                    "zone_to": 14
                },
                {
                    "req_id": 1006805953,
                    "timesteps_left": 5,
                    "zone_from": 29,
                    "zone_to": 62
                },
                {
                    "req_id": 777681188,
                    "timesteps_left": 5,
                    "zone_from": 10,
                    "zone_to": 31
                },
                {
                    "req_id": 1092529715,
                    "timesteps_left": 5,
                    "zone_from": 42,
                    "zone_to": 59
                },
                {
                    "req_id": 1090251921,
                    "timesteps_left": 5,
                    "zone_from": 36,
                    "zone_to": 7
                }
            ],
            "cars": []
        },
        {
            "t": 5,
            "reqs": [
                {
                    "req_id": 569495196,
                    "timesteps_left": 0,
                    "zone_from": 51,
                    "zone_to": 44
                },
                {
                    "req_id": 414352888,
                    "timesteps_left": 1,
                    "zone_from": 8,
                    "zone_to": 56
                },
                {
                    "req_id": 871098758,
                    "timesteps_left": 1,
                    "zone_from": 18,
                    "zone_to": 23
                },
                {
                    "req_id": 1168893367,
                    "timesteps_left": 1,
                    "zone_from": 7,
                    "zone_to": 8
                },
                {
                    "req_id": 727069745,
                    "timesteps_left": 1,
                    "zone_from": 38,
                    "zone_to": 55
                },
                {
                    "req_id": 946601634,
                    "timesteps_left": 2,
                    "zone_from": 13,
                    "zone_to": 39
                },
                {
                    "req_id": 1964761270,
                    "timesteps_left": 0,
                    "zone_from": 35,
                    "zone_to": 59
                },
                {
                    "req_id": 834220940,
                    "timesteps_left": 3,
                    "zone_from": 0,
                    "zone_to": 45
                },
                {
                    "req_id": 1808935955,
                    "timesteps_left": 3,
                    "zone_from": 38,
                    "zone_to": 62
                },
                {
                    "req_id": 1463375742,
                    "timesteps_left": 3,
                    "zone_from": 41,
                    "zone_to": 2
                },
                {
                    "req_id": 58592362,
                    "timesteps_left": 4,
                    "zone_from": 10,
                    "zone_to": 5
                },
                {
                    "req_id": 1059213225,
                    "timesteps_left": 4,
                    "zone_from": 59,
                    "zone_to": 14
                },
                {
                    "req_id": 1006805953,
                    "timesteps_left": 4,
                    "zone_from": 29,
                    "zone_to": 62
                },
                {
                    "req_id": 917765386,
                    "timesteps_left": 0,
                    "zone_from": 23,
                    "zone_to": 31
                },
                {
                    "req_id": 777681188,
                    "timesteps_left": 4,
                    "zone_from": 10,
                    "zone_to": 31
                },
                {
                    "req_id": 1237783077,
                    "timesteps_left": 0,
                    "zone_from": 16,
                    "zone_to": 20
                },
                {
                    "req_id": 1090251921,
                    "timesteps_left": 4,
                    "zone_from": 36,
                    "zone_to": 7
                },
                {
                    "req_id": 1147389620,
                    "timesteps_left": 2,
                    "zone_from": 8,
                    "zone_to": 59
                },
                {
                    "req_id": 1092529715,
                    "timesteps_left": 4,
                    "zone_from": 42,
                    "zone_to": 59
                },
                {
                    "req_id": 2071388164,
                    "timesteps_left": 0,
                    "zone_from": 36,
                    "zone_to": 29
                },
                {
                    "req_id": 1961900946,
                    "timesteps_left": 3,
                    "zone_from": 19,
                    "zone_to": 29
                },
                {
                    "req_id": 255542782,
                    "timesteps_left": 2,
                    "zone_from": 50,
                    "zone_to": 10
                },
                {
                    "req_id": 491006146,
                    "timesteps_left": 3,
                    "zone_from": 42,
                    "zone_to": 10
                },
                {
                    "req_id": 558935132,
                    "timesteps_left": 0,
                    "zone_from": 62,
                    "zone_to": 16
                },
                {
                    "req_id": 651359347,
                    "timesteps_left": 2,
                    "zone_from": 61,
                    "zone_to": 61
                },
                {
                    "req_id": 697088109,
                    "timesteps_left": 1,
                    "zone_from": 36,
                    "zone_to": 37
                },
                {
                    "req_id": 1534034133,
                    "timesteps_left": 1,
                    "zone_from": 58,
                    "zone_to": 37
                },
                {
                    "req_id": 1811310513,
                    "timesteps_left": 2,
                    "zone_from": 2,
                    "zone_to": 42
                },
                {
                    "req_id": 903644807,
                    "timesteps_left": 3,
                    "zone_from": 59,
                    "zone_to": 42
                },
                {
                    "req_id": 1450805174,
                    "timesteps_left": 2,
                    "zone_from": 59,
                    "zone_to": 59
                },
                {
                    "req_id": 996578595,
                    "timesteps_left": 5,
                    "zone_from": 52,
                    "zone_to": 55
                },
                {
                    "req_id": 1454861187,
                    "timesteps_left": 5,
                    "zone_from": 14,
                    "zone_to": 32
                },
                {
                    "req_id": 606932922,
                    "timesteps_left": 5,
                    "zone_from": 47,
                    "zone_to": 41
                },
                {
                    "req_id": 139100070,
                    "timesteps_left": 5,
                    "zone_from": 27,
                    "zone_to": 18
                },
                {
                    "req_id": 1204630095,
                    "timesteps_left": 5,
                    "zone_from": 30,
                    "zone_to": 55
                },
                {
                    "req_id": 314810137,
                    "timesteps_left": 5,
                    "zone_from": 3,
                    "zone_to": 12
                }
            ],
            "cars": [
                {
                    "car_id": 80463195,
                    "n_reqs": 2,
                    "reqs_in_car": [
                        917765386,
                        777681188
                    ],
                    "path": [
                        10,
                        23,
                        31,
                        31
                    ],
                    "reward": 0.0656799,
                    "icds": [
                        0,
                        194
                    ],
                    "dist_red": 1883.0
                },
                {
                    "car_id": 923639698,
                    "n_reqs": 2,
                    "reqs_in_car": [
                        1237783077,
                        1090251921
                    ],
                    "path": [
                        36,
                        16,
                        20,
                        7
                    ],
                    "reward": 0.0186414,
                    "icds": [
                        0,
                        539
                    ],
                    "dist_red": 4836.0
                },
                {
                    "car_id": 904786334,
                    "n_reqs": 2,
                    "reqs_in_car": [
                        2071388164,
                        1961900946
                    ],
                    "path": [
                        19,
                        36,
                        29,
                        29
                    ],
                    "reward": 0.0465628,
                    "icds": [
                        0,
                        347
                    ],
                    "dist_red": 2759.0
                },
                {
                    "car_id": 1834271687,
                    "n_reqs": 3,
                    "reqs_in_car": [
                        558935132,
                        139100070,
                        651359347
                    ],
                    "path": [
                        62,
                        61,
                        61,
                        27,
                        18,
                        16
                    ],
                    "reward": 0.176979,
                    "icds": [
                        391,
                        0,
                        0
                    ],
                    "dist_red": 4744.0
                }
            ]
        },
        {
            "t": 6,
            "reqs": [
                {
                    "req_id": 414352888,
                    "timesteps_left": 0,
                    "zone_from": 8,
                    "zone_to": 56
                },
                {
                    "req_id": 871098758,
                    "timesteps_left": 0,
                    "zone_from": 18,
                    "zone_to": 23
                },
                {
                    "req_id": 1168893367,
                    "timesteps_left": 0,
                    "zone_from": 7,
                    "zone_to": 8
                },
                {
                    "req_id": 946601634,
                    "timesteps_left": 1,
                    "zone_from": 13,
                    "zone_to": 39
                },
                {
                    "req_id": 834220940,
                    "timesteps_left": 2,
                    "zone_from": 0,
                    "zone_to": 45
                },
                {
                    "req_id": 1808935955,
                    "timesteps_left": 2,
                    "zone_from": 38,
                    "zone_to": 62
                },
                {
                    "req_id": 1463375742,
                    "timesteps_left": 2,
                    "zone_from": 41,
                    "zone_to": 2
                },
                {
                    "req_id": 58592362,
                    "timesteps_left": 3,
                    "zone_from": 10,
                    "zone_to": 5
                },
                {
                    "req_id": 1059213225,
                    "timesteps_left": 3,
                    "zone_from": 59,
                    "zone_to": 14
                },
                {
                    "req_id": 1006805953,
                    "timesteps_left": 3,
                    "zone_from": 29,
                    "zone_to": 62
                },
                {
                    "req_id": 996578595,
                    "timesteps_left": 4,
                    "zone_from": 52,
                    "zone_to": 55
                },
                {
                    "req_id": 1454861187,
                    "timesteps_left": 4,
                    "zone_from": 14,
                    "zone_to": 32
                },
                {
                    "req_id": 606932922,
                    "timesteps_left": 4,
                    "zone_from": 47,
                    "zone_to": 41
                },
                {
                    "req_id": 314810137,
                    "timesteps_left": 4,
                    "zone_from": 3,
                    "zone_to": 12
                },
                {
                    "req_id": 727069745,
                    "timesteps_left": 0,
                    "zone_from": 38,
                    "zone_to": 55
                },
                {
                    "req_id": 1204630095,
                    "timesteps_left": 4,
                    "zone_from": 30,
                    "zone_to": 55
                },
                {
                    "req_id": 1147389620,
                    "timesteps_left": 1,
                    "zone_from": 8,
                    "zone_to": 59
                },
                {
                    "req_id": 1092529715,
                    "timesteps_left": 3,
                    "zone_from": 42,
                    "zone_to": 59
                },
                {
                    "req_id": 255542782,
                    "timesteps_left": 1,
                    "zone_from": 50,
                    "zone_to": 10
                },
                {
                    "req_id": 491006146,
                    "timesteps_left": 2,
                    "zone_from": 42,
                    "zone_to": 10
                },
                {
                    "req_id": 697088109,
                    "timesteps_left": 0,
                    "zone_from": 36,
                    "zone_to": 37
                },
                {
                    "req_id": 1534034133,
                    "timesteps_left": 0,
                    "zone_from": 58,
                    "zone_to": 37
                },
                {
                    "req_id": 1811310513,
                    "timesteps_left": 1,
                    "zone_from": 2,
                    "zone_to": 42
                },
                {
                    "req_id": 903644807,
                    "timesteps_left": 2,
                    "zone_from": 59,
                    "zone_to": 42
                },
                {
                    "req_id": 1450805174,
                    "timesteps_left": 1,
                    "zone_from": 59,
                    "zone_to": 59
                },
                {
                    "req_id": 2019435346,
                    "timesteps_left": 5,
                    "zone_from": 10,
                    "zone_to": 55
                },
                {
                    "req_id": 1589864216,
                    "timesteps_left": 5,
                    "zone_from": 13,
                    "zone_to": 0
                },
                {
                    "req_id": 1694434071,
                    "timesteps_left": 5,
                    "zone_from": 10,
                    "zone_to": 40
                },
                {
                    "req_id": 787673056,
                    "timesteps_left": 5,
                    "zone_from": 59,
                    "zone_to": 41
                },
                {
                    "req_id": 1290856876,
                    "timesteps_left": 5,
                    "zone_from": 27,
                    "zone_to": 28
                },
                {
                    "req_id": 647150183,
                    "timesteps_left": 5,
                    "zone_from": 46,
                    "zone_to": 51
                }
            ],
            "cars": [
                {
                    "car_id": 1218468494,
                    "n_reqs": 2,
                    "reqs_in_car": [
                        727069745,
                        1204630095
                    ],
                    "path": [
                        38,
                        30,
                        55,
                        55
                    ],
                    "reward": 0.0815779,
                    "icds": [
                        149,
                        0
                    ],
                    "dist_red": 1786.0
                },
                {
                    "car_id": 1998970085,
                    "n_reqs": 2,
                    "reqs_in_car": [
                        697088109,
                        1534034133
                    ],
                    "path": [
                        58,
                        36,
                        37,
                        37
                    ],
                    "reward": 0.0437705,
                    "icds": [
                        0,
                        160
                    ],
                    "dist_red": 753.0
                }
            ]
        },
        {
            "t": 7,
            "reqs": [
                {
                    "req_id": 834220940,
                    "timesteps_left": 1,
                    "zone_from": 0,
                    "zone_to": 45
                },
                {
                    "req_id": 1808935955,
                    "timesteps_left": 1,
                    "zone_from": 38,
                    "zone_to": 62
                },
                {
                    "req_id": 1463375742,
                    "timesteps_left": 1,
                    "zone_from": 41,
                    "zone_to": 2
                },
                {
                    "req_id": 1059213225,
                    "timesteps_left": 2,
                    "zone_from": 59,
                    "zone_to": 14
                },
                {
                    "req_id": 1006805953,
                    "timesteps_left": 2,
                    "zone_from": 29,
                    "zone_to": 62
                },
                {
                    "req_id": 996578595,
                    "timesteps_left": 3,
                    "zone_from": 52,
                    "zone_to": 55
                },
                {
                    "req_id": 1454861187,
                    "timesteps_left": 3,
                    "zone_from": 14,
                    "zone_to": 32
                },
                {
                    "req_id": 606932922,
                    "timesteps_left": 3,
                    "zone_from": 47,
                    "zone_to": 41
                },
                {
                    "req_id": 314810137,
                    "timesteps_left": 3,
                    "zone_from": 3,
                    "zone_to": 12
                },
                {
                    "req_id": 1290856876,
                    "timesteps_left": 4,
                    "zone_from": 27,
                    "zone_to": 28
                },
                {
                    "req_id": 647150183,
                    "timesteps_left": 4,
                    "zone_from": 46,
                    "zone_to": 51
                },
                {
                    "req_id": 946601634,
                    "timesteps_left": 0,
                    "zone_from": 13,
                    "zone_to": 39
                },
                {
                    "req_id": 1589864216,
                    "timesteps_left": 4,
                    "zone_from": 13,
                    "zone_to": 0
                },
                {
                    "req_id": 255542782,
                    "timesteps_left": 0,
                    "zone_from": 50,
                    "zone_to": 10
                },
                {
                    "req_id": 491006146,
                    "timesteps_left": 1,
                    "zone_from": 42,
                    "zone_to": 10
                },
                {
                    "req_id": 2019435346,
                    "timesteps_left": 4,
                    "zone_from": 10,
                    "zone_to": 55
                },
                {
                    "req_id": 1694434071,
                    "timesteps_left": 4,
                    "zone_from": 10,
                    "zone_to": 40
                },
                {
                    "req_id": 58592362,
                    "timesteps_left": 2,
                    "zone_from": 10,
                    "zone_to": 5
                },
                {
                    "req_id": 1147389620,
                    "timesteps_left": 0,
                    "zone_from": 8,
                    "zone_to": 59
                },
                {
                    "req_id": 1092529715,
                    "timesteps_left": 2,
                    "zone_from": 42,
                    "zone_to": 59
                },
                {
                    "req_id": 787673056,
                    "timesteps_left": 4,
                    "zone_from": 59,
                    "zone_to": 41
                },
                {
                    "req_id": 1811310513,
                    "timesteps_left": 0,
                    "zone_from": 2,
                    "zone_to": 42
                },
                {
                    "req_id": 903644807,
                    "timesteps_left": 1,
                    "zone_from": 59,
                    "zone_to": 42
                },
                {
                    "req_id": 1450805174,
                    "timesteps_left": 0,
                    "zone_from": 59,
                    "zone_to": 59
                },
                {
                    "req_id": 322408276,
                    "timesteps_left": 5,
                    "zone_from": 44,
                    "zone_to": 39
                },
                {
                    "req_id": 1657478714,
                    "timesteps_left": 5,
                    "zone_from": 14,
                    "zone_to": 20
                },
                {
                    "req_id": 1370272628,
                    "timesteps_left": 5,
                    "zone_from": 13,
                    "zone_to": 13
                },
                {
                    "req_id": 1734860682,
                    "timesteps_left": 5,
                    "zone_from": 32,
                    "zone_to": 62
                },
                {
                    "req_id": 1068688376,
                    "timesteps_left": 5,
                    "zone_from": 39,
                    "zone_to": 6
                },
                {
                    "req_id": 11591224,
                    "timesteps_left": 5,
                    "zone_from": 38,
                    "zone_to": 53
                }
            ],
            "cars": [
                {
                    "car_id": 35157244,
                    "n_reqs": 2,
                    "reqs_in_car": [
                        255542782,
                        491006146
                    ],
                    "path": [
                        50,
                        42,
                        10,
                        10
                    ],
                    "reward": 0.101875,
                    "icds": [
                        72,
                        0
                    ],
                    "dist_red": 864.0
                },
                {
                    "car_id": 829578956,
                    "n_reqs": 3,
                    "reqs_in_car": [
                        1589864216,
                        1370272628,
                        946601634
                    ],
                    "path": [
                        13,
                        13,
                        13,
                        13,
                        0,
                        39
                    ],
                    "reward": 0.145446,
                    "icds": [
                        0,
                        0,
                        75
                    ],
                    "dist_red": 243.0
                },
                {
                    "car_id": 961325278,
                    "n_reqs": 3,
                    "reqs_in_car": [
                        1147389620,
                        1092529715,
                        787673056
                    ],
                    "path": [
                        8,
                        59,
                        41,
                        42,
                        59,
                        59
                    ],
                    "reward": 0.0532049,
                    "icds": [
                        0,
                        0,
                        0
                    ],
                    "dist_red": -2097.0
                },
                {
                    "car_id": 2040392113,
                    "n_reqs": 3,
                    "reqs_in_car": [
                        1811310513,
                        903644807,
                        1450805174
                    ],
                    "path": [
                        2,
                        59,
                        59,
                        59,
                        42,
                        42
                    ],
                    "reward": 0.248439,
                    "icds": [
                        183,
                        0,
                        0
                    ],
                    "dist_red": 3094.0
                }
            ]
        },
        {
            "t": 8,
            "reqs": [
                {
                    "req_id": 834220940,
                    "timesteps_left": 0,
                    "zone_from": 0,
                    "zone_to": 45
                },
                {
                    "req_id": 1463375742,
                    "timesteps_left": 0,
                    "zone_from": 41,
                    "zone_to": 2
                },
                {
                    "req_id": 1059213225,
                    "timesteps_left": 1,
                    "zone_from": 59,
                    "zone_to": 14
                },
                {
                    "req_id": 1006805953,
                    "timesteps_left": 1,
                    "zone_from": 29,
                    "zone_to": 62
                },
                {
                    "req_id": 996578595,
                    "timesteps_left": 2,
                    "zone_from": 52,
                    "zone_to": 55
                },
                {
                    "req_id": 1454861187,
                    "timesteps_left": 2,
                    "zone_from": 14,
                    "zone_to": 32
                },
                {
                    "req_id": 606932922,
                    "timesteps_left": 2,
                    "zone_from": 47,
                    "zone_to": 41
                },
                {
                    "req_id": 314810137,
                    "timesteps_left": 2,
                    "zone_from": 3,
                    "zone_to": 12
                },
                {
                    "req_id": 1290856876,
                    "timesteps_left": 3,
                    "zone_from": 27,
                    "zone_to": 28
                },
                {
                    "req_id": 647150183,
                    "timesteps_left": 3,
                    "zone_from": 46,
                    "zone_to": 51
                },
                {
                    "req_id": 322408276,
                    "timesteps_left": 4,
                    "zone_from": 44,
                    "zone_to": 39
                },
                {
                    "req_id": 1657478714,
                    "timesteps_left": 4,
                    "zone_from": 14,
                    "zone_to": 20
                },
                {
                    "req_id": 1734860682,
                    "timesteps_left": 4,
                    "zone_from": 32,
                    "zone_to": 62
                },
                {
                    "req_id": 1808935955,
                    "timesteps_left": 0,
                    "zone_from": 38,
                    "zone_to": 62
                },
                {
                    "req_id": 11591224,
                    "timesteps_left": 4,
                    "zone_from": 38,
                    "zone_to": 53
                },
                {
                    "req_id": 2019435346,
                    "timesteps_left": 3,
                    "zone_from": 10,
                    "zone_to": 55
                },
                {
                    "req_id": 1694434071,
                    "timesteps_left": 3,
                    "zone_from": 10,
                    "zone_to": 40
                },
                {
                    "req_id": 58592362,
                    "timesteps_left": 1,
                    "zone_from": 10,
                    "zone_to": 5
                },
                {
                    "req_id": 1068688376,
                    "timesteps_left": 4,
                    "zone_from": 39,
                    "zone_to": 6
                },
                {
                    "req_id": 478303045,
                    "timesteps_left": 5,
                    "zone_from": 52,
                    "zone_to": 12
                },
                {
                    "req_id": 724940061,
                    "timesteps_left": 5,
                    "zone_from": 51,
                    "zone_to": 59
                },
                {
                    "req_id": 2101682874,
                    "timesteps_left": 5,
                    "zone_from": 55,
                    "zone_to": 52
                },
                {
                    "req_id": 2040882473,
                    "timesteps_left": 5,
                    "zone_from": 30,
                    "zone_to": 53
                },
                {
                    "req_id": 109338925,
                    "timesteps_left": 5,
                    "zone_from": 46,
                    "zone_to": 41
                },
                {
                    "req_id": 615818029,
                    "timesteps_left": 5,
                    "zone_from": 8,
                    "zone_to": 38
                }
            ],
            "cars": [
                {
                    "car_id": 1168556192,
                    "n_reqs": 2,
                    "reqs_in_car": [
                        1808935955,
                        11591224
                    ],
                    "path": [
                        38,
                        38,
                        53,
                        62
                    ],
                    "reward": 0.145822,
                    "icds": [
                        45,
                        0
                    ],
                    "dist_red": 1538.0
                }
            ]
        },
        {
            "t": 9,
            "reqs": [
                {
                    "req_id": 1059213225,
                    "timesteps_left": 0,
                    "zone_from": 59,
                    "zone_to": 14
                },
                {
                    "req_id": 1006805953,
                    "timesteps_left": 0,
                    "zone_from": 29,
                    "zone_to": 62
                },
                {
                    "req_id": 996578595,
                    "timesteps_left": 1,
                    "zone_from": 52,
                    "zone_to": 55
                },
                {
                    "req_id": 1454861187,
                    "timesteps_left": 1,
                    "zone_from": 14,
                    "zone_to": 32
                },
                {
                    "req_id": 606932922,
                    "timesteps_left": 1,
                    "zone_from": 47,
                    "zone_to": 41
                },
                {
                    "req_id": 314810137,
                    "timesteps_left": 1,
                    "zone_from": 3,
                    "zone_to": 12
                },
                {
                    "req_id": 1290856876,
                    "timesteps_left": 2,
                    "zone_from": 27,
                    "zone_to": 28
                },
                {
                    "req_id": 322408276,
                    "timesteps_left": 3,
                    "zone_from": 44,
                    "zone_to": 39
                },
                {
                    "req_id": 1657478714,
                    "timesteps_left": 3,
                    "zone_from": 14,
                    "zone_to": 20
                },
                {
                    "req_id": 1734860682,
                    "timesteps_left": 3,
                    "zone_from": 32,
                    "zone_to": 62
                },
                {
                    "req_id": 2040882473,
                    "timesteps_left": 4,
                    "zone_from": 30,
                    "zone_to": 53
                },
                {
                    "req_id": 615818029,
                    "timesteps_left": 4,
                    "zone_from": 8,
                    "zone_to": 38
                },
                {
                    "req_id": 1694434071,
                    "timesteps_left": 2,
                    "zone_from": 10,
                    "zone_to": 40
                },
                {
                    "req_id": 1068688376,
                    "timesteps_left": 3,
                    "zone_from": 39,
                    "zone_to": 6
                },
                {
                    "req_id": 647150183,
                    "timesteps_left": 2,
                    "zone_from": 46,
                    "zone_to": 51
                },
                {
                    "req_id": 724940061,
                    "timesteps_left": 4,
                    "zone_from": 51,
                    "zone_to": 59
                },
                {
                    "req_id": 109338925,
                    "timesteps_left": 4,
                    "zone_from": 46,
                    "zone_to": 41
                },
                {
                    "req_id": 2019435346,
                    "timesteps_left": 2,
                    "zone_from": 10,
                    "zone_to": 55
                },
                {
                    "req_id": 58592362,
                    "timesteps_left": 0,
                    "zone_from": 10,
                    "zone_to": 5
                },
                {
                    "req_id": 2101682874,
                    "timesteps_left": 4,
                    "zone_from": 55,
                    "zone_to": 52
                },
                {
                    "req_id": 478303045,
                    "timesteps_left": 4,
                    "zone_from": 52,
                    "zone_to": 12
                },
                {
                    "req_id": 263426277,
                    "timesteps_left": 5,
                    "zone_from": 40,
                    "zone_to": 52
                },
                {
                    "req_id": 242359651,
                    "timesteps_left": 5,
                    "zone_from": 42,
                    "zone_to": 48
                },
                {
                    "req_id": 1376741595,
                    "timesteps_left": 5,
                    "zone_from": 39,
                    "zone_to": 51
                },
                {
                    "req_id": 297427326,
                    "timesteps_left": 5,
                    "zone_from": 48,
                    "zone_to": 42
                },
                {
                    "req_id": 373107634,
                    "timesteps_left": 5,
                    "zone_from": 51,
                    "zone_to": 33
                },
                {
                    "req_id": 1437155054,
                    "timesteps_left": 5,
                    "zone_from": 41,
                    "zone_to": 26
                }
            ],
            "cars": [
                {
                    "car_id": 618295162,
                    "n_reqs": 2,
                    "reqs_in_car": [
                        1068688376,
                        373107634
                    ],
                    "path": [
                        51,
                        39,
                        6,
                        33
                    ],
                    "reward": 0.0772061,
                    "icds": [
                        0,
                        404
                    ],
                    "dist_red": 5431.0
                },
                {
                    "car_id": 1912490670,
                    "n_reqs": 4,
                    "reqs_in_car": [
                        647150183,
                        109338925,
                        1437155054,
                        1376741595
                    ],
                    "path": [
                        46,
                        46,
                        41,
                        41,
                        26,
                        39,
                        51,
                        51
                    ],
                    "reward": 0.240914,
                    "icds": [
                        701,
                        0,
                        0,
                        0
                    ],
                    "dist_red": 4565.0
                },
                {
                    "car_id": 1659312026,
                    "n_reqs": 4,
                    "reqs_in_car": [
                        2019435346,
                        58592362,
                        2101682874,
                        478303045
                    ],
                    "path": [
                        10,
                        10,
                        55,
                        55,
                        52,
                        52,
                        12,
                        5
                    ],
                    "reward": 0.201792,
                    "icds": [
                        0,
                        1027,
                        0,
                        0
                    ],
                    "dist_red": 7599.0
                }
            ]
        }
    ],
    "serv_rate": 60.0,
    "n_cars": 14,
    "avg_occ": 1.9428571428571428,
    "dist_red": 37.998,
    "dist_red_perc": 10,
    "trip_red": 22,
    "trip_red_perc": 22,
    "kg_co2_red": 4,
    "icd_mean": 56
}