{
    "timesteps": [
        {
            "t": 0,
            "reqs": [
                {
                    "req_id": 1483009217,
                    "timesteps_left": 5,
                    "zone_from": 20,
                    "zone_to": 29
                },
                {
                    "req_id": 1946520402,
                    "timesteps_left": 5,
                    "zone_from": 17,
                    "zone_to": 62
                },
                {
                    "req_id": 2109702072,
                    "timesteps_left": 5,
                    "zone_from": 51,
                    "zone_to": 32
                },
                {
                    "req_id": 1362559202,
                    "timesteps_left": 5,
                    "zone_from": 13,
                    "zone_to": 19
                },
                {
                    "req_id": 2027776994,
                    "timesteps_left": 5,
                    "zone_from": 51,
                    "zone_to": 32
                },
                {
                    "req_id": 907201846,
                    "timesteps_left": 5,
                    "zone_from": 37,
                    "zone_to": 41
                },
                {
                    "req_id": 1010327977,
                    "timesteps_left": 5,
                    "zone_from": 46,
                    "zone_to": 35
                },
                {
                    "req_id": 41793578,
                    "timesteps_left": 5,
                    "zone_from": 41,
                    "zone_to": 62
                }
            ],
            "cars": []
        },
        {
            "t": 1,
            "reqs": [
                {
                    "req_id": 2109702072,
                    "timesteps_left": 4,
                    "zone_from": 51,
                    "zone_to": 32
                },
                {
                    "req_id": 2027776994,
                    "timesteps_left": 4,
                    "zone_from": 51,
                    "zone_to": 32
                },
                {
                    "req_id": 1362559202,
                    "timesteps_left": 4,
                    "zone_from": 13,
                    "zone_to": 19
                },
                {
                    "req_id": 1946520402,
                    "timesteps_left": 4,
                    "zone_from": 17,
                    "zone_to": 62
                },
                {
                    "req_id": 41793578,
                    "timesteps_left": 4,
                    "zone_from": 41,
                    "zone_to": 62
                },
                {
                    "req_id": 907201846,
                    "timesteps_left": 4,
                    "zone_from": 37,
                    "zone_to": 41
                },
                {
                    "req_id": 1483009217,
                    "timesteps_left": 4,
                    "zone_from": 20,
                    "zone_to": 29
                },
                {
                    "req_id": 1010327977,
                    "timesteps_left": 4,
                    "zone_from": 46,
                    "zone_to": 35
                },
                {
                    "req_id": 1079856777,
                    "timesteps_left": 5,
                    "zone_from": 51,
                    "zone_to": 48
                },
                {
                    "req_id": 266743866,
                    "timesteps_left": 5,
                    "zone_from": 58,
                    "zone_to": 37
                },
                {
                    "req_id": 615278691,
                    "timesteps_left": 5,
                    "zone_from": 9,
                    "zone_to": 0
                },
                {
                    "req_id": 307878465,
                    "timesteps_left": 5,
                    "zone_from": 39,
                    "zone_to": 49
                },
                {
                    "req_id": 896086135,
                    "timesteps_left": 5,
                    "zone_from": 8,
                    "zone_to": 50
                },
                {
                    "req_id": 799045892,
                    "timesteps_left": 5,
                    "zone_from": 18,
                    "zone_to": 44
                },
                {
                    "req_id": 582782700,
                    "timesteps_left": 5,
                    "zone_from": 8,
                    "zone_to": 10
                },
                {
                    "req_id": 381877084,
                    "timesteps_left": 5,
                    "zone_from": 42,
                    "zone_to": 13
                }
            ],
            "cars": []
        },
        {
            "t": 2,
            "reqs": [
                {
                    "req_id": 1483009217,
                    "timesteps_left": 3,
                    "zone_from": 20,
                    "zone_to": 29
                },
                {
                    "req_id": 2109702072,
                    "timesteps_left": 3,
                    "zone_from": 51,
                    "zone_to": 32
                },
                {
                    "req_id": 2027776994,
                    "timesteps_left": 3,
                    "zone_from": 51,
                    "zone_to": 32
                },
                {
                    "req_id": 799045892,
                    "timesteps_left": 4,
                    "zone_from": 18,
                    "zone_to": 44
                },
                {
                    "req_id": 307878465,
                    "timesteps_left": 4,
                    "zone_from": 39,
                    "zone_to": 49
                },
                {
                    "req_id": 1079856777,
                    "timesteps_left": 4,
                    "zone_from": 51,
                    "zone_to": 48
                },
                {
                    "req_id": 1010327977,
                    "timesteps_left": 3,
                    "zone_from": 46,
                    "zone_to": 35
                },
                {
                    "req_id": 381877084,
                    "timesteps_left": 4,
                    "zone_from": 42,
                    "zone_to": 13
                },
                {
                    "req_id": 615278691,
                    "timesteps_left": 4,
                    "zone_from": 9,
                    "zone_to": 0
                },
                {
                    "req_id": 1362559202,
                    "timesteps_left": 3,
                    "zone_from": 13,
                    "zone_to": 19
                },
                {
                    "req_id": 582782700,
                    "timesteps_left": 4,
                    "zone_from": 8,
                    "zone_to": 10
                },
                {
                    "req_id": 1946520402,
                    "timesteps_left": 3,
                    "zone_from": 17,
                    "zone_to": 62
                },
                {
                    "req_id": 41793578,
                    "timesteps_left": 3,
                    "zone_from": 41,
                    "zone_to": 62
                },
                {
                    "req_id": 266743866,
                    "timesteps_left": 4,
                    "zone_from": 58,
                    "zone_to": 37
                },
                {
                    "req_id": 907201846,
                    "timesteps_left": 3,
                    "zone_from": 37,
                    "zone_to": 41
                },
                {
                    "req_id": 896086135,
                    "timesteps_left": 4,
                    "zone_from": 8,
                    "zone_to": 50
                },
                {
                    "req_id": 1753088427,
                    "timesteps_left": 5,
                    "zone_from": 29,
                    "zone_to": 33
                },
                {
                    "req_id": 1941683133,
                    "timesteps_left": 5,
                    "zone_from": 52,
                    "zone_to": 27
                },
                {
                    "req_id": 1503446490,
                    "timesteps_left": 5,
                    "zone_from": 55,
                    "zone_to": 5
                },
                {
                    "req_id": 1394950991,
                    "timesteps_left": 5,
                    "zone_from": 48,
                    "zone_to": 18
                },
                {
                    "req_id": 1107095290,
                    "timesteps_left": 5,
                    "zone_from": 39,
                    "zone_to": 41
                },
                {
                    "req_id": 2054449848,
                    "timesteps_left": 5,
                    "zone_from": 13,
                    "zone_to": 41
                },
                {
                    "req_id": 1958437785,
                    "timesteps_left": 5,
                    "zone_from": 60,
                    "zone_to": 32
                },
                {
                    "req_id": 420303781,
                    "timesteps_left": 5,
                    "zone_from": 10,
                    "zone_to": 42
                }
            ],
            "cars": []
        },
        {
            "t": 3,
            "reqs": [
                {
                    "req_id": 1753088427,
                    "timesteps_left": 4,
                    "zone_from": 29,
                    "zone_to": 33
                },
                {
                    "req_id": 1503446490,
                    "timesteps_left": 4,
                    "zone_from": 55,
                    "zone_to": 5
                },
                {
                    "req_id": 1010327977,
                    "timesteps_left": 2,
                    "zone_from": 46,
                    "zone_to": 35
                },
                {
                    "req_id": 907201846,
                    "timesteps_left": 2,
                    "zone_from": 37,
                    "zone_to": 41
                },
                {
                    "req_id": 1362559202,
                    "timesteps_left": 2,
                    "zone_from": 13,
                    "zone_to": 19
                },
                {
                    "req_id": 615278691,
                    "timesteps_left": 3,
                    "zone_from": 9,
                    "zone_to": 0
                },
                {
                    "req_id": 582782700,
                    "timesteps_left": 3,
                    "zone_from": 8,
                    "zone_to": 10
                },
                {
                    "req_id": 381877084,
                    "timesteps_left": 3,
                    "zone_from": 42,
                    "zone_to": 13
                },
                {
                    "req_id": 420303781,
                    "timesteps_left": 4,
                    "zone_from": 10,
                    "zone_to": 42
                },
                {
                    "req_id": 1394950991,
                    "timesteps_left": 4,
                    "zone_from": 48,
                    "zone_to": 18
                },
                {
                    "req_id": 1958437785,
                    "timesteps_left": 4,
                    "zone_from": 60,
                    "zone_to": 32
                },
                {
                    "req_id": 2054449848,
                    "timesteps_left": 4,
                    "zone_from": 13,
                    "zone_to": 41
                },
                {
                    "req_id": 1483009217,
                    "timesteps_left": 2,
                    "zone_from": 20,
                    "zone_to": 29
                },
                {
                    "req_id": 1079856777,
                    "timesteps_left": 3,
                    "zone_from": 51,
                    "zone_to": 48
                },
                {
                    "req_id": 799045892,
                    "timesteps_left": 3,
                    "zone_from": 18,
                    "zone_to": 44
                },
                {
                    "req_id": 307878465,
                    "timesteps_left": 3,
                    "zone_from": 39,
                    "zone_to": 49
                },
                {
                    "req_id": 1107095290,
                    "timesteps_left": 4,
                    "zone_from": 39,
                    "zone_to": 41
                },
                {
                    "req_id": 2109702072,
                    "timesteps_left": 2,
                    "zone_from": 51,
                    "zone_to": 32
                },
                {
                    "req_id": 2027776994,
                    "timesteps_left": 2,
                    "zone_from": 51,
                    "zone_to": 32
                },
                {
                    "req_id": 1946520402,
                    "timesteps_left": 2,
                    "zone_from": 17,
                    "zone_to": 62
                },
                {
                    "req_id": 41793578,
                    "timesteps_left": 2,
                    "zone_from": 41,
                    "zone_to": 62
                },
                {
                    "req_id": 266743866,
                    "timesteps_left": 3,
                    "zone_from": 58,
                    "zone_to": 37
                },
                {
                    "req_id": 896086135,
                    "timesteps_left": 3,
                    "zone_from": 8,
                    "zone_to": 50
                },
                {
                    "req_id": 1941683133,
                    "timesteps_left": 4,
                    "zone_from": 52,
                    "zone_to": 27
                },
                {
                    "req_id": 1134595079,
                    "timesteps_left": 5,
                    "zone_from": 16,
                    "zone_to": 2
                },
                {
                    "req_id": 61149210,
                    "timesteps_left": 5,
                    "zone_from": 62,
                    "zone_to": 12
                },
                {
                    "req_id": 308962341,
                    "timesteps_left": 5,
                    "zone_from": 62,
                    "zone_to": 59
                },
                {
                    "req_id": 1607203531,
                    "timesteps_left": 5,
                    "zone_from": 51,
                    "zone_to": 39
                },
                {
                    "req_id": 255131778,
                    "timesteps_left": 5,
                    "zone_from": 47,
                    "zone_to": 48
                },
                {
                    "req_id": 235449989,
                    "timesteps_left": 5,
                    "zone_from": 18,
                    "zone_to": 8
                },
                {
                    "req_id": 1940406078,
                    "timesteps_left": 5,
                    "zone_from": 32,
                    "zone_to": 0
                },
                {
                    "req_id": 1485199585,
                    "timesteps_left": 5,
                    "zone_from": 46,
                    "zone_to": 27
                }
            ],
            "cars": []
        },
        {
            "t": 4,
            "reqs": [
                {
                    "req_id": 1753088427,
                    "timesteps_left": 3,
                    "zone_from": 29,
                    "zone_to": 33
                },
                {
                    "req_id": 1503446490,
                    "timesteps_left": 3,
                    "zone_from": 55,
                    "zone_to": 5
                },
                {
                    "req_id": 1010327977,
                    "timesteps_left": 1,
                    "zone_from": 46,
                    "zone_to": 35
                },
                {
                    "req_id": 582782700,
                    "timesteps_left": 2,
                    "zone_from": 8,
                    "zone_to": 10
                },
                {
                    "req_id": 308962341,
                    "timesteps_left": 4,
                    "zone_from": 62,
                    "zone_to": 59
                },
                {
                    "req_id": 1941683133,
                    "timesteps_left": 3,
                    "zone_from": 52,
                    "zone_to": 27
                },
                {
                    "req_id": 61149210,
                    "timesteps_left": 4,
                    "zone_from": 62,
                    "zone_to": 12
                },
                {
                    "req_id": 615278691,
                    "timesteps_left": 2,
                    "zone_from": 9,
                    "zone_to": 0
                },
                {
                    "req_id": 381877084,
                    "timesteps_left": 2,
                    "zone_from": 42,
                    "zone_to": 13
                },
                {
                    "req_id": 266743866,
                    "timesteps_left": 2,
                    "zone_from": 58,
                    "zone_to": 37
                },
                {
                    "req_id": 907201846,
                    "timesteps_left": 1,
                    "zone_from": 37,
                    "zone_to": 41
                },
                {
                    "req_id": 420303781,
                    "timesteps_left": 3,
                    "zone_from": 10,
                    "zone_to": 42
                },
                {
                    "req_id": 1483009217,
                    "timesteps_left": 1,
                    "zone_from": 20,
                    "zone_to": 29
                },
                {
                    "req_id": 235449989,
                    "timesteps_left": 4,
                    "zone_from": 18,
                    "zone_to": 8
                },
                {
                    "req_id": 2054449848,
                    "timesteps_left": 3,
                    "zone_from": 13,
                    "zone_to": 41
                },
                {
                    "req_id": 1362559202,
                    "timesteps_left": 1,
                    "zone_from": 13,
                    "zone_to": 19
                },
                {
                    "req_id": 1940406078,
                    "timesteps_left": 4,
                    "zone_from": 32,
                    "zone_to": 0
                },
                {
                    "req_id": 2109702072,
                    "timesteps_left": 1,
                    "zone_from": 51,
                    "zone_to": 32
                },
                {
                    "req_id": 2027776994,
                    "timesteps_left": 1,
                    "zone_from": 51,
                    "zone_to": 32
                },
                {
                    "req_id": 1607203531,
                    "timesteps_left": 4,
                    "zone_from": 51,
                    "zone_to": 39
                },
                {
                    "req_id": 1394950991,
                    "timesteps_left": 3,
                    "zone_from": 48,
                    "zone_to": 18
                },
                {
                    "req_id": 1079856777,
                    "timesteps_left": 2,
                    "zone_from": 51,
                    "zone_to": 48
                },
                {
                    "req_id": 799045892,
                    "timesteps_left": 2,
                    "zone_from": 18,
                    "zone_to": 44
                },
                {
                    "req_id": 307878465,
                    "timesteps_left": 2,
                    "zone_from": 39,
                    "zone_to": 49
                },
                {
                    "req_id": 1134595079,
                    "timesteps_left": 4,
                    "zone_from": 16,
                    "zone_to": 2
                },
                {
                    "req_id": 1958437785,
                    "timesteps_left": 3,
                    "zone_from": 60,
                    "zone_to": 32
                },
                {
                    "req_id": 255131778,
                    "timesteps_left": 4,
                    "zone_from": 47,
                    "zone_to": 48
                },
                {
                    "req_id": 1946520402,
                    "timesteps_left": 1,
                    "zone_from": 17,
                    "zone_to": 62
                },
                {
                    "req_id": 41793578,
                    "timesteps_left": 1,
                    "zone_from": 41,
                    "zone_to": 62
                },
                {
                    "req_id": 896086135,
                    "timesteps_left": 2,
                    "zone_from": 8,
                    "zone_to": 50
                },
                {
                    "req_id": 1485199585,
                    "timesteps_left": 4,
                    "zone_from": 46,
                    "zone_to": 27
                },
                {
                    "req_id": 1107095290,
                    "timesteps_left": 3,
                    "zone_from": 39,
                    "zone_to": 41
                },
                {
                    "req_id": 186129840,
                    "timesteps_left": 5,
                    "zone_from": 13,
                    "zone_to": 41
                },
                {
                    "req_id": 402931397,
                    "timesteps_left": 5,
                    "zone_from": 28,
                    "zone_to": 2
                },
                {
                    "req_id": 331435673,
                    "timesteps_left": 5,
                    "zone_from": 44,
                    "zone_to": 20
                },
                {
                    "req_id": 767449465,
                    "timesteps_left": 5,
                    "zone_from": 51,
                    "zone_to": 51
                },
                {
                    "req_id": 1932547356,
                    "timesteps_left": 5,
                    "zone_from": 28,
                    "zone_to": 26
                },
                {
                    "req_id": 531796254,
                    "timesteps_left": 5,
                    "zone_from": 31,
                    "zone_to": 10
                },
                {
                    "req_id": 873243279,
                    "timesteps_left": 5,
                    "zone_from": 4,
                    "zone_to": 21
                },
                {
                    "req_id": 785654895,
                    "timesteps_left": 5,
                    "zone_from": 36,
                    "zone_to": 36
                }
            ],
            "cars": []
        },
        {
            "t": 5,
            "reqs": [
                {
                    "req_id": 1503446490,
                    "timesteps_left": 2,
                    "zone_from": 55,
                    "zone_to": 5
                },
                {
                    "req_id": 873243279,
                    "timesteps_left": 4,
                    "zone_from": 4,
                    "zone_to": 21
                },
                {
                    "req_id": 1753088427,
                    "timesteps_left": 2,
                    "zone_from": 29,
                    "zone_to": 33
                },
                {
                    "req_id": 266743866,
                    "timesteps_left": 1,
                    "zone_from": 58,
                    "zone_to": 37
                },
                {
                    "req_id": 896086135,
                    "timesteps_left": 1,
                    "zone_from": 8,
                    "zone_to": 50
                },
                {
                    "req_id": 907201846,
                    "timesteps_left": 0,
                    "zone_from": 37,
                    "zone_to": 41
                },
                {
                    "req_id": 1946520402,
                    "timesteps_left": 0,
                    "zone_from": 17,
                    "zone_to": 62
                },
                {
                    "req_id": 41793578,
                    "timesteps_left": 0,
                    "zone_from": 41,
                    "zone_to": 62
                },
                {
                    "req_id": 1485199585,
                    "timesteps_left": 3,
                    "zone_from": 46,
                    "zone_to": 27
                },
                {
                    "req_id": 61149210,
                    "timesteps_left": 3,
                    "zone_from": 62,
                    "zone_to": 12
                },
                {
                    "req_id": 1010327977,
                    "timesteps_left": 0,
                    "zone_from": 46,
                    "zone_to": 35
                },
                {
                    "req_id": 582782700,
                    "timesteps_left": 1,
                    "zone_from": 8,
                    "zone_to": 10
                },
                {
                    "req_id": 402931397,
                    "timesteps_left": 4,
                    "zone_from": 28,
                    "zone_to": 2
                },
                {
                    "req_id": 255131778,
                    "timesteps_left": 3,
                    "zone_from": 47,
                    "zone_to": 48
                },
                {
                    "req_id": 785654895,
                    "timesteps_left": 4,
                    "zone_from": 36,
                    "zone_to": 36
                },
                {
                    "req_id": 308962341,
                    "timesteps_left": 3,
                    "zone_from": 62,
                    "zone_to": 59
                },
                {
                    "req_id": 1941683133,
                    "timesteps_left": 2,
                    "zone_from": 52,
                    "zone_to": 27
                },
                {
                    "req_id": 799045892,
                    "timesteps_left": 1,
                    "zone_from": 18,
                    "zone_to": 44
                },
                {
                    "req_id": 1932547356,
                    "timesteps_left": 4,
                    "zone_from": 28,
                    "zone_to": 26
                },
                {
                    "req_id": 331435673,
                    "timesteps_left": 4,
                    "zone_from": 44,
                    "zone_to": 20
                },
                {
                    "req_id": 2109702072,
                    "timesteps_left": 0,
                    "zone_from": 51,
                    "zone_to": 32
                },
                {
                    "req_id": 2027776994,
                    "timesteps_left": 0,
                    "zone_from": 51,
                    "zone_to": 32
                },
                {
                    "req_id": 615278691,
                    "timesteps_left": 1,
                    "zone_from": 9,
                    "zone_to": 0
                },
                {
                    "req_id": 381877084,
                    "timesteps_left": 1,
                    "zone_from": 42,
                    "zone_to": 13
                },
                {
                    "req_id": 1940406078,
                    "timesteps_left": 3,
                    "zone_from": 32,
                    "zone_to": 0
                },
                {
                    "req_id": 1483009217,
                    "timesteps_left": 0,
                    "zone_from": 20,
                    "zone_to": 29
                },
                {
                    "req_id": 531796254,
                    "timesteps_left": 4,
                    "zone_from": 31,
                    "zone_to": 10
                },
                {
                    "req_id": 1394950991,
                    "timesteps_left": 2,
                    "zone_from": 48,
                    "zone_to": 18
                },
                {
                    "req_id": 235449989,
                    "timesteps_left": 3,
                    "zone_from": 18,
                    "zone_to": 8
                },
                {
                    "req_id": 420303781,
                    "timesteps_left": 2,
                    "zone_from": 10,
                    "zone_to": 42
                },
                {
                    "req_id": 2054449848,
                    "timesteps_left": 2,
                    "zone_from": 13,
                    "zone_to": 41
                },
                {
                    "req_id": 186129840,
                    "timesteps_left": 4,
                    "zone_from": 13,
                    "zone_to": 41
                },
                {
                    "req_id": 1362559202,
                    "timesteps_left": 0,
                    "zone_from": 13,
                    "zone_to": 19
                },
                {
                    "req_id": 1107095290,
                    "timesteps_left": 2,
                    "zone_from": 39,
                    "zone_to": 41
                },
                {
                    "req_id": 1607203531,
                    "timesteps_left": 3,
                    "zone_from": 51,
                    "zone_to": 39
                },
                {
                    "req_id": 1079856777,
                    "timesteps_left": 1,
                    "zone_from": 51,
                    "zone_to": 48
                },
                {
                    "req_id": 1134595079,
                    "timesteps_left": 3,
                    "zone_from": 16,
                    "zone_to": 2
                },
                {
                    "req_id": 767449465,
                    "timesteps_left": 4,
                    "zone_from": 51,
                    "zone_to": 51
                },
                {
                    "req_id": 307878465,
                    "timesteps_left": 1,
                    "zone_from": 39,
                    "zone_to": 49
                },
                {
                    "req_id": 1958437785,
                    "timesteps_left": 2,
                    "zone_from": 60,
                    "zone_to": 32
                },
                {
                    "req_id": 1079566073,
                    "timesteps_left": 5,
                    "zone_from": 18,
                    "zone_to": 32
                },
                {
                    "req_id": 533115151,
                    "timesteps_left": 5,
                    "zone_from": 10,
                    "zone_to": 12
                },
                {
                    "req_id": 1321233033,
                    "timesteps_left": 5,
                    "zone_from": 20,
                    "zone_to": 37
                },
                {
                    "req_id": 1400757272,
                    "timesteps_left": 5,
                    "zone_from": 28,
                    "zone_to": 50
                },
                {
                    "req_id": 686159324,
                    "timesteps_left": 5,
                    "zone_from": 8,
                    "zone_to": 29
                },
                {
                    "req_id": 635853366,
                    "timesteps_left": 5,
                    "zone_from": 59,
                    "zone_to": 61
                },
                {
                    "req_id": 1819939298,
                    "timesteps_left": 5,
                    "zone_from": 18,
                    "zone_to": 37
                },
                {
                    "req_id": 565809382,
                    "timesteps_left": 5,
                    "zone_from": 51,
                    "zone_to": 29
                }
            ],
            "cars": [
                {
                    "car_id": 1721924901,
                    "n_reqs": 5,
                    "reqs_in_car": [
                        1946520402,
                        533115151,
                        266743866,
                        61149210,
                        896086135
                    ],
                    "path": [
                        10,
                        58,
                        8,
                        17,
                        50,
                        37,
                        62,
                        62,
                        12,
                        12
                    ],
                    "reward": 1.9085,
                    "icds": [
                        658,
                        2067,
                        781,
                        0,
                        107
                    ],
                    "dist_red": 13498.0
                },
                {
                    "car_id": 1160921578,
                    "n_reqs": 5,
                    "reqs_in_car": [
                        2054449848,
                        2054449848,
                        1362559202,
                        1819939298,
                        907201846
                    ],
                    "path": [
                        13,
                        13,
                        13,
                        19,
                        18,
                        37,
                        37,
                        41,
                        41,
                        41
                    ],
                    "reward": 1.81015,
                    "icds": [
                        1188,
                        1188,
                        0,
                        0,
                        0
                    ],
                    "dist_red": 5292.0
                },
                {
                    "car_id": 483234990,
                    "n_reqs": 5,
                    "reqs_in_car": [
                        41793578,
                        635853366,
                        420303781,
                        1485199585,
                        1107095290
                    ],
                    "path": [
                        59,
                        10,
                        42,
                        39,
                        41,
                        41,
                        46,
                        27,
                        62,
                        61
                    ],
                    "reward": 1.82637,
                    "icds": [
                        472,
                        1832,
                        0,
                        0,
                        0
                    ],
                    "dist_red": 8645.0
                },
                {
                    "car_id": 1807505978,
                    "n_reqs": 5,
                    "reqs_in_car": [
                        1010327977,
                        582782700,
                        308962341,
                        1941683133,
                        785654895
                    ],
                    "path": [
                        62,
                        52,
                        27,
                        46,
                        36,
                        36,
                        8,
                        10,
                        35,
                        59
                    ],
                    "reward": 1.94111,
                    "icds": [
                        300,
                        0,
                        1839,
                        0,
                        0
                    ],
                    "dist_red": 9183.0
                },
                {
                    "car_id": 251183909,
                    "n_reqs": 5,
                    "reqs_in_car": [
                        2109702072,
                        1079566073,
                        2109702072,
                        1940406078,
                        381877084
                    ],
                    "path": [
                        42,
                        51,
                        51,
                        18,
                        32,
                        32,
                        32,
                        32,
                        0,
                        13
                    ],
                    "reward": 2.23188,
                    "icds": [
                        20,
                        0,
                        20,
                        0,
                        1147
                    ],
                    "dist_red": 11513.0
                },
                {
                    "car_id": 1607733125,
                    "n_reqs": 5,
                    "reqs_in_car": [
                        1483009217,
                        565809382,
                        686159324,
                        767449465,
                        1607203531
                    ],
                    "path": [
                        20,
                        51,
                        51,
                        51,
                        51,
                        39,
                        8,
                        29,
                        29,
                        29
                    ],
                    "reward": 2.02107,
                    "icds": [
                        1095,
                        632,
                        0,
                        0,
                        0
                    ],
                    "dist_red": 9090.0
                }
            ]
        },
        {
            "t": 6,
            "reqs": [
                {
                    "req_id": 1503446490,
                    "timesteps_left": 1,
                    "zone_from": 55,
                    "zone_to": 5
                },
                {
                    "req_id": 873243279,
                    "timesteps_left": 3,
                    "zone_from": 4,
                    "zone_to": 21
                },
                {
                    "req_id": 1753088427,
                    "timesteps_left": 1,
                    "zone_from": 29,
                    "zone_to": 33
                },
                {
                    "req_id": 1932547356,
                    "timesteps_left": 3,
                    "zone_from": 28,
                    "zone_to": 26
                },
                {
                    "req_id": 1400757272,
                    "timesteps_left": 4,
                    "zone_from": 28,
                    "zone_to": 50
                },
                {
                    "req_id": 402931397,
                    "timesteps_left": 3,
                    "zone_from": 28,
                    "zone_to": 2
                },
                {
                    "req_id": 799045892,
                    "timesteps_left": 0,
                    "zone_from": 18,
                    "zone_to": 44
                },
                {
                    "req_id": 1079856777,
                    "timesteps_left": 0,
                    "zone_from": 51,
                    "zone_to": 48
                },
                {
                    "req_id": 255131778,
                    "timesteps_left": 2,
                    "zone_from": 47,
                    "zone_to": 48
                },
                {
                    "req_id": 307878465,
                    "timesteps_left": 0,
                    "zone_from": 39,
                    "zone_to": 49
                },
                {
                    "req_id": 1134595079,
                    "timesteps_left": 2,
                    "zone_from": 16,
                    "zone_to": 2
                },
                {
                    "req_id": 1958437785,
                    "timesteps_left": 1,
                    "zone_from": 60,
                    "zone_to": 32
                },
                {
                    "req_id": 615278691,
                    "timesteps_left": 0,
                    "zone_from": 9,
                    "zone_to": 0
                },
                {
                    "req_id": 331435673,
                    "timesteps_left": 3,
                    "zone_from": 44,
                    "zone_to": 20
                },
                {
                    "req_id": 1394950991,
                    "timesteps_left": 1,
                    "zone_from": 48,
                    "zone_to": 18
                },
                {
                    "req_id": 531796254,
                    "timesteps_left": 3,
                    "zone_from": 31,
                    "zone_to": 10
                },
                {
                    "req_id": 1321233033,
                    "timesteps_left": 4,
                    "zone_from": 20,
                    "zone_to": 37
                },
                {
                    "req_id": 235449989,
                    "timesteps_left": 2,
                    "zone_from": 18,
                    "zone_to": 8
                },
                {
                    "req_id": 489862688,
                    "timesteps_left": 5,
                    "zone_from": 59,
                    "zone_to": 13
                },
                {
                    "req_id": 2101427567,
                    "timesteps_left": 5,
                    "zone_from": 51,
                    "zone_to": 20
                },
                {
                    "req_id": 384427631,
                    "timesteps_left": 5,
                    "zone_from": 59,
                    "zone_to": 43
                },
                {
                    "req_id": 761184371,
                    "timesteps_left": 5,
                    "zone_from": 47,
                    "zone_to": 39
                },
                {
                    "req_id": 2081973516,
                    "timesteps_left": 5,
                    "zone_from": 47,
                    "zone_to": 29
                },
                {
                    "req_id": 193423189,
                    "timesteps_left": 5,
                    "zone_from": 53,
                    "zone_to": 52
                },
                {
                    "req_id": 703016650,
                    "timesteps_left": 5,
                    "zone_from": 37,
                    "zone_to": 18
                },
                {
                    "req_id": 2018299868,
                    "timesteps_left": 5,
                    "zone_from": 54,
                    "zone_to": 55
                }
            ],
            "cars": [
                {
                    "car_id": 1760314062,
                    "n_reqs": 5,
                    "reqs_in_car": [
                        1079856777,
                        255131778,
                        761184371,
                        2101427567,
                        799045892
                    ],
                    "path": [
                        47,
                        47,
                        39,
                        18,
                        51,
                        51,
                        20,
                        44,
                        48,
                        48
                    ],
                    "reward": 1.86204,
                    "icds": [
                        302,
                        1183,
                        0,
                        0,
                        468
                    ],
                    "dist_red": 6713.0
                },
                {
                    "car_id": 383636979,
                    "n_reqs": 5,
                    "reqs_in_car": [
                        489862688,
                        384427631,
                        1958437785,
                        615278691,
                        307878465
                    ],
                    "path": [
                        9,
                        39,
                        59,
                        59,
                        60,
                        43,
                        49,
                        32,
                        13,
                        0
                    ],
                    "reward": 1.50042,
                    "icds": [
                        1525,
                        370,
                        180,
                        2578,
                        1448
                    ],
                    "dist_red": 11497.0
                }
            ]
        },
        {
            "t": 7,
            "reqs": [
                {
                    "req_id": 2081973516,
                    "timesteps_left": 4,
                    "zone_from": 47,
                    "zone_to": 29
                },
                {
                    "req_id": 193423189,
                    "timesteps_left": 4,
                    "zone_from": 53,
                    "zone_to": 52
                },
                {
                    "req_id": 2018299868,
                    "timesteps_left": 4,
                    "zone_from": 54,
                    "zone_to": 55
                },
                {
                    "req_id": 1503446490,
                    "timesteps_left": 0,
                    "zone_from": 55,
                    "zone_to": 5
                },
                {
                    "req_id": 873243279,
                    "timesteps_left": 2,
                    "zone_from": 4,
                    "zone_to": 21
                },
                {
                    "req_id": 1753088427,
                    "timesteps_left": 0,
                    "zone_from": 29,
                    "zone_to": 33
                },
                {
                    "req_id": 1932547356,
                    "timesteps_left": 2,
                    "zone_from": 28,
                    "zone_to": 26
                },
                {
                    "req_id": 1400757272,
                    "timesteps_left": 3,
                    "zone_from": 28,
                    "zone_to": 50
                },
                {
                    "req_id": 402931397,
                    "timesteps_left": 2,
                    "zone_from": 28,
                    "zone_to": 2
                },
                {
                    "req_id": 1134595079,
                    "timesteps_left": 1,
                    "zone_from": 16,
                    "zone_to": 2
                },
                {
                    "req_id": 703016650,
                    "timesteps_left": 4,
                    "zone_from": 37,
                    "zone_to": 18
                },
                {
                    "req_id": 1394950991,
                    "timesteps_left": 0,
                    "zone_from": 48,
                    "zone_to": 18
                },
                {
                    "req_id": 531796254,
                    "timesteps_left": 2,
                    "zone_from": 31,
                    "zone_to": 10
                },
                {
                    "req_id": 235449989,
                    "timesteps_left": 1,
                    "zone_from": 18,
                    "zone_to": 8
                },
                {
                    "req_id": 1321233033,
                    "timesteps_left": 3,
                    "zone_from": 20,
                    "zone_to": 37
                },
                {
                    "req_id": 331435673,
                    "timesteps_left": 2,
                    "zone_from": 44,
                    "zone_to": 20
                },
                {
                    "req_id": 974989973,
                    "timesteps_left": 5,
                    "zone_from": 58,
                    "zone_to": 59
                },
                {
                    "req_id": 1030326823,
                    "timesteps_left": 5,
                    "zone_from": 20,
                    "zone_to": 13
                },
                {
                    "req_id": 1180950313,
                    "timesteps_left": 5,
                    "zone_from": 26,
                    "zone_to": 45
                },
                {
                    "req_id": 19865321,
                    "timesteps_left": 5,
                    "zone_from": 33,
                    "zone_to": 34
                },
                {
                    "req_id": 215324975,
                    "timesteps_left": 5,
                    "zone_from": 44,
                    "zone_to": 54
                },
                {
                    "req_id": 701675990,
                    "timesteps_left": 5,
                    "zone_from": 8,
                    "zone_to": 11
                },
                {
                    "req_id": 534158050,
                    "timesteps_left": 5,
                    "zone_from": 10,
                    "zone_to": 28
                },
                {
                    "req_id": 1453073608,
                    "timesteps_left": 5,
                    "zone_from": 37,
                    "zone_to": 16
                }
            ],
            "cars": [
                {
                    "car_id": 1289076467,
                    "n_reqs": 5,
                    "reqs_in_car": [
                        1503446490,
                        19865321,
                        701675990,
                        1753088427,
                        2081973516
                    ],
                    "path": [
                        8,
                        47,
                        29,
                        29,
                        55,
                        33,
                        33,
                        34,
                        5,
                        11
                    ],
                    "reward": 1.72564,
                    "icds": [
                        350,
                        0,
                        2406,
                        148,
                        0
                    ],
                    "dist_red": 9255.0
                },
                {
                    "car_id": 1800140584,
                    "n_reqs": 5,
                    "reqs_in_car": [
                        235449989,
                        534158050,
                        531796254,
                        1394950991,
                        974989973
                    ],
                    "path": [
                        10,
                        58,
                        59,
                        48,
                        31,
                        18,
                        18,
                        10,
                        8,
                        28
                    ],
                    "reward": 0.952934,
                    "icds": [
                        239,
                        4093,
                        508,
                        225,
                        0
                    ],
                    "dist_red": 2762.0
                }
            ]
        },
        {
            "t": 8,
            "reqs": [
                {
                    "req_id": 2018299868,
                    "timesteps_left": 3,
                    "zone_from": 54,
                    "zone_to": 55
                },
                {
                    "req_id": 873243279,
                    "timesteps_left": 1,
                    "zone_from": 4,
                    "zone_to": 21
                },
                {
                    "req_id": 703016650,
                    "timesteps_left": 3,
                    "zone_from": 37,
                    "zone_to": 18
                },
                {
                    "req_id": 1453073608,
                    "timesteps_left": 4,
                    "zone_from": 37,
                    "zone_to": 16
                },
                {
                    "req_id": 331435673,
                    "timesteps_left": 1,
                    "zone_from": 44,
                    "zone_to": 20
                },
                {
                    "req_id": 215324975,
                    "timesteps_left": 4,
                    "zone_from": 44,
                    "zone_to": 54
                },
                {
                    "req_id": 1321233033,
                    "timesteps_left": 2,
                    "zone_from": 20,
                    "zone_to": 37
                },
                {
                    "req_id": 193423189,
                    "timesteps_left": 3,
                    "zone_from": 53,
                    "zone_to": 52
                },
                {
                    "req_id": 1030326823,
                    "timesteps_left": 4,
                    "zone_from": 20,
                    "zone_to": 13
                },
                {
                    "req_id": 1932547356,
                    "timesteps_left": 1,
                    "zone_from": 28,
                    "zone_to": 26
                },
                {
                    "req_id": 1400757272,
                    "timesteps_left": 2,
                    "zone_from": 28,
                    "zone_to": 50
                },
                {
                    "req_id": 402931397,
                    "timesteps_left": 1,
                    "zone_from": 28,
                    "zone_to": 2
                },
                {
                    "req_id": 1134595079,
                    "timesteps_left": 0,
                    "zone_from": 16,
                    "zone_to": 2
                },
                {
                    "req_id": 1180950313,
                    "timesteps_left": 4,
                    "zone_from": 26,
                    "zone_to": 45
                },
                {
                    "req_id": 279186870,
                    "timesteps_left": 5,
                    "zone_from": 18,
                    "zone_to": 14
                },
                {
                    "req_id": 1548612545,
                    "timesteps_left": 5,
                    "zone_from": 51,
                    "zone_to": 20
                },
                {
                    "req_id": 1712638080,
                    "timesteps_left": 5,
                    "zone_from": 36,
                    "zone_to": 33
                },
                {
                    "req_id": 1669133950,
                    "timesteps_left": 5,
                    "zone_from": 33,
                    "zone_to": 57
                },
                {
                    "req_id": 937843354,
                    "timesteps_left": 5,
                    "zone_from": 30,
                    "zone_to": 55
                },
                {
                    "req_id": 1561666300,
                    "timesteps_left": 5,
                    "zone_from": 48,
                    "zone_to": 18
                },
                {
                    "req_id": 816895906,
                    "timesteps_left": 5,
                    "zone_from": 59,
                    "zone_to": 32
                },
                {
                    "req_id": 1915593739,
                    "timesteps_left": 5,
                    "zone_from": 8,
                    "zone_to": 8
                }
            ],
            "cars": [
                {
                    "car_id": 713797955,
                    "n_reqs": 5,
                    "reqs_in_car": [
                        1932547356,
                        1400757272,
                        402931397,
                        1134595079,
                        1548612545
                    ],
                    "path": [
                        28,
                        28,
                        28,
                        50,
                        26,
                        16,
                        51,
                        20,
                        2,
                        2
                    ],
                    "reward": 2.06622,
                    "icds": [
                        214,
                        0,
                        1887,
                        481,
                        0
                    ],
                    "dist_red": 13177.0
                }
            ]
        },
        {
            "t": 9,
            "reqs": [
                {
                    "req_id": 873243279,
                    "timesteps_left": 0,
                    "zone_from": 4,
                    "zone_to": 21
                },
                {
                    "req_id": 1669133950,
                    "timesteps_left": 4,
                    "zone_from": 33,
                    "zone_to": 57
                },
                {
                    "req_id": 703016650,
                    "timesteps_left": 2,
                    "zone_from": 37,
                    "zone_to": 18
                },
                {
                    "req_id": 1453073608,
                    "timesteps_left": 3,
                    "zone_from": 37,
                    "zone_to": 16
                },
                {
                    "req_id": 1712638080,
                    "timesteps_left": 4,
                    "zone_from": 36,
                    "zone_to": 33
                },
                {
                    "req_id": 937843354,
                    "timesteps_left": 4,
                    "zone_from": 30,
                    "zone_to": 55
                },
                {
                    "req_id": 1915593739,
                    "timesteps_left": 4,
                    "zone_from": 8,
                    "zone_to": 8
                },
                {
                    "req_id": 331435673,
                    "timesteps_left": 0,
                    "zone_from": 44,
                    "zone_to": 20
                },
                {
                    "req_id": 215324975,
                    "timesteps_left": 3,
                    "zone_from": 44,
                    "zone_to": 54
                },
                {
                    "req_id": 1321233033,
                    "timesteps_left": 1,
                    "zone_from": 20,
                    "zone_to": 37
                },
                {
                    "req_id": 193423189,
                    "timesteps_left": 2,
                    "zone_from": 53,
                    "zone_to": 52
                },
                {
                    "req_id": 2018299868,
                    "timesteps_left": 2,
                    "zone_from": 54,
                    "zone_to": 55
                },
                {
                    "req_id": 279186870,
                    "timesteps_left": 4,
                    "zone_from": 18,
                    "zone_to": 14
                },
                {
                    "req_id": 816895906,
                    "timesteps_left": 4,
                    "zone_from": 59,
                    "zone_to": 32
                },
                {
                    "req_id": 1030326823,
                    "timesteps_left": 3,
                    "zone_from": 20,
                    "zone_to": 13
                },
                {
                    "req_id": 1180950313,
                    "timesteps_left": 3,
                    "zone_from": 26,
                    "zone_to": 45
                },
                {
                    "req_id": 1561666300,
                    "timesteps_left": 4,
                    "zone_from": 48,
                    "zone_to": 18
                },
                {
                    "req_id": 1266558887,
                    "timesteps_left": 5,
                    "zone_from": 47,
                    "zone_to": 6
                },
                {
                    "req_id": 964894782,
                    "timesteps_left": 5,
                    "zone_from": 40,
                    "zone_to": 27
                },
                {
                    "req_id": 1910451859,
                    "timesteps_left": 5,
                    "zone_from": 33,
                    "zone_to": 41
                },
                {
                    "req_id": 435847677,
                    "timesteps_left": 5,
                    "zone_from": 2,
                    "zone_to": 7
                },
                {
                    "req_id": 150052908,
                    "timesteps_left": 5,
                    "zone_from": 50,
                    "zone_to": 31
                },
                {
                    "req_id": 1403628318,
                    "timesteps_left": 5,
                    "zone_from": 48,
                    "zone_to": 18
                },
                {
                    "req_id": 2008408116,
                    "timesteps_left": 5,
                    "zone_from": 55,
                    "zone_to": 46
                },
                {
                    "req_id": 453352722,
                    "timesteps_left": 5,
                    "zone_from": 13,
                    "zone_to": 13
                }
            ],
            "cars": [
                {
                    "car_id": 1763174864,
                    "n_reqs": 2,
                    "reqs_in_car": [
                        873243279,
                        1669133950
                    ],
                    "path": [
                        33,
                        4,
                        21,
                        57
                    ],
                    "reward": 0.391323,
                    "icds": [
                        0,
                        1060
                    ],
                    "dist_red": 3220.0
                },
                {
                    "car_id": 187422949,
                    "n_reqs": 2,
                    "reqs_in_car": [
                        703016650,
                        1453073608
                    ],
                    "path": [
                        37,
                        37,
                        18,
                        16
                    ],
                    "reward": 0.591642,
                    "icds": [
                        0,
                        181
                    ],
                    "dist_red": 2092.0
                },
                {
                    "car_id": 216814232,
                    "n_reqs": 5,
                    "reqs_in_car": [
                        1712638080,
                        1266558887,
                        1915593739,
                        215324975,
                        1321233033
                    ],
                    "path": [
                        44,
                        20,
                        37,
                        36,
                        47,
                        8,
                        8,
                        6,
                        33,
                        54
                    ],
                    "reward": 2.05735,
                    "icds": [
                        112,
                        254,
                        0,
                        1796,
                        0
                    ],
                    "dist_red": 12041.0
                },
                {
                    "car_id": 1115982967,
                    "n_reqs": 5,
                    "reqs_in_car": [
                        1561666300,
                        1561666300,
                        331435673,
                        1030326823,
                        453352722
                    ],
                    "path": [
                        48,
                        48,
                        44,
                        20,
                        20,
                        13,
                        13,
                        13,
                        18,
                        18
                    ],
                    "reward": 2.01522,
                    "icds": [
                        790,
                        790,
                        0,
                        0,
                        0
                    ],
                    "dist_red": 5703.0
                },
                {
                    "car_id": 1476246401,
                    "n_reqs": 5,
                    "reqs_in_car": [
                        964894782,
                        1910451859,
                        2008408116,
                        193423189,
                        2018299868
                    ],
                    "path": [
                        33,
                        40,
                        54,
                        55,
                        55,
                        53,
                        52,
                        27,
                        46,
                        41
                    ],
                    "reward": 1.65675,
                    "icds": [
                        1289,
                        2594,
                        891,
                        0,
                        0
                    ],
                    "dist_red": 10987.0
                },
                {
                    "car_id": 291746180,
                    "n_reqs": 5,
                    "reqs_in_car": [
                        279186870,
                        150052908,
                        1180950313,
                        816895906,
                        435847677
                    ],
                    "path": [
                        50,
                        26,
                        18,
                        45,
                        59,
                        2,
                        14,
                        7,
                        32,
                        31
                    ],
                    "reward": 1.09108,
                    "icds": [
                        1825,
                        4159,
                        154,
                        1089,
                        414
                    ],
                    "dist_red": 7212.0
                }
            ]
        }
    ],
    "serv_rate": 98.75,
    "n_cars": 17,
    "avg_occ": 3.9176470588235297,
    "dist_red": 141.88,
    "dist_red_perc": 34,
    "trip_red": 62,
    "trip_red_perc": 62,
    "kg_co2_red": 18,
    "icd_mean": 498
}