{
    "timesteps": [
        {
            "t": 0,
            "reqs": [
                {
                    "req_id": 1685136160,
                    "timesteps_left": 10,
                    "zone_from": 13,
                    "zone_to": 48
                },
                {
                    "req_id": 1602185160,
                    "timesteps_left": 10,
                    "zone_from": 42,
                    "zone_to": 42
                },
                {
                    "req_id": 1515551655,
                    "timesteps_left": 10,
                    "zone_from": 47,
                    "zone_to": 53
                },
                {
                    "req_id": 840547897,
                    "timesteps_left": 10,
                    "zone_from": 35,
                    "zone_to": 60
                },
                {
                    "req_id": 548464937,
                    "timesteps_left": 10,
                    "zone_from": 13,
                    "zone_to": 35
                },
                {
                    "req_id": 1660882782,
                    "timesteps_left": 10,
                    "zone_from": 14,
                    "zone_to": 38
                }
            ],
            "cars": []
        },
        {
            "t": 1,
            "reqs": [
                {
                    "req_id": 1685136160,
                    "timesteps_left": 9,
                    "zone_from": 13,
                    "zone_to": 48
                },
                {
                    "req_id": 1602185160,
                    "timesteps_left": 9,
                    "zone_from": 42,
                    "zone_to": 42
                },
                {
                    "req_id": 1515551655,
                    "timesteps_left": 9,
                    "zone_from": 47,
                    "zone_to": 53
                },
                {
                    "req_id": 840547897,
                    "timesteps_left": 9,
                    "zone_from": 35,
                    "zone_to": 60
                },
                {
                    "req_id": 548464937,
                    "timesteps_left": 9,
                    "zone_from": 13,
                    "zone_to": 35
                },
                {
                    "req_id": 1660882782,
                    "timesteps_left": 9,
                    "zone_from": 14,
                    "zone_to": 38
                },
                {
                    "req_id": 71298955,
                    "timesteps_left": 10,
                    "zone_from": 47,
                    "zone_to": 32
                },
                {
                    "req_id": 1333480561,
                    "timesteps_left": 10,
                    "zone_from": 38,
                    "zone_to": 37
                },
                {
                    "req_id": 753230801,
                    "timesteps_left": 10,
                    "zone_from": 31,
                    "zone_to": 53
                },
                {
                    "req_id": 1456788546,
                    "timesteps_left": 10,
                    "zone_from": 59,
                    "zone_to": 13
                },
                {
                    "req_id": 920861203,
                    "timesteps_left": 10,
                    "zone_from": 47,
                    "zone_to": 36
                },
                {
                    "req_id": 755548814,
                    "timesteps_left": 10,
                    "zone_from": 31,
                    "zone_to": 19
                }
            ],
            "cars": []
        },
        {
            "t": 2,
            "reqs": [
                {
                    "req_id": 1685136160,
                    "timesteps_left": 8,
                    "zone_from": 13,
                    "zone_to": 48
                },
                {
                    "req_id": 840547897,
                    "timesteps_left": 8,
                    "zone_from": 35,
                    "zone_to": 60
                },
                {
                    "req_id": 548464937,
                    "timesteps_left": 8,
                    "zone_from": 13,
                    "zone_to": 35
                },
                {
                    "req_id": 71298955,
                    "timesteps_left": 9,
                    "zone_from": 47,
                    "zone_to": 32
                },
                {
                    "req_id": 1456788546,
                    "timesteps_left": 9,
                    "zone_from": 59,
                    "zone_to": 13
                },
                {
                    "req_id": 920861203,
                    "timesteps_left": 9,
                    "zone_from": 47,
                    "zone_to": 36
                },
                {
                    "req_id": 1660882782,
                    "timesteps_left": 8,
                    "zone_from": 14,
                    "zone_to": 38
                },
                {
                    "req_id": 1333480561,
                    "timesteps_left": 9,
                    "zone_from": 38,
                    "zone_to": 37
                },
                {
                    "req_id": 753230801,
                    "timesteps_left": 9,
                    "zone_from": 31,
                    "zone_to": 53
                },
                {
                    "req_id": 755548814,
                    "timesteps_left": 9,
                    "zone_from": 31,
                    "zone_to": 19
                },
                {
                    "req_id": 1515551655,
                    "timesteps_left": 8,
                    "zone_from": 47,
                    "zone_to": 53
                },
                {
                    "req_id": 1602185160,
                    "timesteps_left": 8,
                    "zone_from": 42,
                    "zone_to": 42
                },
                {
                    "req_id": 2003596393,
                    "timesteps_left": 10,
                    "zone_from": 35,
                    "zone_to": 18
                },
                {
                    "req_id": 1785261781,
                    "timesteps_left": 10,
                    "zone_from": 59,
                    "zone_to": 59
                },
                {
                    "req_id": 2074084938,
                    "timesteps_left": 10,
                    "zone_from": 51,
                    "zone_to": 39
                },
                {
                    "req_id": 1248204590,
                    "timesteps_left": 10,
                    "zone_from": 13,
                    "zone_to": 13
                },
                {
                    "req_id": 2038764772,
                    "timesteps_left": 10,
                    "zone_from": 47,
                    "zone_to": 39
                },
                {
                    "req_id": 147267402,
                    "timesteps_left": 10,
                    "zone_from": 54,
                    "zone_to": 53
                }
            ],
            "cars": []
        },
        {
            "t": 3,
            "reqs": [
                {
                    "req_id": 840547897,
                    "timesteps_left": 7,
                    "zone_from": 35,
                    "zone_to": 60
                },
                {
                    "req_id": 548464937,
                    "timesteps_left": 7,
                    "zone_from": 13,
                    "zone_to": 35
                },
                {
                    "req_id": 920861203,
                    "timesteps_left": 8,
                    "zone_from": 47,
                    "zone_to": 36
                },
                {
                    "req_id": 2003596393,
                    "timesteps_left": 9,
                    "zone_from": 35,
                    "zone_to": 18
                },
                {
                    "req_id": 2074084938,
                    "timesteps_left": 9,
                    "zone_from": 51,
                    "zone_to": 39
                },
                {
                    "req_id": 147267402,
                    "timesteps_left": 9,
                    "zone_from": 54,
                    "zone_to": 53
                },
                {
                    "req_id": 1685136160,
                    "timesteps_left": 7,
                    "zone_from": 13,
                    "zone_to": 48
                },
                {
                    "req_id": 1248204590,
                    "timesteps_left": 9,
                    "zone_from": 13,
                    "zone_to": 13
                },
                {
                    "req_id": 71298955,
                    "timesteps_left": 8,
                    "zone_from": 47,
                    "zone_to": 32
                },
                {
                    "req_id": 2038764772,
                    "timesteps_left": 9,
                    "zone_from": 47,
                    "zone_to": 39
                },
                {
                    "req_id": 1456788546,
                    "timesteps_left": 8,
                    "zone_from": 59,
                    "zone_to": 13
                },
                {
                    "req_id": 1785261781,
                    "timesteps_left": 9,
                    "zone_from": 59,
                    "zone_to": 59
                },
                {
                    "req_id": 1660882782,
                    "timesteps_left": 7,
                    "zone_from": 14,
                    "zone_to": 38
                },
                {
                    "req_id": 1333480561,
                    "timesteps_left": 8,
                    "zone_from": 38,
                    "zone_to": 37
                },
                {
                    "req_id": 753230801,
                    "timesteps_left": 8,
                    "zone_from": 31,
                    "zone_to": 53
                },
                {
                    "req_id": 755548814,
                    "timesteps_left": 8,
                    "zone_from": 31,
                    "zone_to": 19
                },
                {
                    "req_id": 1515551655,
                    "timesteps_left": 7,
                    "zone_from": 47,
                    "zone_to": 53
                },
                {
                    "req_id": 1602185160,
                    "timesteps_left": 7,
                    "zone_from": 42,
                    "zone_to": 42
                },
                {
                    "req_id": 804861985,
                    "timesteps_left": 10,
                    "zone_from": 55,
                    "zone_to": 3
                },
                {
                    "req_id": 1512120283,
                    "timesteps_left": 10,
                    "zone_from": 26,
                    "zone_to": 54
                },
                {
                    "req_id": 577407809,
                    "timesteps_left": 10,
                    "zone_from": 51,
                    "zone_to": 14
                },
                {
                    "req_id": 1099450430,
                    "timesteps_left": 10,
                    "zone_from": 48,
                    "zone_to": 51
                },
                {
                    "req_id": 13961206,
                    "timesteps_left": 10,
                    "zone_from": 35,
                    "zone_to": 2
                },
                {
                    "req_id": 851347853,
                    "timesteps_left": 10,
                    "zone_from": 51,
                    "zone_to": 39
                }
            ],
            "cars": []
        },
        {
            "t": 4,
            "reqs": [
                {
                    "req_id": 920861203,
                    "timesteps_left": 7,
                    "zone_from": 47,
                    "zone_to": 36
                },
                {
                    "req_id": 2003596393,
                    "timesteps_left": 8,
                    "zone_from": 35,
                    "zone_to": 18
                },
                {
                    "req_id": 147267402,
                    "timesteps_left": 8,
                    "zone_from": 54,
                    "zone_to": 53
                },
                {
                    "req_id": 1685136160,
                    "timesteps_left": 6,
                    "zone_from": 13,
                    "zone_to": 48
                },
                {
                    "req_id": 804861985,
                    "timesteps_left": 9,
                    "zone_from": 55,
                    "zone_to": 3
                },
                {
                    "req_id": 1512120283,
                    "timesteps_left": 9,
                    "zone_from": 26,
                    "zone_to": 54
                },
                {
                    "req_id": 577407809,
                    "timesteps_left": 9,
                    "zone_from": 51,
                    "zone_to": 14
                },
                {
                    "req_id": 1099450430,
                    "timesteps_left": 9,
                    "zone_from": 48,
                    "zone_to": 51
                },
                {
                    "req_id": 840547897,
                    "timesteps_left": 6,
                    "zone_from": 35,
                    "zone_to": 60
                },
                {
                    "req_id": 13961206,
                    "timesteps_left": 9,
                    "zone_from": 35,
                    "zone_to": 2
                },
                {
                    "req_id": 548464937,
                    "timesteps_left": 6,
                    "zone_from": 13,
                    "zone_to": 35
                },
                {
                    "req_id": 1248204590,
                    "timesteps_left": 8,
                    "zone_from": 13,
                    "zone_to": 13
                },
                {
                    "req_id": 2074084938,
                    "timesteps_left": 8,
                    "zone_from": 51,
                    "zone_to": 39
                },
                {
                    "req_id": 851347853,
                    "timesteps_left": 9,
                    "zone_from": 51,
                    "zone_to": 39
                },
                {
                    "req_id": 71298955,
                    "timesteps_left": 7,
                    "zone_from": 47,
                    "zone_to": 32
                },
                {
                    "req_id": 2038764772,
                    "timesteps_left": 8,
                    "zone_from": 47,
                    "zone_to": 39
                },
                {
                    "req_id": 1456788546,
                    "timesteps_left": 7,
                    "zone_from": 59,
                    "zone_to": 13
                },
                {
                    "req_id": 1785261781,
                    "timesteps_left": 8,
                    "zone_from": 59,
                    "zone_to": 59
                },
                {
                    "req_id": 1660882782,
                    "timesteps_left": 6,
                    "zone_from": 14,
                    "zone_to": 38
                },
                {
                    "req_id": 1333480561,
                    "timesteps_left": 7,
                    "zone_from": 38,
                    "zone_to": 37
                },
                {
                    "req_id": 753230801,
                    "timesteps_left": 7,
                    "zone_from": 31,
                    "zone_to": 53
                },
                {
                    "req_id": 755548814,
                    "timesteps_left": 7,
                    "zone_from": 31,
                    "zone_to": 19
                },
                {
                    "req_id": 1515551655,
                    "timesteps_left": 6,
                    "zone_from": 47,
                    "zone_to": 53
                },
                {
                    "req_id": 1602185160,
                    "timesteps_left": 6,
                    "zone_from": 42,
                    "zone_to": 42
                },
                {
                    "req_id": 1994761159,
                    "timesteps_left": 10,
                    "zone_from": 17,
                    "zone_to": 30
                },
                {
                    "req_id": 1691984905,
                    "timesteps_left": 10,
                    "zone_from": 59,
                    "zone_to": 50
                },
                {
                    "req_id": 788842845,
                    "timesteps_left": 10,
                    "zone_from": 51,
                    "zone_to": 60
                },
                {
                    "req_id": 497919518,
                    "timesteps_left": 10,
                    "zone_from": 46,
                    "zone_to": 13
                },
                {
                    "req_id": 1200024290,
                    "timesteps_left": 10,
                    "zone_from": 13,
                    "zone_to": 32
                },
                {
                    "req_id": 1570980655,
                    "timesteps_left": 10,
                    "zone_from": 10,
                    "zone_to": 9
                }
            ],
            "cars": []
        },
        {
            "t": 5,
            "reqs": [
                {
                    "req_id": 920861203,
                    "timesteps_left": 6,
                    "zone_from": 47,
                    "zone_to": 36
                },
                {
                    "req_id": 2003596393,
                    "timesteps_left": 7,
                    "zone_from": 35,
                    "zone_to": 18
                },
                {
                    "req_id": 147267402,
                    "timesteps_left": 7,
                    "zone_from": 54,
                    "zone_to": 53
                },
                {
                    "req_id": 1685136160,
                    "timesteps_left": 5,
                    "zone_from": 13,
                    "zone_to": 48
                },
                {
                    "req_id": 804861985,
                    "timesteps_left": 8,
                    "zone_from": 55,
                    "zone_to": 3
                },
                {
                    "req_id": 1099450430,
                    "timesteps_left": 8,
                    "zone_from": 48,
                    "zone_to": 51
                },
                {
                    "req_id": 548464937,
                    "timesteps_left": 5,
                    "zone_from": 13,
                    "zone_to": 35
                },
                {
                    "req_id": 1691984905,
                    "timesteps_left": 9,
                    "zone_from": 59,
                    "zone_to": 50
                },
                {
                    "req_id": 1570980655,
                    "timesteps_left": 9,
                    "zone_from": 10,
                    "zone_to": 9
                },
                {
                    "req_id": 1512120283,
                    "timesteps_left": 8,
                    "zone_from": 26,
                    "zone_to": 54
                },
                {
                    "req_id": 1994761159,
                    "timesteps_left": 9,
                    "zone_from": 17,
                    "zone_to": 30
                },
                {
                    "req_id": 2074084938,
                    "timesteps_left": 7,
                    "zone_from": 51,
                    "zone_to": 39
                },
                {
                    "req_id": 851347853,
                    "timesteps_left": 8,
                    "zone_from": 51,
                    "zone_to": 39
                },
                {
                    "req_id": 71298955,
                    "timesteps_left": 6,
                    "zone_from": 47,
                    "zone_to": 32
                },
                {
                    "req_id": 2038764772,
                    "timesteps_left": 7,
                    "zone_from": 47,
                    "zone_to": 39
                },
                {
                    "req_id": 1660882782,
                    "timesteps_left": 5,
                    "zone_from": 14,
                    "zone_to": 38
                },
                {
                    "req_id": 1333480561,
                    "timesteps_left": 6,
                    "zone_from": 38,
                    "zone_to": 37
                },
                {
                    "req_id": 497919518,
                    "timesteps_left": 9,
                    "zone_from": 46,
                    "zone_to": 13
                },
                {
                    "req_id": 1200024290,
                    "timesteps_left": 9,
                    "zone_from": 13,
                    "zone_to": 32
                },
                {
                    "req_id": 1248204590,
                    "timesteps_left": 7,
                    "zone_from": 13,
                    "zone_to": 13
                },
                {
                    "req_id": 1456788546,
                    "timesteps_left": 6,
                    "zone_from": 59,
                    "zone_to": 13
                },
                {
                    "req_id": 1785261781,
                    "timesteps_left": 7,
                    "zone_from": 59,
                    "zone_to": 59
                },
                {
                    "req_id": 840547897,
                    "timesteps_left": 5,
                    "zone_from": 35,
                    "zone_to": 60
                },
                {
                    "req_id": 788842845,
                    "timesteps_left": 9,
                    "zone_from": 51,
                    "zone_to": 60
                },
                {
                    "req_id": 13961206,
                    "timesteps_left": 8,
                    "zone_from": 35,
                    "zone_to": 2
                },
                {
                    "req_id": 577407809,
                    "timesteps_left": 8,
                    "zone_from": 51,
                    "zone_to": 14
                },
                {
                    "req_id": 753230801,
                    "timesteps_left": 6,
                    "zone_from": 31,
                    "zone_to": 53
                },
                {
                    "req_id": 755548814,
                    "timesteps_left": 6,
                    "zone_from": 31,
                    "zone_to": 19
                },
                {
                    "req_id": 1515551655,
                    "timesteps_left": 5,
                    "zone_from": 47,
                    "zone_to": 53
                },
                {
                    "req_id": 1602185160,
                    "timesteps_left": 5,
                    "zone_from": 42,
                    "zone_to": 42
                },
                {
                    "req_id": 1265308170,
                    "timesteps_left": 10,
                    "zone_from": 40,
                    "zone_to": 32
                },
                {
                    "req_id": 30379972,
                    "timesteps_left": 10,
                    "zone_from": 13,
                    "zone_to": 59
                },
                {
                    "req_id": 1837976884,
                    "timesteps_left": 10,
                    "zone_from": 29,
                    "zone_to": 55
                },
                {
                    "req_id": 50034705,
                    "timesteps_left": 10,
                    "zone_from": 17,
                    "zone_to": 47
                },
                {
                    "req_id": 1796261182,
                    "timesteps_left": 10,
                    "zone_from": 59,
                    "zone_to": 48
                },
                {
                    "req_id": 2100676731,
                    "timesteps_left": 10,
                    "zone_from": 8,
                    "zone_to": 8
                }
            ],
            "cars": []
        },
        {
            "t": 6,
            "reqs": [
                {
                    "req_id": 920861203,
                    "timesteps_left": 5,
                    "zone_from": 47,
                    "zone_to": 36
                },
                {
                    "req_id": 2003596393,
                    "timesteps_left": 6,
                    "zone_from": 35,
                    "zone_to": 18
                },
                {
                    "req_id": 147267402,
                    "timesteps_left": 6,
                    "zone_from": 54,
                    "zone_to": 53
                },
                {
                    "req_id": 1685136160,
                    "timesteps_left": 4,
                    "zone_from": 13,
                    "zone_to": 48
                },
                {
                    "req_id": 804861985,
                    "timesteps_left": 7,
                    "zone_from": 55,
                    "zone_to": 3
                },
                {
                    "req_id": 1099450430,
                    "timesteps_left": 7,
                    "zone_from": 48,
                    "zone_to": 51
                },
                {
                    "req_id": 1691984905,
                    "timesteps_left": 8,
                    "zone_from": 59,
                    "zone_to": 50
                },
                {
                    "req_id": 1570980655,
                    "timesteps_left": 8,
                    "zone_from": 10,
                    "zone_to": 9
                },
                {
                    "req_id": 1456788546,
                    "timesteps_left": 5,
                    "zone_from": 59,
                    "zone_to": 13
                },
                {
                    "req_id": 1265308170,
                    "timesteps_left": 9,
                    "zone_from": 40,
                    "zone_to": 32
                },
                {
                    "req_id": 1837976884,
                    "timesteps_left": 9,
                    "zone_from": 29,
                    "zone_to": 55
                },
                {
                    "req_id": 1796261182,
                    "timesteps_left": 9,
                    "zone_from": 59,
                    "zone_to": 48
                },
                {
                    "req_id": 2100676731,
                    "timesteps_left": 9,
                    "zone_from": 8,
                    "zone_to": 8
                },
                {
                    "req_id": 1512120283,
                    "timesteps_left": 7,
                    "zone_from": 26,
                    "zone_to": 54
                },
                {
                    "req_id": 1994761159,
                    "timesteps_left": 8,
                    "zone_from": 17,
                    "zone_to": 30
                },
                {
                    "req_id": 2074084938,
                    "timesteps_left": 6,
                    "zone_from": 51,
                    "zone_to": 39
                },
                {
                    "req_id": 851347853,
                    "timesteps_left": 7,
                    "zone_from": 51,
                    "zone_to": 39
                },
                {
                    "req_id": 71298955,
                    "timesteps_left": 5,
                    "zone_from": 47,
                    "zone_to": 32
                },
                {
                    "req_id": 2038764772,
                    "timesteps_left": 6,
                    "zone_from": 47,
                    "zone_to": 39
                },
                {
                    "req_id": 1660882782,
                    "timesteps_left": 4,
                    "zone_from": 14,
                    "zone_to": 38
                },
                {
                    "req_id": 1333480561,
                    "timesteps_left": 5,
                    "zone_from": 38,
                    "zone_to": 37
                },
                {
                    "req_id": 497919518,
                    "timesteps_left": 8,
                    "zone_from": 46,
                    "zone_to": 13
                },
                {
                    "req_id": 1200024290,
                    "timesteps_left": 8,
                    "zone_from": 13,
                    "zone_to": 32
                },
                {
                    "req_id": 548464937,
                    "timesteps_left": 4,
                    "zone_from": 13,
                    "zone_to": 35
                },
                {
                    "req_id": 1248204590,
                    "timesteps_left": 6,
                    "zone_from": 13,
                    "zone_to": 13
                },
                {
                    "req_id": 30379972,
                    "timesteps_left": 9,
                    "zone_from": 13,
                    "zone_to": 59
                },
                {
                    "req_id": 1785261781,
                    "timesteps_left": 6,
                    "zone_from": 59,
                    "zone_to": 59
                },
                {
                    "req_id": 840547897,
                    "timesteps_left": 4,
                    "zone_from": 35,
                    "zone_to": 60
                },
                {
                    "req_id": 13961206,
                    "timesteps_left": 7,
                    "zone_from": 35,
                    "zone_to": 2
                },
                {
                    "req_id": 788842845,
                    "timesteps_left": 8,
                    "zone_from": 51,
                    "zone_to": 60
                },
                {
                    "req_id": 577407809,
                    "timesteps_left": 7,
                    "zone_from": 51,
                    "zone_to": 14
                },
                {
                    "req_id": 753230801,
                    "timesteps_left": 5,
                    "zone_from": 31,
                    "zone_to": 53
                },
                {
                    "req_id": 755548814,
                    "timesteps_left": 5,
                    "zone_from": 31,
                    "zone_to": 19
                },
                {
                    "req_id": 1515551655,
                    "timesteps_left": 4,
                    "zone_from": 47,
                    "zone_to": 53
                },
                {
                    "req_id": 50034705,
                    "timesteps_left": 9,
                    "zone_from": 17,
                    "zone_to": 47
                },
                {
                    "req_id": 1602185160,
                    "timesteps_left": 4,
                    "zone_from": 42,
                    "zone_to": 42
                },
                {
                    "req_id": 1991627124,
                    "timesteps_left": 10,
                    "zone_from": 18,
                    "zone_to": 56
                },
                {
                    "req_id": 888373449,
                    "timesteps_left": 10,
                    "zone_from": 54,
                    "zone_to": 55
                },
                {
                    "req_id": 1664165614,
                    "timesteps_left": 10,
                    "zone_from": 42,
                    "zone_to": 2
                },
                {
                    "req_id": 1996399582,
                    "timesteps_left": 10,
                    "zone_from": 23,
                    "zone_to": 32
                },
                {
                    "req_id": 333099036,
                    "timesteps_left": 10,
                    "zone_from": 55,
                    "zone_to": 11
                },
                {
                    "req_id": 341337683,
                    "timesteps_left": 10,
                    "zone_from": 33,
                    "zone_to": 39
                }
            ],
            "cars": []
        },
        {
            "t": 7,
            "reqs": [
                {
                    "req_id": 920861203,
                    "timesteps_left": 4,
                    "zone_from": 47,
                    "zone_to": 36
                },
                {
                    "req_id": 2003596393,
                    "timesteps_left": 5,
                    "zone_from": 35,
                    "zone_to": 18
                },
                {
                    "req_id": 147267402,
                    "timesteps_left": 5,
                    "zone_from": 54,
                    "zone_to": 53
                },
                {
                    "req_id": 1685136160,
                    "timesteps_left": 3,
                    "zone_from": 13,
                    "zone_to": 48
                },
                {
                    "req_id": 804861985,
                    "timesteps_left": 6,
                    "zone_from": 55,
                    "zone_to": 3
                },
                {
                    "req_id": 1099450430,
                    "timesteps_left": 6,
                    "zone_from": 48,
                    "zone_to": 51
                },
                {
                    "req_id": 1691984905,
                    "timesteps_left": 7,
                    "zone_from": 59,
                    "zone_to": 50
                },
                {
                    "req_id": 1570980655,
                    "timesteps_left": 7,
                    "zone_from": 10,
                    "zone_to": 9
                },
                {
                    "req_id": 1837976884,
                    "timesteps_left": 8,
                    "zone_from": 29,
                    "zone_to": 55
                },
                {
                    "req_id": 1796261182,
                    "timesteps_left": 8,
                    "zone_from": 59,
                    "zone_to": 48
                },
                {
                    "req_id": 497919518,
                    "timesteps_left": 7,
                    "zone_from": 46,
                    "zone_to": 13
                },
                {
                    "req_id": 1991627124,
                    "timesteps_left": 9,
                    "zone_from": 18,
                    "zone_to": 56
                },
                {
                    "req_id": 1996399582,
                    "timesteps_left": 9,
                    "zone_from": 23,
                    "zone_to": 32
                },
                {
                    "req_id": 333099036,
                    "timesteps_left": 9,
                    "zone_from": 55,
                    "zone_to": 11
                },
                {
                    "req_id": 2074084938,
                    "timesteps_left": 5,
                    "zone_from": 51,
                    "zone_to": 39
                },
                {
                    "req_id": 851347853,
                    "timesteps_left": 6,
                    "zone_from": 51,
                    "zone_to": 39
                },
                {
                    "req_id": 71298955,
                    "timesteps_left": 4,
                    "zone_from": 47,
                    "zone_to": 32
                },
                {
                    "req_id": 2038764772,
                    "timesteps_left": 5,
                    "zone_from": 47,
                    "zone_to": 39
                },
                {
                    "req_id": 1660882782,
                    "timesteps_left": 3,
                    "zone_from": 14,
                    "zone_to": 38
                },
                {
                    "req_id": 1333480561,
                    "timesteps_left": 4,
                    "zone_from": 38,
                    "zone_to": 37
                },
                {
                    "req_id": 788842845,
                    "timesteps_left": 7,
                    "zone_from": 51,
                    "zone_to": 60
                },
                {
                    "req_id": 577407809,
                    "timesteps_left": 6,
                    "zone_from": 51,
                    "zone_to": 14
                },
                {
                    "req_id": 1512120283,
                    "timesteps_left": 6,
                    "zone_from": 26,
                    "zone_to": 54
                },
                {
                    "req_id": 1994761159,
                    "timesteps_left": 7,
                    "zone_from": 17,
                    "zone_to": 30
                },
                {
                    "req_id": 888373449,
                    "timesteps_left": 9,
                    "zone_from": 54,
                    "zone_to": 55
                },
                {
                    "req_id": 548464937,
                    "timesteps_left": 3,
                    "zone_from": 13,
                    "zone_to": 35
                },
                {
                    "req_id": 30379972,
                    "timesteps_left": 8,
                    "zone_from": 13,
                    "zone_to": 59
                },
                {
                    "req_id": 1248204590,
                    "timesteps_left": 5,
                    "zone_from": 13,
                    "zone_to": 13
                },
                {
                    "req_id": 1785261781,
                    "timesteps_left": 5,
                    "zone_from": 59,
                    "zone_to": 59
                },
                {
                    "req_id": 13961206,
                    "timesteps_left": 6,
                    "zone_from": 35,
                    "zone_to": 2
                },
                {
                    "req_id": 1664165614,
                    "timesteps_left": 9,
                    "zone_from": 42,
                    "zone_to": 2
                },
                {
                    "req_id": 840547897,
                    "timesteps_left": 3,
                    "zone_from": 35,
                    "zone_to": 60
                },
                {
                    "req_id": 1602185160,
                    "timesteps_left": 3,
                    "zone_from": 42,
                    "zone_to": 42
                },
                {
                    "req_id": 753230801,
                    "timesteps_left": 4,
                    "zone_from": 31,
                    "zone_to": 53
                },
                {
                    "req_id": 755548814,
                    "timesteps_left": 4,
                    "zone_from": 31,
                    "zone_to": 19
                },
                {
                    "req_id": 1515551655,
                    "timesteps_left": 3,
                    "zone_from": 47,
                    "zone_to": 53
                },
                {
                    "req_id": 50034705,
                    "timesteps_left": 8,
                    "zone_from": 17,
                    "zone_to": 47
                },
                {
                    "req_id": 2100676731,
                    "timesteps_left": 8,
                    "zone_from": 8,
                    "zone_to": 8
                },
                {
                    "req_id": 341337683,
                    "timesteps_left": 9,
                    "zone_from": 33,
                    "zone_to": 39
                },
                {
                    "req_id": 1265308170,
                    "timesteps_left": 8,
                    "zone_from": 40,
                    "zone_to": 32
                },
                {
                    "req_id": 1200024290,
                    "timesteps_left": 7,
                    "zone_from": 13,
                    "zone_to": 32
                },
                {
                    "req_id": 1456788546,
                    "timesteps_left": 4,
                    "zone_from": 59,
                    "zone_to": 13
                },
                {
                    "req_id": 965758534,
                    "timesteps_left": 10,
                    "zone_from": 38,
                    "zone_to": 42
                },
                {
                    "req_id": 50509406,
                    "timesteps_left": 10,
                    "zone_from": 58,
                    "zone_to": 51
                },
                {
                    "req_id": 263350646,
                    "timesteps_left": 10,
                    "zone_from": 41,
                    "zone_to": 37
                },
                {
                    "req_id": 1918572542,
                    "timesteps_left": 10,
                    "zone_from": 19,
                    "zone_to": 28
                },
                {
                    "req_id": 735144858,
                    "timesteps_left": 10,
                    "zone_from": 12,
                    "zone_to": 33
                },
                {
                    "req_id": 1812425336,
                    "timesteps_left": 10,
                    "zone_from": 51,
                    "zone_to": 13
                }
            ],
            "cars": []
        },
        {
            "t": 8,
            "reqs": [
                {
                    "req_id": 2003596393,
                    "timesteps_left": 4,
                    "zone_from": 35,
                    "zone_to": 18
                },
                {
                    "req_id": 147267402,
                    "timesteps_left": 4,
                    "zone_from": 54,
                    "zone_to": 53
                },
                {
                    "req_id": 1685136160,
                    "timesteps_left": 2,
                    "zone_from": 13,
                    "zone_to": 48
                },
                {
                    "req_id": 804861985,
                    "timesteps_left": 5,
                    "zone_from": 55,
                    "zone_to": 3
                },
                {
                    "req_id": 1099450430,
                    "timesteps_left": 5,
                    "zone_from": 48,
                    "zone_to": 51
                },
                {
                    "req_id": 1691984905,
                    "timesteps_left": 6,
                    "zone_from": 59,
                    "zone_to": 50
                },
                {
                    "req_id": 1570980655,
                    "timesteps_left": 6,
                    "zone_from": 10,
                    "zone_to": 9
                },
                {
                    "req_id": 1837976884,
                    "timesteps_left": 7,
                    "zone_from": 29,
                    "zone_to": 55
                },
                {
                    "req_id": 1796261182,
                    "timesteps_left": 7,
                    "zone_from": 59,
                    "zone_to": 48
                },
                {
                    "req_id": 497919518,
                    "timesteps_left": 6,
                    "zone_from": 46,
                    "zone_to": 13
                },
                {
                    "req_id": 1991627124,
                    "timesteps_left": 8,
                    "zone_from": 18,
                    "zone_to": 56
                },
                {
                    "req_id": 1996399582,
                    "timesteps_left": 8,
                    "zone_from": 23,
                    "zone_to": 32
                },
                {
                    "req_id": 333099036,
                    "timesteps_left": 8,
                    "zone_from": 55,
                    "zone_to": 11
                },
                {
                    "req_id": 1515551655,
                    "timesteps_left": 2,
                    "zone_from": 47,
                    "zone_to": 53
                },
                {
                    "req_id": 1456788546,
                    "timesteps_left": 3,
                    "zone_from": 59,
                    "zone_to": 13
                },
                {
                    "req_id": 965758534,
                    "timesteps_left": 9,
                    "zone_from": 38,
                    "zone_to": 42
                },
                {
                    "req_id": 50509406,
                    "timesteps_left": 9,
                    "zone_from": 58,
                    "zone_to": 51
                },
                {
                    "req_id": 263350646,
                    "timesteps_left": 9,
                    "zone_from": 41,
                    "zone_to": 37
                },
                {
                    "req_id": 735144858,
                    "timesteps_left": 9,
                    "zone_from": 12,
                    "zone_to": 33
                },
                {
                    "req_id": 920861203,
                    "timesteps_left": 3,
                    "zone_from": 47,
                    "zone_to": 36
                },
                {
                    "req_id": 50034705,
                    "timesteps_left": 7,
                    "zone_from": 17,
                    "zone_to": 47
                },
                {
                    "req_id": 2074084938,
                    "timesteps_left": 4,
                    "zone_from": 51,
                    "zone_to": 39
                },
                {
                    "req_id": 851347853,
                    "timesteps_left": 5,
                    "zone_from": 51,
                    "zone_to": 39
                },
                {
                    "req_id": 71298955,
                    "timesteps_left": 3,
                    "zone_from": 47,
                    "zone_to": 32
                },
                {
                    "req_id": 2038764772,
                    "timesteps_left": 4,
                    "zone_from": 47,
                    "zone_to": 39
                },
                {
                    "req_id": 1660882782,
                    "timesteps_left": 2,
                    "zone_from": 14,
                    "zone_to": 38
                },
                {
                    "req_id": 1333480561,
                    "timesteps_left": 3,
                    "zone_from": 38,
                    "zone_to": 37
                },
                {
                    "req_id": 788842845,
                    "timesteps_left": 6,
                    "zone_from": 51,
                    "zone_to": 60
                },
                {
                    "req_id": 577407809,
                    "timesteps_left": 5,
                    "zone_from": 51,
                    "zone_to": 14
                },
                {
                    "req_id": 1512120283,
                    "timesteps_left": 5,
                    "zone_from": 26,
                    "zone_to": 54
                },
                {
                    "req_id": 1994761159,
                    "timesteps_left": 6,
                    "zone_from": 17,
                    "zone_to": 30
                },
                {
                    "req_id": 888373449,
                    "timesteps_left": 8,
                    "zone_from": 54,
                    "zone_to": 55
                },
                {
                    "req_id": 753230801,
                    "timesteps_left": 3,
                    "zone_from": 31,
                    "zone_to": 53
                },
                {
                    "req_id": 755548814,
                    "timesteps_left": 3,
                    "zone_from": 31,
                    "zone_to": 19
                },
                {
                    "req_id": 1918572542,
                    "timesteps_left": 9,
                    "zone_from": 19,
                    "zone_to": 28
                },
                {
                    "req_id": 548464937,
                    "timesteps_left": 2,
                    "zone_from": 13,
                    "zone_to": 35
                },
                {
                    "req_id": 30379972,
                    "timesteps_left": 7,
                    "zone_from": 13,
                    "zone_to": 59
                },
                {
                    "req_id": 1248204590,
                    "timesteps_left": 4,
                    "zone_from": 13,
                    "zone_to": 13
                },
                {
                    "req_id": 1785261781,
                    "timesteps_left": 4,
                    "zone_from": 59,
                    "zone_to": 59
                },
                {
                    "req_id": 13961206,
                    "timesteps_left": 5,
                    "zone_from": 35,
                    "zone_to": 2
                },
                {
                    "req_id": 1664165614,
                    "timesteps_left": 8,
                    "zone_from": 42,
                    "zone_to": 2
                },
                {
                    "req_id": 840547897,
                    "timesteps_left": 2,
                    "zone_from": 35,
                    "zone_to": 60
                },
                {
                    "req_id": 1602185160,
                    "timesteps_left": 2,
                    "zone_from": 42,
                    "zone_to": 42
                },
                {
                    "req_id": 2100676731,
                    "timesteps_left": 7,
                    "zone_from": 8,
                    "zone_to": 8
                },
                {
                    "req_id": 341337683,
                    "timesteps_left": 8,
                    "zone_from": 33,
                    "zone_to": 39
                },
                {
                    "req_id": 1265308170,
                    "timesteps_left": 7,
                    "zone_from": 40,
                    "zone_to": 32
                },
                {
                    "req_id": 1200024290,
                    "timesteps_left": 6,
                    "zone_from": 13,
                    "zone_to": 32
                },
                {
                    "req_id": 1812425336,
                    "timesteps_left": 9,
                    "zone_from": 51,
                    "zone_to": 13
                },
                {
                    "req_id": 1475392832,
                    "timesteps_left": 10,
                    "zone_from": 59,
                    "zone_to": 39
                },
                {
                    "req_id": 657391672,
                    "timesteps_left": 10,
                    "zone_from": 31,
                    "zone_to": 9
                },
                {
                    "req_id": 1394164532,
                    "timesteps_left": 10,
                    "zone_from": 2,
                    "zone_to": 18
                },
                {
                    "req_id": 1414145258,
                    "timesteps_left": 10,
                    "zone_from": 48,
                    "zone_to": 14
                },
                {
                    "req_id": 1767374058,
                    "timesteps_left": 10,
                    "zone_from": 51,
                    "zone_to": 48
                },
                {
                    "req_id": 693396392,
                    "timesteps_left": 10,
                    "zone_from": 6,
                    "zone_to": 26
                }
            ],
            "cars": []
        },
        {
            "t": 9,
            "reqs": [
                {
                    "req_id": 2003596393,
                    "timesteps_left": 3,
                    "zone_from": 35,
                    "zone_to": 18
                },
                {
                    "req_id": 147267402,
                    "timesteps_left": 3,
                    "zone_from": 54,
                    "zone_to": 53
                },
                {
                    "req_id": 1685136160,
                    "timesteps_left": 1,
                    "zone_from": 13,
                    "zone_to": 48
                },
                {
                    "req_id": 1099450430,
                    "timesteps_left": 4,
                    "zone_from": 48,
                    "zone_to": 51
                },
                {
                    "req_id": 1570980655,
                    "timesteps_left": 5,
                    "zone_from": 10,
                    "zone_to": 9
                },
                {
                    "req_id": 1796261182,
                    "timesteps_left": 6,
                    "zone_from": 59,
                    "zone_to": 48
                },
                {
                    "req_id": 497919518,
                    "timesteps_left": 5,
                    "zone_from": 46,
                    "zone_to": 13
                },
                {
                    "req_id": 1991627124,
                    "timesteps_left": 7,
                    "zone_from": 18,
                    "zone_to": 56
                },
                {
                    "req_id": 1996399582,
                    "timesteps_left": 7,
                    "zone_from": 23,
                    "zone_to": 32
                },
                {
                    "req_id": 333099036,
                    "timesteps_left": 7,
                    "zone_from": 55,
                    "zone_to": 11
                },
                {
                    "req_id": 1515551655,
                    "timesteps_left": 1,
                    "zone_from": 47,
                    "zone_to": 53
                },
                {
                    "req_id": 1456788546,
                    "timesteps_left": 2,
                    "zone_from": 59,
                    "zone_to": 13
                },
                {
                    "req_id": 965758534,
                    "timesteps_left": 8,
                    "zone_from": 38,
                    "zone_to": 42
                },
                {
                    "req_id": 50509406,
                    "timesteps_left": 8,
                    "zone_from": 58,
                    "zone_to": 51
                },
                {
                    "req_id": 735144858,
                    "timesteps_left": 8,
                    "zone_from": 12,
                    "zone_to": 33
                },
                {
                    "req_id": 920861203,
                    "timesteps_left": 2,
                    "zone_from": 47,
                    "zone_to": 36
                },
                {
                    "req_id": 71298955,
                    "timesteps_left": 2,
                    "zone_from": 47,
                    "zone_to": 32
                },
                {
                    "req_id": 788842845,
                    "timesteps_left": 5,
                    "zone_from": 51,
                    "zone_to": 60
                },
                {
                    "req_id": 1994761159,
                    "timesteps_left": 5,
                    "zone_from": 17,
                    "zone_to": 30
                },
                {
                    "req_id": 657391672,
                    "timesteps_left": 9,
                    "zone_from": 31,
                    "zone_to": 9
                },
                {
                    "req_id": 1394164532,
                    "timesteps_left": 9,
                    "zone_from": 2,
                    "zone_to": 18
                },
                {
                    "req_id": 1691984905,
                    "timesteps_left": 5,
                    "zone_from": 59,
                    "zone_to": 50
                },
                {
                    "req_id": 1475392832,
                    "timesteps_left": 9,
                    "zone_from": 59,
                    "zone_to": 39
                },
                {
                    "req_id": 2074084938,
                    "timesteps_left": 3,
                    "zone_from": 51,
                    "zone_to": 39
                },
                {
                    "req_id": 851347853,
                    "timesteps_left": 4,
                    "zone_from": 51,
                    "zone_to": 39
                },
                {
                    "req_id": 1660882782,
                    "timesteps_left": 1,
                    "zone_from": 14,
                    "zone_to": 38
                },
                {
                    "req_id": 1333480561,
                    "timesteps_left": 2,
                    "zone_from": 38,
                    "zone_to": 37
                },
                {
                    "req_id": 577407809,
                    "timesteps_left": 4,
                    "zone_from": 51,
                    "zone_to": 14
                },
                {
                    "req_id": 1767374058,
                    "timesteps_left": 9,
                    "zone_from": 51,
                    "zone_to": 48
                },
                {
                    "req_id": 1414145258,
                    "timesteps_left": 9,
                    "zone_from": 48,
                    "zone_to": 14
                },
                {
                    "req_id": 753230801,
                    "timesteps_left": 2,
                    "zone_from": 31,
                    "zone_to": 53
                },
                {
                    "req_id": 755548814,
                    "timesteps_left": 2,
                    "zone_from": 31,
                    "zone_to": 19
                },
                {
                    "req_id": 1918572542,
                    "timesteps_left": 8,
                    "zone_from": 19,
                    "zone_to": 28
                },
                {
                    "req_id": 548464937,
                    "timesteps_left": 1,
                    "zone_from": 13,
                    "zone_to": 35
                },
                {
                    "req_id": 30379972,
                    "timesteps_left": 6,
                    "zone_from": 13,
                    "zone_to": 59
                },
                {
                    "req_id": 1785261781,
                    "timesteps_left": 3,
                    "zone_from": 59,
                    "zone_to": 59
                },
                {
                    "req_id": 1837976884,
                    "timesteps_left": 6,
                    "zone_from": 29,
                    "zone_to": 55
                },
                {
                    "req_id": 1512120283,
                    "timesteps_left": 4,
                    "zone_from": 26,
                    "zone_to": 54
                },
                {
                    "req_id": 263350646,
                    "timesteps_left": 8,
                    "zone_from": 41,
                    "zone_to": 37
                },
                {
                    "req_id": 804861985,
                    "timesteps_left": 4,
                    "zone_from": 55,
                    "zone_to": 3
                },
                {
                    "req_id": 13961206,
                    "timesteps_left": 4,
                    "zone_from": 35,
                    "zone_to": 2
                },
                {
                    "req_id": 840547897,
                    "timesteps_left": 1,
                    "zone_from": 35,
                    "zone_to": 60
                },
                {
                    "req_id": 1664165614,
                    "timesteps_left": 7,
                    "zone_from": 42,
                    "zone_to": 2
                },
                {
                    "req_id": 1602185160,
                    "timesteps_left": 1,
                    "zone_from": 42,
                    "zone_to": 42
                },
                {
                    "req_id": 2100676731,
                    "timesteps_left": 6,
                    "zone_from": 8,
                    "zone_to": 8
                },
                {
                    "req_id": 341337683,
                    "timesteps_left": 7,
                    "zone_from": 33,
                    "zone_to": 39
                },
                {
                    "req_id": 888373449,
                    "timesteps_left": 7,
                    "zone_from": 54,
                    "zone_to": 55
                },
                {
                    "req_id": 2038764772,
                    "timesteps_left": 3,
                    "zone_from": 47,
                    "zone_to": 39
                },
                {
                    "req_id": 50034705,
                    "timesteps_left": 6,
                    "zone_from": 17,
                    "zone_to": 47
                },
                {
                    "req_id": 1265308170,
                    "timesteps_left": 6,
                    "zone_from": 40,
                    "zone_to": 32
                },
                {
                    "req_id": 693396392,
                    "timesteps_left": 9,
                    "zone_from": 6,
                    "zone_to": 26
                },
                {
                    "req_id": 1200024290,
                    "timesteps_left": 5,
                    "zone_from": 13,
                    "zone_to": 32
                },
                {
                    "req_id": 1248204590,
                    "timesteps_left": 3,
                    "zone_from": 13,
                    "zone_to": 13
                },
                {
                    "req_id": 1812425336,
                    "timesteps_left": 8,
                    "zone_from": 51,
                    "zone_to": 13
                },
                {
                    "req_id": 910866861,
                    "timesteps_left": 10,
                    "zone_from": 19,
                    "zone_to": 10
                },
                {
                    "req_id": 1559751640,
                    "timesteps_left": 10,
                    "zone_from": 10,
                    "zone_to": 10
                },
                {
                    "req_id": 352746467,
                    "timesteps_left": 10,
                    "zone_from": 39,
                    "zone_to": 47
                },
                {
                    "req_id": 1957683963,
                    "timesteps_left": 10,
                    "zone_from": 26,
                    "zone_to": 18
                },
                {
                    "req_id": 1588895584,
                    "timesteps_left": 10,
                    "zone_from": 47,
                    "zone_to": 8
                },
                {
                    "req_id": 1352259599,
                    "timesteps_left": 10,
                    "zone_from": 41,
                    "zone_to": 13
                }
            ],
            "cars": [
                {
                    "car_id": 868007315,
                    "n_reqs": 2,
                    "reqs_in_car": [
                        71298955,
                        2038764772
                    ],
                    "path": [
                        47,
                        47,
                        39,
                        32
                    ],
                    "reward": 0.0551127,
                    "icds": [
                        162,
                        0
                    ],
                    "dist_red": 1592.0
                },
                {
                    "car_id": 170246871,
                    "n_reqs": 2,
                    "reqs_in_car": [
                        1691984905,
                        1475392832
                    ],
                    "path": [
                        59,
                        59,
                        39,
                        50
                    ],
                    "reward": 0.0924029,
                    "icds": [
                        242,
                        0
                    ],
                    "dist_red": 2769.0
                },
                {
                    "car_id": 160668662,
                    "n_reqs": 2,
                    "reqs_in_car": [
                        2074084938,
                        2074084938
                    ],
                    "path": [
                        51,
                        51,
                        39,
                        39
                    ],
                    "reward": 0.25,
                    "icds": [
                        0,
                        0
                    ],
                    "dist_red": 2654.0
                },
                {
                    "car_id": 132170717,
                    "n_reqs": 2,
                    "reqs_in_car": [
                        1660882782,
                        1333480561
                    ],
                    "path": [
                        14,
                        38,
                        37,
                        38
                    ],
                    "reward": 0.0413352,
                    "icds": [
                        0,
                        0
                    ],
                    "dist_red": -1552.0
                },
                {
                    "car_id": 602496580,
                    "n_reqs": 3,
                    "reqs_in_car": [
                        577407809,
                        1767374058,
                        1414145258
                    ],
                    "path": [
                        51,
                        51,
                        48,
                        48,
                        14,
                        14
                    ],
                    "reward": 0.35911,
                    "icds": [
                        79,
                        0,
                        0
                    ],
                    "dist_red": 4495.0
                },
                {
                    "car_id": 1289040109,
                    "n_reqs": 4,
                    "reqs_in_car": [
                        341337683,
                        352746467,
                        920861203,
                        147267402
                    ],
                    "path": [
                        33,
                        54,
                        53,
                        39,
                        47,
                        47,
                        36,
                        39
                    ],
                    "reward": 0.204239,
                    "icds": [
                        497,
                        0,
                        0,
                        0
                    ],
                    "dist_red": 3184.0
                },
                {
                    "car_id": 117694628,
                    "n_reqs": 4,
                    "reqs_in_car": [
                        548464937,
                        30379972,
                        1785261781,
                        1248204590
                    ],
                    "path": [
                        13,
                        13,
                        13,
                        13,
                        59,
                        59,
                        59,
                        35
                    ],
                    "reward": 0.432939,
                    "icds": [
                        172,
                        0,
                        0,
                        0
                    ],
                    "dist_red": 2531.0
                },
                {
                    "car_id": 1052228558,
                    "n_reqs": 5,
                    "reqs_in_car": [
                        753230801,
                        755548814,
                        1515551655,
                        50034705,
                        910866861
                    ],
                    "path": [
                        31,
                        31,
                        19,
                        19,
                        10,
                        17,
                        47,
                        47,
                        53,
                        53
                    ],
                    "reward": 0.321798,
                    "icds": [
                        1697,
                        0,
                        0,
                        0,
                        0
                    ],
                    "dist_red": 9631.0
                },
                {
                    "car_id": 1910758407,
                    "n_reqs": 5,
                    "reqs_in_car": [
                        2100676731,
                        1588895584,
                        1512120283,
                        263350646,
                        1837976884
                    ],
                    "path": [
                        26,
                        41,
                        37,
                        47,
                        8,
                        8,
                        8,
                        29,
                        55,
                        54
                    ],
                    "reward": 0.236281,
                    "icds": [
                        0,
                        0,
                        1101,
                        0,
                        0
                    ],
                    "dist_red": 3039.0
                },
                {
                    "car_id": 986594656,
                    "n_reqs": 5,
                    "reqs_in_car": [
                        13961206,
                        1664165614,
                        1602185160,
                        840547897,
                        1559751640
                    ],
                    "path": [
                        42,
                        42,
                        42,
                        10,
                        10,
                        35,
                        35,
                        2,
                        60,
                        2
                    ],
                    "reward": 0.623384,
                    "icds": [
                        0,
                        171,
                        0,
                        0,
                        0
                    ],
                    "dist_red": 6070.0
                },
                {
                    "car_id": 353327410,
                    "n_reqs": 5,
                    "reqs_in_car": [
                        1265308170,
                        693396392,
                        1957683963,
                        1200024290,
                        1812425336
                    ],
                    "path": [
                        40,
                        6,
                        26,
                        26,
                        18,
                        51,
                        13,
                        13,
                        32,
                        32
                    ],
                    "reward": 0.44023,
                    "icds": [
                        1504,
                        0,
                        0,
                        0,
                        0
                    ],
                    "dist_red": 14109.0
                }
            ]
        }
    ],
    "serv_rate": 65.0,
    "n_cars": 11,
    "avg_occ": 2.5272727272727273,
    "dist_red": 48.522,
    "dist_red_perc": 13,
    "trip_red": 28,
    "trip_red_perc": 28,
    "kg_co2_red": 6,
    "icd_mean": 71
}