{
    "timesteps": [
        {
            "t": 0,
            "reqs": [
                {
                    "req_id": 1897188658,
                    "timesteps_left": 2,
                    "zone_from": 50,
                    "zone_to": 61
                },
                {
                    "req_id": 1568658013,
                    "timesteps_left": 2,
                    "zone_from": 27,
                    "zone_to": 41
                },
                {
                    "req_id": 966913315,
                    "timesteps_left": 2,
                    "zone_from": 47,
                    "zone_to": 42
                },
                {
                    "req_id": 420705841,
                    "timesteps_left": 2,
                    "zone_from": 6,
                    "zone_to": 40
                }
            ],
            "cars": []
        },
        {
            "t": 1,
            "reqs": [
                {
                    "req_id": 1897188658,
                    "timesteps_left": 1,
                    "zone_from": 50,
                    "zone_to": 61
                },
                {
                    "req_id": 1568658013,
                    "timesteps_left": 1,
                    "zone_from": 27,
                    "zone_to": 41
                },
                {
                    "req_id": 966913315,
                    "timesteps_left": 1,
                    "zone_from": 47,
                    "zone_to": 42
                },
                {
                    "req_id": 420705841,
                    "timesteps_left": 1,
                    "zone_from": 6,
                    "zone_to": 40
                },
                {
                    "req_id": 322238962,
                    "timesteps_left": 2,
                    "zone_from": 60,
                    "zone_to": 16
                },
                {
                    "req_id": 733081003,
                    "timesteps_left": 2,
                    "zone_from": 29,
                    "zone_to": 61
                },
                {
                    "req_id": 1427546320,
                    "timesteps_left": 2,
                    "zone_from": 26,
                    "zone_to": 10
                },
                {
                    "req_id": 619941202,
                    "timesteps_left": 2,
                    "zone_from": 8,
                    "zone_to": 8
                }
            ],
            "cars": []
        },
        {
            "t": 2,
            "reqs": [
                {
                    "req_id": 1897188658,
                    "timesteps_left": 0,
                    "zone_from": 50,
                    "zone_to": 61
                },
                {
                    "req_id": 1568658013,
                    "timesteps_left": 0,
                    "zone_from": 27,
                    "zone_to": 41
                },
                {
                    "req_id": 966913315,
                    "timesteps_left": 0,
                    "zone_from": 47,
                    "zone_to": 42
                },
                {
                    "req_id": 420705841,
                    "timesteps_left": 0,
                    "zone_from": 6,
                    "zone_to": 40
                },
                {
                    "req_id": 322238962,
                    "timesteps_left": 1,
                    "zone_from": 60,
                    "zone_to": 16
                },
                {
                    "req_id": 733081003,
                    "timesteps_left": 1,
                    "zone_from": 29,
                    "zone_to": 61
                },
                {
                    "req_id": 1427546320,
                    "timesteps_left": 1,
                    "zone_from": 26,
                    "zone_to": 10
                },
                {
                    "req_id": 619941202,
                    "timesteps_left": 1,
                    "zone_from": 8,
                    "zone_to": 8
                },
                {
                    "req_id": 139405832,
                    "timesteps_left": 2,
                    "zone_from": 52,
                    "zone_to": 37
                },
                {
                    "req_id": 324973833,
                    "timesteps_left": 2,
                    "zone_from": 13,
                    "zone_to": 31
                },
                {
                    "req_id": 1985911807,
                    "timesteps_left": 2,
                    "zone_from": 10,
                    "zone_to": 13
                },
                {
                    "req_id": 1988934281,
                    "timesteps_left": 2,
                    "zone_from": 26,
                    "zone_to": 53
                }
            ],
            "cars": [
                {
                    "car_id": 1864569378,
                    "n_reqs": 2,
                    "reqs_in_car": [
                        1897188658,
                        1988934281
                    ],
                    "path": [
                        50,
                        26,
                        53,
                        61
                    ],
                    "reward": 0.0341836,
                    "icds": [
                        1043,
                        0
                    ],
                    "dist_red": 2210.0
                }
            ]
        },
        {
            "t": 3,
            "reqs": [
                {
                    "req_id": 322238962,
                    "timesteps_left": 0,
                    "zone_from": 60,
                    "zone_to": 16
                },
                {
                    "req_id": 733081003,
                    "timesteps_left": 0,
                    "zone_from": 29,
                    "zone_to": 61
                },
                {
                    "req_id": 1427546320,
                    "timesteps_left": 0,
                    "zone_from": 26,
                    "zone_to": 10
                },
                {
                    "req_id": 619941202,
                    "timesteps_left": 0,
                    "zone_from": 8,
                    "zone_to": 8
                },
                {
                    "req_id": 139405832,
                    "timesteps_left": 1,
                    "zone_from": 52,
                    "zone_to": 37
                },
                {
                    "req_id": 324973833,
                    "timesteps_left": 1,
                    "zone_from": 13,
                    "zone_to": 31
                },
                {
                    "req_id": 1985911807,
                    "timesteps_left": 1,
                    "zone_from": 10,
                    "zone_to": 13
                },
                {
                    "req_id": 298874960,
                    "timesteps_left": 2,
                    "zone_from": 10,
                    "zone_to": 48
                },
                {
                    "req_id": 1548090897,
                    "timesteps_left": 2,
                    "zone_from": 39,
                    "zone_to": 17
                },
                {
                    "req_id": 161416938,
                    "timesteps_left": 2,
                    "zone_from": 61,
                    "zone_to": 61
                },
                {
                    "req_id": 1699468756,
                    "timesteps_left": 2,
                    "zone_from": 18,
                    "zone_to": 10
                }
            ],
            "cars": [
                {
                    "car_id": 1405572215,
                    "n_reqs": 2,
                    "reqs_in_car": [
                        733081003,
                        161416938
                    ],
                    "path": [
                        29,
                        61,
                        61,
                        61
                    ],
                    "reward": 0.166667,
                    "icds": [
                        0,
                        0
                    ],
                    "dist_red": 0.0
                },
                {
                    "car_id": 513282051,
                    "n_reqs": 2,
                    "reqs_in_car": [
                        1427546320,
                        1699468756
                    ],
                    "path": [
                        18,
                        26,
                        10,
                        10
                    ],
                    "reward": 0.271877,
                    "icds": [
                        0,
                        253
                    ],
                    "dist_red": 1638.0
                }
            ]
        },
        {
            "t": 4,
            "reqs": [
                {
                    "req_id": 139405832,
                    "timesteps_left": 0,
                    "zone_from": 52,
                    "zone_to": 37
                },
                {
                    "req_id": 324973833,
                    "timesteps_left": 0,
                    "zone_from": 13,
                    "zone_to": 31
                },
                {
                    "req_id": 1985911807,
                    "timesteps_left": 0,
                    "zone_from": 10,
                    "zone_to": 13
                },
                {
                    "req_id": 298874960,
                    "timesteps_left": 1,
                    "zone_from": 10,
                    "zone_to": 48
                },
                {
                    "req_id": 1548090897,
                    "timesteps_left": 1,
                    "zone_from": 39,
                    "zone_to": 17
                },
                {
                    "req_id": 1611648734,
                    "timesteps_left": 2,
                    "zone_from": 46,
                    "zone_to": 38
                },
                {
                    "req_id": 1182694680,
                    "timesteps_left": 2,
                    "zone_from": 53,
                    "zone_to": 27
                },
                {
                    "req_id": 651227923,
                    "timesteps_left": 2,
                    "zone_from": 28,
                    "zone_to": 52
                },
                {
                    "req_id": 704486802,
                    "timesteps_left": 2,
                    "zone_from": 42,
                    "zone_to": 39
                }
            ],
            "cars": []
        },
        {
            "t": 5,
            "reqs": [
                {
                    "req_id": 298874960,
                    "timesteps_left": 0,
                    "zone_from": 10,
                    "zone_to": 48
                },
                {
                    "req_id": 1548090897,
                    "timesteps_left": 0,
                    "zone_from": 39,
                    "zone_to": 17
                },
                {
                    "req_id": 1611648734,
                    "timesteps_left": 1,
                    "zone_from": 46,
                    "zone_to": 38
                },
                {
                    "req_id": 1182694680,
                    "timesteps_left": 1,
                    "zone_from": 53,
                    "zone_to": 27
                },
                {
                    "req_id": 651227923,
                    "timesteps_left": 1,
                    "zone_from": 28,
                    "zone_to": 52
                },
                {
                    "req_id": 704486802,
                    "timesteps_left": 1,
                    "zone_from": 42,
                    "zone_to": 39
                },
                {
                    "req_id": 346000517,
                    "timesteps_left": 2,
                    "zone_from": 32,
                    "zone_to": 14
                },
                {
                    "req_id": 427533764,
                    "timesteps_left": 2,
                    "zone_from": 18,
                    "zone_to": 2
                },
                {
                    "req_id": 795987128,
                    "timesteps_left": 2,
                    "zone_from": 58,
                    "zone_to": 30
                },
                {
                    "req_id": 177748796,
                    "timesteps_left": 2,
                    "zone_from": 13,
                    "zone_to": 28
                }
            ],
            "cars": [
                {
                    "car_id": 226317892,
                    "n_reqs": 4,
                    "reqs_in_car": [
                        298874960,
                        427533764,
                        1548090897,
                        704486802
                    ],
                    "path": [
                        18,
                        42,
                        39,
                        39,
                        17,
                        10,
                        48,
                        2
                    ],
                    "reward": 0.455915,
                    "icds": [
                        0,
                        2331,
                        0,
                        0
                    ],
                    "dist_red": 3476.0
                }
            ]
        },
        {
            "t": 6,
            "reqs": [
                {
                    "req_id": 1611648734,
                    "timesteps_left": 0,
                    "zone_from": 46,
                    "zone_to": 38
                },
                {
                    "req_id": 1182694680,
                    "timesteps_left": 0,
                    "zone_from": 53,
                    "zone_to": 27
                },
                {
                    "req_id": 346000517,
                    "timesteps_left": 1,
                    "zone_from": 32,
                    "zone_to": 14
                },
                {
                    "req_id": 795987128,
                    "timesteps_left": 1,
                    "zone_from": 58,
                    "zone_to": 30
                },
                {
                    "req_id": 651227923,
                    "timesteps_left": 0,
                    "zone_from": 28,
                    "zone_to": 52
                },
                {
                    "req_id": 177748796,
                    "timesteps_left": 1,
                    "zone_from": 13,
                    "zone_to": 28
                },
                {
                    "req_id": 1016500697,
                    "timesteps_left": 2,
                    "zone_from": 53,
                    "zone_to": 61
                },
                {
                    "req_id": 1637804276,
                    "timesteps_left": 2,
                    "zone_from": 41,
                    "zone_to": 21
                },
                {
                    "req_id": 1195799449,
                    "timesteps_left": 2,
                    "zone_from": 16,
                    "zone_to": 59
                },
                {
                    "req_id": 1330590846,
                    "timesteps_left": 2,
                    "zone_from": 16,
                    "zone_to": 10
                }
            ],
            "cars": [
                {
                    "car_id": 1561516562,
                    "n_reqs": 2,
                    "reqs_in_car": [
                        1182694680,
                        1016500697
                    ],
                    "path": [
                        53,
                        53,
                        27,
                        61
                    ],
                    "reward": 0.252174,
                    "icds": [
                        0,
                        181
                    ],
                    "dist_red": 1105.0
                },
                {
                    "car_id": 1304848895,
                    "n_reqs": 4,
                    "reqs_in_car": [
                        651227923,
                        1637804276,
                        177748796,
                        1195799449
                    ],
                    "path": [
                        41,
                        16,
                        59,
                        13,
                        28,
                        28,
                        52,
                        21
                    ],
                    "reward": 0.230929,
                    "icds": [
                        0,
                        3592,
                        0,
                        0
                    ],
                    "dist_red": 1623.0
                }
            ]
        },
        {
            "t": 7,
            "reqs": [
                {
                    "req_id": 346000517,
                    "timesteps_left": 0,
                    "zone_from": 32,
                    "zone_to": 14
                },
                {
                    "req_id": 795987128,
                    "timesteps_left": 0,
                    "zone_from": 58,
                    "zone_to": 30
                },
                {
                    "req_id": 1330590846,
                    "timesteps_left": 1,
                    "zone_from": 16,
                    "zone_to": 10
                },
                {
                    "req_id": 1309378787,
                    "timesteps_left": 2,
                    "zone_from": 39,
                    "zone_to": 42
                },
                {
                    "req_id": 90063985,
                    "timesteps_left": 2,
                    "zone_from": 47,
                    "zone_to": 17
                },
                {
                    "req_id": 1046667097,
                    "timesteps_left": 2,
                    "zone_from": 46,
                    "zone_to": 46
                },
                {
                    "req_id": 1277833786,
                    "timesteps_left": 2,
                    "zone_from": 8,
                    "zone_to": 51
                }
            ],
            "cars": []
        },
        {
            "t": 8,
            "reqs": [
                {
                    "req_id": 1330590846,
                    "timesteps_left": 0,
                    "zone_from": 16,
                    "zone_to": 10
                },
                {
                    "req_id": 1309378787,
                    "timesteps_left": 1,
                    "zone_from": 39,
                    "zone_to": 42
                },
                {
                    "req_id": 90063985,
                    "timesteps_left": 1,
                    "zone_from": 47,
                    "zone_to": 17
                },
                {
                    "req_id": 1046667097,
                    "timesteps_left": 1,
                    "zone_from": 46,
                    "zone_to": 46
                },
                {
                    "req_id": 1277833786,
                    "timesteps_left": 1,
                    "zone_from": 8,
                    "zone_to": 51
                },
                {
                    "req_id": 1294023361,
                    "timesteps_left": 2,
                    "zone_from": 52,
                    "zone_to": 29
                },
                {
                    "req_id": 1459800069,
                    "timesteps_left": 2,
                    "zone_from": 35,
                    "zone_to": 31
                },
                {
                    "req_id": 1758781017,
                    "timesteps_left": 2,
                    "zone_from": 28,
                    "zone_to": 13
                },
                {
                    "req_id": 620260836,
                    "timesteps_left": 2,
                    "zone_from": 30,
                    "zone_to": 61
                }
            ],
            "cars": []
        },
        {
            "t": 9,
            "reqs": [
                {
                    "req_id": 1309378787,
                    "timesteps_left": 0,
                    "zone_from": 39,
                    "zone_to": 42
                },
                {
                    "req_id": 90063985,
                    "timesteps_left": 0,
                    "zone_from": 47,
                    "zone_to": 17
                },
                {
                    "req_id": 1046667097,
                    "timesteps_left": 0,
                    "zone_from": 46,
                    "zone_to": 46
                },
                {
                    "req_id": 1277833786,
                    "timesteps_left": 0,
                    "zone_from": 8,
                    "zone_to": 51
                },
                {
                    "req_id": 1294023361,
                    "timesteps_left": 1,
                    "zone_from": 52,
                    "zone_to": 29
                },
                {
                    "req_id": 1459800069,
                    "timesteps_left": 1,
                    "zone_from": 35,
                    "zone_to": 31
                },
                {
                    "req_id": 1758781017,
                    "timesteps_left": 1,
                    "zone_from": 28,
                    "zone_to": 13
                },
                {
                    "req_id": 620260836,
                    "timesteps_left": 1,
                    "zone_from": 30,
                    "zone_to": 61
                },
                {
                    "req_id": 1410012000,
                    "timesteps_left": 2,
                    "zone_from": 37,
                    "zone_to": 9
                },
                {
                    "req_id": 328703251,
                    "timesteps_left": 2,
                    "zone_from": 47,
                    "zone_to": 42
                },
                {
                    "req_id": 622071216,
                    "timesteps_left": 2,
                    "zone_from": 41,
                    "zone_to": 18
                },
                {
                    "req_id": 743233608,
                    "timesteps_left": 2,
                    "zone_from": 26,
                    "zone_to": 13
                }
            ],
            "cars": [
                {
                    "car_id": 1427547136,
                    "n_reqs": 3,
                    "reqs_in_car": [
                        90063985,
                        328703251,
                        1277833786
                    ],
                    "path": [
                        8,
                        47,
                        47,
                        17,
                        42,
                        51
                    ],
                    "reward": 0.125014,
                    "icds": [
                        0,
                        237,
                        729
                    ],
                    "dist_red": 1029.0
                },
                {
                    "car_id": 1108489512,
                    "n_reqs": 4,
                    "reqs_in_car": [
                        1758781017,
                        743233608,
                        1046667097,
                        622071216
                    ],
                    "path": [
                        28,
                        46,
                        46,
                        41,
                        26,
                        18,
                        13,
                        13
                    ],
                    "reward": 0.442363,
                    "icds": [
                        1209,
                        81,
                        0,
                        107
                    ],
                    "dist_red": 2727.0
                }
            ]
        }
    ],
    "serv_rate": 57.5,
    "n_cars": 8,
    "avg_occ": 1.75,
    "dist_red": 13.808,
    "dist_red_perc": 4,
    "trip_red": 15,
    "trip_red_perc": 15,
    "kg_co2_red": 1,
    "icd_mean": 117
}