{
    "timesteps": [
        {
            "t": 0,
            "reqs": [
                {
                    "req_id": 140415202,
                    "timesteps_left": 1,
                    "zone_from": 51,
                    "zone_to": 18
                },
                {
                    "req_id": 459298741,
                    "timesteps_left": 1,
                    "zone_from": 18,
                    "zone_to": 11
                },
                {
                    "req_id": 290596098,
                    "timesteps_left": 1,
                    "zone_from": 41,
                    "zone_to": 62
                },
                {
                    "req_id": 2127617820,
                    "timesteps_left": 1,
                    "zone_from": 53,
                    "zone_to": 52
                },
                {
                    "req_id": 755717270,
                    "timesteps_left": 1,
                    "zone_from": 55,
                    "zone_to": 30
                },
                {
                    "req_id": 1105812979,
                    "timesteps_left": 1,
                    "zone_from": 32,
                    "zone_to": 0
                }
            ],
            "cars": []
        },
        {
            "t": 1,
            "reqs": [
                {
                    "req_id": 755717270,
                    "timesteps_left": 0,
                    "zone_from": 55,
                    "zone_to": 30
                },
                {
                    "req_id": 1105812979,
                    "timesteps_left": 0,
                    "zone_from": 32,
                    "zone_to": 0
                },
                {
                    "req_id": 459298741,
                    "timesteps_left": 0,
                    "zone_from": 18,
                    "zone_to": 11
                },
                {
                    "req_id": 290596098,
                    "timesteps_left": 0,
                    "zone_from": 41,
                    "zone_to": 62
                },
                {
                    "req_id": 2127617820,
                    "timesteps_left": 0,
                    "zone_from": 53,
                    "zone_to": 52
                },
                {
                    "req_id": 140415202,
                    "timesteps_left": 0,
                    "zone_from": 51,
                    "zone_to": 18
                },
                {
                    "req_id": 959211561,
                    "timesteps_left": 1,
                    "zone_from": 30,
                    "zone_to": 29
                },
                {
                    "req_id": 1853994540,
                    "timesteps_left": 1,
                    "zone_from": 3,
                    "zone_to": 51
                },
                {
                    "req_id": 1350218673,
                    "timesteps_left": 1,
                    "zone_from": 47,
                    "zone_to": 37
                },
                {
                    "req_id": 1695583721,
                    "timesteps_left": 1,
                    "zone_from": 49,
                    "zone_to": 7
                },
                {
                    "req_id": 1696471417,
                    "timesteps_left": 1,
                    "zone_from": 29,
                    "zone_to": 41
                },
                {
                    "req_id": 693037600,
                    "timesteps_left": 1,
                    "zone_from": 48,
                    "zone_to": 13
                }
            ],
            "cars": [
                {
                    "car_id": 1390159991,
                    "n_reqs": 3,
                    "reqs_in_car": [
                        1105812979,
                        693037600,
                        1695583721
                    ],
                    "path": [
                        48,
                        49,
                        7,
                        32,
                        0,
                        13
                    ],
                    "reward": 0.395362,
                    "icds": [
                        0,
                        1208,
                        0
                    ],
                    "dist_red": 3663.0
                },
                {
                    "car_id": 705205228,
                    "n_reqs": 3,
                    "reqs_in_car": [
                        459298741,
                        290596098,
                        2127617820
                    ],
                    "path": [
                        18,
                        41,
                        53,
                        52,
                        62,
                        11
                    ],
                    "reward": 0.340715,
                    "icds": [
                        1139,
                        579,
                        0
                    ],
                    "dist_red": 7990.0
                },
                {
                    "car_id": 70020142,
                    "n_reqs": 5,
                    "reqs_in_car": [
                        1853994540,
                        1696471417,
                        755717270,
                        959211561,
                        140415202
                    ],
                    "path": [
                        3,
                        55,
                        30,
                        30,
                        29,
                        29,
                        41,
                        51,
                        18,
                        51
                    ],
                    "reward": 0.868059,
                    "icds": [
                        1513,
                        0,
                        0,
                        0,
                        0
                    ],
                    "dist_red": 4705.0
                }
            ]
        },
        {
            "t": 2,
            "reqs": [
                {
                    "req_id": 1350218673,
                    "timesteps_left": 0,
                    "zone_from": 47,
                    "zone_to": 37
                },
                {
                    "req_id": 726063778,
                    "timesteps_left": 1,
                    "zone_from": 23,
                    "zone_to": 13
                },
                {
                    "req_id": 68419837,
                    "timesteps_left": 1,
                    "zone_from": 14,
                    "zone_to": 35
                },
                {
                    "req_id": 837637317,
                    "timesteps_left": 1,
                    "zone_from": 8,
                    "zone_to": 56
                },
                {
                    "req_id": 1685424971,
                    "timesteps_left": 1,
                    "zone_from": 41,
                    "zone_to": 42
                },
                {
                    "req_id": 1408655549,
                    "timesteps_left": 1,
                    "zone_from": 44,
                    "zone_to": 55
                },
                {
                    "req_id": 155372358,
                    "timesteps_left": 1,
                    "zone_from": 54,
                    "zone_to": 54
                }
            ],
            "cars": []
        },
        {
            "t": 3,
            "reqs": [
                {
                    "req_id": 726063778,
                    "timesteps_left": 0,
                    "zone_from": 23,
                    "zone_to": 13
                },
                {
                    "req_id": 68419837,
                    "timesteps_left": 0,
                    "zone_from": 14,
                    "zone_to": 35
                },
                {
                    "req_id": 837637317,
                    "timesteps_left": 0,
                    "zone_from": 8,
                    "zone_to": 56
                },
                {
                    "req_id": 1685424971,
                    "timesteps_left": 0,
                    "zone_from": 41,
                    "zone_to": 42
                },
                {
                    "req_id": 1408655549,
                    "timesteps_left": 0,
                    "zone_from": 44,
                    "zone_to": 55
                },
                {
                    "req_id": 155372358,
                    "timesteps_left": 0,
                    "zone_from": 54,
                    "zone_to": 54
                },
                {
                    "req_id": 1255182161,
                    "timesteps_left": 1,
                    "zone_from": 48,
                    "zone_to": 13
                },
                {
                    "req_id": 1452111118,
                    "timesteps_left": 1,
                    "zone_from": 59,
                    "zone_to": 58
                },
                {
                    "req_id": 2076977440,
                    "timesteps_left": 1,
                    "zone_from": 53,
                    "zone_to": 38
                },
                {
                    "req_id": 215229305,
                    "timesteps_left": 1,
                    "zone_from": 51,
                    "zone_to": 10
                },
                {
                    "req_id": 1440532363,
                    "timesteps_left": 1,
                    "zone_from": 51,
                    "zone_to": 43
                },
                {
                    "req_id": 1449021859,
                    "timesteps_left": 1,
                    "zone_from": 38,
                    "zone_to": 61
                }
            ],
            "cars": [
                {
                    "car_id": 556278664,
                    "n_reqs": 2,
                    "reqs_in_car": [
                        726063778,
                        1255182161
                    ],
                    "path": [
                        48,
                        23,
                        13,
                        13
                    ],
                    "reward": 0.487161,
                    "icds": [
                        0,
                        212
                    ],
                    "dist_red": 6615.0
                },
                {
                    "car_id": 1264556923,
                    "n_reqs": 2,
                    "reqs_in_car": [
                        1408655549,
                        1452111118
                    ],
                    "path": [
                        44,
                        59,
                        58,
                        55
                    ],
                    "reward": 0.110871,
                    "icds": [
                        649,
                        0
                    ],
                    "dist_red": 1823.0
                }
            ]
        },
        {
            "t": 4,
            "reqs": [
                {
                    "req_id": 2076977440,
                    "timesteps_left": 0,
                    "zone_from": 53,
                    "zone_to": 38
                },
                {
                    "req_id": 215229305,
                    "timesteps_left": 0,
                    "zone_from": 51,
                    "zone_to": 10
                },
                {
                    "req_id": 1440532363,
                    "timesteps_left": 0,
                    "zone_from": 51,
                    "zone_to": 43
                },
                {
                    "req_id": 1449021859,
                    "timesteps_left": 0,
                    "zone_from": 38,
                    "zone_to": 61
                },
                {
                    "req_id": 644742746,
                    "timesteps_left": 1,
                    "zone_from": 8,
                    "zone_to": 10
                },
                {
                    "req_id": 1954802924,
                    "timesteps_left": 1,
                    "zone_from": 10,
                    "zone_to": 58
                },
                {
                    "req_id": 1333440617,
                    "timesteps_left": 1,
                    "zone_from": 51,
                    "zone_to": 10
                },
                {
                    "req_id": 848938805,
                    "timesteps_left": 1,
                    "zone_from": 48,
                    "zone_to": 20
                },
                {
                    "req_id": 2030164209,
                    "timesteps_left": 1,
                    "zone_from": 32,
                    "zone_to": 59
                },
                {
                    "req_id": 1481510528,
                    "timesteps_left": 1,
                    "zone_from": 59,
                    "zone_to": 51
                }
            ],
            "cars": [
                {
                    "car_id": 1939036230,
                    "n_reqs": 3,
                    "reqs_in_car": [
                        215229305,
                        215229305,
                        1954802924
                    ],
                    "path": [
                        51,
                        51,
                        10,
                        10,
                        58,
                        10
                    ],
                    "reward": 0.581686,
                    "icds": [
                        0,
                        0,
                        0
                    ],
                    "dist_red": 1734.0
                }
            ]
        },
        {
            "t": 5,
            "reqs": [
                {
                    "req_id": 644742746,
                    "timesteps_left": 0,
                    "zone_from": 8,
                    "zone_to": 10
                },
                {
                    "req_id": 848938805,
                    "timesteps_left": 0,
                    "zone_from": 48,
                    "zone_to": 20
                },
                {
                    "req_id": 2030164209,
                    "timesteps_left": 0,
                    "zone_from": 32,
                    "zone_to": 59
                },
                {
                    "req_id": 1481510528,
                    "timesteps_left": 0,
                    "zone_from": 59,
                    "zone_to": 51
                },
                {
                    "req_id": 2019581957,
                    "timesteps_left": 1,
                    "zone_from": 26,
                    "zone_to": 39
                },
                {
                    "req_id": 1928912993,
                    "timesteps_left": 1,
                    "zone_from": 36,
                    "zone_to": 46
                },
                {
                    "req_id": 1158146621,
                    "timesteps_left": 1,
                    "zone_from": 62,
                    "zone_to": 40
                },
                {
                    "req_id": 417523175,
                    "timesteps_left": 1,
                    "zone_from": 16,
                    "zone_to": 58
                },
                {
                    "req_id": 1717335822,
                    "timesteps_left": 1,
                    "zone_from": 38,
                    "zone_to": 36
                },
                {
                    "req_id": 2069191015,
                    "timesteps_left": 1,
                    "zone_from": 59,
                    "zone_to": 36
                }
            ],
            "cars": [
                {
                    "car_id": 1457908611,
                    "n_reqs": 3,
                    "reqs_in_car": [
                        1481510528,
                        2069191015,
                        1717335822
                    ],
                    "path": [
                        59,
                        59,
                        51,
                        38,
                        36,
                        36
                    ],
                    "reward": 0.202738,
                    "icds": [
                        0,
                        844,
                        0
                    ],
                    "dist_red": 476.0
                }
            ]
        },
        {
            "t": 6,
            "reqs": [
                {
                    "req_id": 2019581957,
                    "timesteps_left": 0,
                    "zone_from": 26,
                    "zone_to": 39
                },
                {
                    "req_id": 1928912993,
                    "timesteps_left": 0,
                    "zone_from": 36,
                    "zone_to": 46
                },
                {
                    "req_id": 1158146621,
                    "timesteps_left": 0,
                    "zone_from": 62,
                    "zone_to": 40
                },
                {
                    "req_id": 417523175,
                    "timesteps_left": 0,
                    "zone_from": 16,
                    "zone_to": 58
                },
                {
                    "req_id": 1470789240,
                    "timesteps_left": 1,
                    "zone_from": 41,
                    "zone_to": 47
                },
                {
                    "req_id": 2067091037,
                    "timesteps_left": 1,
                    "zone_from": 59,
                    "zone_to": 12
                },
                {
                    "req_id": 983567861,
                    "timesteps_left": 1,
                    "zone_from": 30,
                    "zone_to": 55
                },
                {
                    "req_id": 1311862748,
                    "timesteps_left": 1,
                    "zone_from": 51,
                    "zone_to": 10
                },
                {
                    "req_id": 116318455,
                    "timesteps_left": 1,
                    "zone_from": 32,
                    "zone_to": 42
                },
                {
                    "req_id": 1341262468,
                    "timesteps_left": 1,
                    "zone_from": 0,
                    "zone_to": 9
                }
            ],
            "cars": [
                {
                    "car_id": 1034174874,
                    "n_reqs": 2,
                    "reqs_in_car": [
                        2019581957,
                        116318455
                    ],
                    "path": [
                        32,
                        26,
                        39,
                        42
                    ],
                    "reward": 0.114292,
                    "icds": [
                        0,
                        213
                    ],
                    "dist_red": 218.0
                },
                {
                    "car_id": 1317502025,
                    "n_reqs": 2,
                    "reqs_in_car": [
                        417523175,
                        1311862748
                    ],
                    "path": [
                        16,
                        51,
                        10,
                        58
                    ],
                    "reward": 0.0433911,
                    "icds": [
                        576,
                        0
                    ],
                    "dist_red": 746.0
                }
            ]
        },
        {
            "t": 7,
            "reqs": [
                {
                    "req_id": 2067091037,
                    "timesteps_left": 0,
                    "zone_from": 59,
                    "zone_to": 12
                },
                {
                    "req_id": 983567861,
                    "timesteps_left": 0,
                    "zone_from": 30,
                    "zone_to": 55
                },
                {
                    "req_id": 1341262468,
                    "timesteps_left": 0,
                    "zone_from": 0,
                    "zone_to": 9
                },
                {
                    "req_id": 1470789240,
                    "timesteps_left": 0,
                    "zone_from": 41,
                    "zone_to": 47
                },
                {
                    "req_id": 1655191246,
                    "timesteps_left": 1,
                    "zone_from": 18,
                    "zone_to": 26
                },
                {
                    "req_id": 1646124446,
                    "timesteps_left": 1,
                    "zone_from": 13,
                    "zone_to": 32
                },
                {
                    "req_id": 1464907109,
                    "timesteps_left": 1,
                    "zone_from": 4,
                    "zone_to": 33
                },
                {
                    "req_id": 2029584941,
                    "timesteps_left": 1,
                    "zone_from": 28,
                    "zone_to": 46
                },
                {
                    "req_id": 1365229156,
                    "timesteps_left": 1,
                    "zone_from": 46,
                    "zone_to": 46
                },
                {
                    "req_id": 1145933428,
                    "timesteps_left": 1,
                    "zone_from": 31,
                    "zone_to": 49
                }
            ],
            "cars": [
                {
                    "car_id": 463302198,
                    "n_reqs": 5,
                    "reqs_in_car": [
                        2067091037,
                        983567861,
                        1341262468,
                        1470789240,
                        1655191246
                    ],
                    "path": [
                        59,
                        0,
                        18,
                        26,
                        41,
                        47,
                        9,
                        30,
                        55,
                        12
                    ],
                    "reward": 0.628241,
                    "icds": [
                        3211,
                        0,
                        588,
                        0,
                        0
                    ],
                    "dist_red": 5799.0
                }
            ]
        },
        {
            "t": 8,
            "reqs": [
                {
                    "req_id": 1646124446,
                    "timesteps_left": 0,
                    "zone_from": 13,
                    "zone_to": 32
                },
                {
                    "req_id": 1464907109,
                    "timesteps_left": 0,
                    "zone_from": 4,
                    "zone_to": 33
                },
                {
                    "req_id": 1145933428,
                    "timesteps_left": 0,
                    "zone_from": 31,
                    "zone_to": 49
                },
                {
                    "req_id": 2029584941,
                    "timesteps_left": 0,
                    "zone_from": 28,
                    "zone_to": 46
                },
                {
                    "req_id": 1365229156,
                    "timesteps_left": 0,
                    "zone_from": 46,
                    "zone_to": 46
                },
                {
                    "req_id": 1637579580,
                    "timesteps_left": 1,
                    "zone_from": 36,
                    "zone_to": 9
                },
                {
                    "req_id": 118791915,
                    "timesteps_left": 1,
                    "zone_from": 62,
                    "zone_to": 12
                },
                {
                    "req_id": 1943752488,
                    "timesteps_left": 1,
                    "zone_from": 31,
                    "zone_to": 18
                },
                {
                    "req_id": 318659234,
                    "timesteps_left": 1,
                    "zone_from": 32,
                    "zone_to": 27
                },
                {
                    "req_id": 1226515645,
                    "timesteps_left": 1,
                    "zone_from": 53,
                    "zone_to": 53
                },
                {
                    "req_id": 185810417,
                    "timesteps_left": 1,
                    "zone_from": 10,
                    "zone_to": 39
                }
            ],
            "cars": [
                {
                    "car_id": 585211606,
                    "n_reqs": 2,
                    "reqs_in_car": [
                        2029584941,
                        1365229156
                    ],
                    "path": [
                        28,
                        46,
                        46,
                        46
                    ],
                    "reward": 0.166667,
                    "icds": [
                        0,
                        0
                    ],
                    "dist_red": 0.0
                }
            ]
        },
        {
            "t": 9,
            "reqs": [
                {
                    "req_id": 1637579580,
                    "timesteps_left": 0,
                    "zone_from": 36,
                    "zone_to": 9
                },
                {
                    "req_id": 118791915,
                    "timesteps_left": 0,
                    "zone_from": 62,
                    "zone_to": 12
                },
                {
                    "req_id": 1943752488,
                    "timesteps_left": 0,
                    "zone_from": 31,
                    "zone_to": 18
                },
                {
                    "req_id": 318659234,
                    "timesteps_left": 0,
                    "zone_from": 32,
                    "zone_to": 27
                },
                {
                    "req_id": 1226515645,
                    "timesteps_left": 0,
                    "zone_from": 53,
                    "zone_to": 53
                },
                {
                    "req_id": 185810417,
                    "timesteps_left": 0,
                    "zone_from": 10,
                    "zone_to": 39
                },
                {
                    "req_id": 219922082,
                    "timesteps_left": 1,
                    "zone_from": 18,
                    "zone_to": 13
                },
                {
                    "req_id": 748228755,
                    "timesteps_left": 1,
                    "zone_from": 38,
                    "zone_to": 47
                },
                {
                    "req_id": 1928616319,
                    "timesteps_left": 1,
                    "zone_from": 18,
                    "zone_to": 13
                },
                {
                    "req_id": 28399986,
                    "timesteps_left": 1,
                    "zone_from": 31,
                    "zone_to": 48
                },
                {
                    "req_id": 110103518,
                    "timesteps_left": 1,
                    "zone_from": 8,
                    "zone_to": 13
                },
                {
                    "req_id": 871864738,
                    "timesteps_left": 1,
                    "zone_from": 41,
                    "zone_to": 37
                }
            ],
            "cars": [
                {
                    "car_id": 181401905,
                    "n_reqs": 4,
                    "reqs_in_car": [
                        219922082,
                        219922082,
                        110103518,
                        185810417
                    ],
                    "path": [
                        8,
                        10,
                        39,
                        18,
                        18,
                        13,
                        13,
                        13
                    ],
                    "reward": 0.864765,
                    "icds": [
                        0,
                        0,
                        479,
                        0
                    ],
                    "dist_red": 3987.0
                }
            ]
        }
    ],
    "serv_rate": 60.0,
    "n_cars": 12,
    "avg_occ": 2.2,
    "dist_red": 37.756,
    "dist_red_perc": 9,
    "trip_red": 24,
    "trip_red_perc": 24,
    "kg_co2_red": 4,
    "icd_mean": 147
}