{
    "timesteps": [
        {
            "t": 0,
            "reqs": [
                {
                    "req_id": 652834594,
                    "timesteps_left": 5,
                    "zone_from": 40,
                    "zone_to": 55
                },
                {
                    "req_id": 402757352,
                    "timesteps_left": 5,
                    "zone_from": 41,
                    "zone_to": 51
                }
            ],
            "cars": []
        },
        {
            "t": 1,
            "reqs": [
                {
                    "req_id": 652834594,
                    "timesteps_left": 4,
                    "zone_from": 40,
                    "zone_to": 55
                },
                {
                    "req_id": 402757352,
                    "timesteps_left": 4,
                    "zone_from": 41,
                    "zone_to": 51
                },
                {
                    "req_id": 229034768,
                    "timesteps_left": 5,
                    "zone_from": 52,
                    "zone_to": 53
                },
                {
                    "req_id": 897181178,
                    "timesteps_left": 5,
                    "zone_from": 31,
                    "zone_to": 48
                }
            ],
            "cars": []
        },
        {
            "t": 2,
            "reqs": [
                {
                    "req_id": 652834594,
                    "timesteps_left": 3,
                    "zone_from": 40,
                    "zone_to": 55
                },
                {
                    "req_id": 402757352,
                    "timesteps_left": 3,
                    "zone_from": 41,
                    "zone_to": 51
                },
                {
                    "req_id": 229034768,
                    "timesteps_left": 4,
                    "zone_from": 52,
                    "zone_to": 53
                },
                {
                    "req_id": 897181178,
                    "timesteps_left": 4,
                    "zone_from": 31,
                    "zone_to": 48
                },
                {
                    "req_id": 1062905719,
                    "timesteps_left": 5,
                    "zone_from": 59,
                    "zone_to": 33
                },
                {
                    "req_id": 1610882692,
                    "timesteps_left": 5,
                    "zone_from": 48,
                    "zone_to": 13
                }
            ],
            "cars": []
        },
        {
            "t": 3,
            "reqs": [
                {
                    "req_id": 652834594,
                    "timesteps_left": 2,
                    "zone_from": 40,
                    "zone_to": 55
                },
                {
                    "req_id": 402757352,
                    "timesteps_left": 2,
                    "zone_from": 41,
                    "zone_to": 51
                },
                {
                    "req_id": 229034768,
                    "timesteps_left": 3,
                    "zone_from": 52,
                    "zone_to": 53
                },
                {
                    "req_id": 897181178,
                    "timesteps_left": 3,
                    "zone_from": 31,
                    "zone_to": 48
                },
                {
                    "req_id": 1062905719,
                    "timesteps_left": 4,
                    "zone_from": 59,
                    "zone_to": 33
                },
                {
                    "req_id": 1610882692,
                    "timesteps_left": 4,
                    "zone_from": 48,
                    "zone_to": 13
                },
                {
                    "req_id": 668526947,
                    "timesteps_left": 5,
                    "zone_from": 0,
                    "zone_to": 0
                },
                {
                    "req_id": 280067956,
                    "timesteps_left": 5,
                    "zone_from": 32,
                    "zone_to": 48
                }
            ],
            "cars": []
        },
        {
            "t": 4,
            "reqs": [
                {
                    "req_id": 652834594,
                    "timesteps_left": 1,
                    "zone_from": 40,
                    "zone_to": 55
                },
                {
                    "req_id": 402757352,
                    "timesteps_left": 1,
                    "zone_from": 41,
                    "zone_to": 51
                },
                {
                    "req_id": 229034768,
                    "timesteps_left": 2,
                    "zone_from": 52,
                    "zone_to": 53
                },
                {
                    "req_id": 1062905719,
                    "timesteps_left": 3,
                    "zone_from": 59,
                    "zone_to": 33
                },
                {
                    "req_id": 897181178,
                    "timesteps_left": 2,
                    "zone_from": 31,
                    "zone_to": 48
                },
                {
                    "req_id": 280067956,
                    "timesteps_left": 4,
                    "zone_from": 32,
                    "zone_to": 48
                },
                {
                    "req_id": 1610882692,
                    "timesteps_left": 3,
                    "zone_from": 48,
                    "zone_to": 13
                },
                {
                    "req_id": 668526947,
                    "timesteps_left": 4,
                    "zone_from": 0,
                    "zone_to": 0
                },
                {
                    "req_id": 393530253,
                    "timesteps_left": 5,
                    "zone_from": 10,
                    "zone_to": 29
                },
                {
                    "req_id": 1709285248,
                    "timesteps_left": 5,
                    "zone_from": 36,
                    "zone_to": 28
                }
            ],
            "cars": []
        },
        {
            "t": 5,
            "reqs": [
                {
                    "req_id": 652834594,
                    "timesteps_left": 0,
                    "zone_from": 40,
                    "zone_to": 55
                },
                {
                    "req_id": 402757352,
                    "timesteps_left": 0,
                    "zone_from": 41,
                    "zone_to": 51
                },
                {
                    "req_id": 229034768,
                    "timesteps_left": 1,
                    "zone_from": 52,
                    "zone_to": 53
                },
                {
                    "req_id": 1709285248,
                    "timesteps_left": 4,
                    "zone_from": 36,
                    "zone_to": 28
                },
                {
                    "req_id": 1062905719,
                    "timesteps_left": 2,
                    "zone_from": 59,
                    "zone_to": 33
                },
                {
                    "req_id": 393530253,
                    "timesteps_left": 4,
                    "zone_from": 10,
                    "zone_to": 29
                },
                {
                    "req_id": 897181178,
                    "timesteps_left": 1,
                    "zone_from": 31,
                    "zone_to": 48
                },
                {
                    "req_id": 280067956,
                    "timesteps_left": 3,
                    "zone_from": 32,
                    "zone_to": 48
                },
                {
                    "req_id": 1610882692,
                    "timesteps_left": 2,
                    "zone_from": 48,
                    "zone_to": 13
                },
                {
                    "req_id": 668526947,
                    "timesteps_left": 3,
                    "zone_from": 0,
                    "zone_to": 0
                },
                {
                    "req_id": 594326330,
                    "timesteps_left": 5,
                    "zone_from": 20,
                    "zone_to": 10
                },
                {
                    "req_id": 1355345409,
                    "timesteps_left": 5,
                    "zone_from": 8,
                    "zone_to": 33
                }
            ],
            "cars": [
                {
                    "car_id": 1131394,
                    "n_reqs": 5,
                    "reqs_in_car": [
                        1062905719,
                        1355345409,
                        594326330,
                        393530253,
                        402757352
                    ],
                    "path": [
                        8,
                        41,
                        51,
                        20,
                        59,
                        10,
                        10,
                        29,
                        33,
                        33
                    ],
                    "reward": 0.465862,
                    "icds": [
                        957,
                        4108,
                        175,
                        0,
                        0
                    ],
                    "dist_red": 7806.0
                }
            ]
        },
        {
            "t": 6,
            "reqs": [
                {
                    "req_id": 229034768,
                    "timesteps_left": 0,
                    "zone_from": 52,
                    "zone_to": 53
                },
                {
                    "req_id": 1709285248,
                    "timesteps_left": 3,
                    "zone_from": 36,
                    "zone_to": 28
                },
                {
                    "req_id": 897181178,
                    "timesteps_left": 0,
                    "zone_from": 31,
                    "zone_to": 48
                },
                {
                    "req_id": 280067956,
                    "timesteps_left": 2,
                    "zone_from": 32,
                    "zone_to": 48
                },
                {
                    "req_id": 1610882692,
                    "timesteps_left": 1,
                    "zone_from": 48,
                    "zone_to": 13
                },
                {
                    "req_id": 668526947,
                    "timesteps_left": 2,
                    "zone_from": 0,
                    "zone_to": 0
                },
                {
                    "req_id": 84307444,
                    "timesteps_left": 5,
                    "zone_from": 11,
                    "zone_to": 39
                },
                {
                    "req_id": 125000399,
                    "timesteps_left": 5,
                    "zone_from": 62,
                    "zone_to": 50
                }
            ],
            "cars": [
                {
                    "car_id": 314012515,
                    "n_reqs": 3,
                    "reqs_in_car": [
                        84307444,
                        125000399,
                        229034768
                    ],
                    "path": [
                        11,
                        62,
                        52,
                        53,
                        50,
                        39
                    ],
                    "reward": 0.289539,
                    "icds": [
                        1299,
                        543,
                        0
                    ],
                    "dist_red": 6589.0
                },
                {
                    "car_id": 1591602534,
                    "n_reqs": 4,
                    "reqs_in_car": [
                        897181178,
                        280067956,
                        1610882692,
                        668526947
                    ],
                    "path": [
                        31,
                        48,
                        32,
                        0,
                        0,
                        13,
                        48,
                        48
                    ],
                    "reward": 0.43372,
                    "icds": [
                        0,
                        601,
                        411,
                        0
                    ],
                    "dist_red": 2565.0
                }
            ]
        },
        {
            "t": 7,
            "reqs": [
                {
                    "req_id": 1709285248,
                    "timesteps_left": 2,
                    "zone_from": 36,
                    "zone_to": 28
                },
                {
                    "req_id": 412142169,
                    "timesteps_left": 5,
                    "zone_from": 19,
                    "zone_to": 39
                },
                {
                    "req_id": 714698492,
                    "timesteps_left": 5,
                    "zone_from": 31,
                    "zone_to": 32
                }
            ],
            "cars": []
        },
        {
            "t": 8,
            "reqs": [
                {
                    "req_id": 1709285248,
                    "timesteps_left": 1,
                    "zone_from": 36,
                    "zone_to": 28
                },
                {
                    "req_id": 412142169,
                    "timesteps_left": 4,
                    "zone_from": 19,
                    "zone_to": 39
                },
                {
                    "req_id": 714698492,
                    "timesteps_left": 4,
                    "zone_from": 31,
                    "zone_to": 32
                },
                {
                    "req_id": 1364261072,
                    "timesteps_left": 5,
                    "zone_from": 8,
                    "zone_to": 26
                },
                {
                    "req_id": 473945565,
                    "timesteps_left": 5,
                    "zone_from": 51,
                    "zone_to": 35
                }
            ],
            "cars": []
        },
        {
            "t": 9,
            "reqs": [
                {
                    "req_id": 1709285248,
                    "timesteps_left": 0,
                    "zone_from": 36,
                    "zone_to": 28
                },
                {
                    "req_id": 412142169,
                    "timesteps_left": 3,
                    "zone_from": 19,
                    "zone_to": 39
                },
                {
                    "req_id": 714698492,
                    "timesteps_left": 3,
                    "zone_from": 31,
                    "zone_to": 32
                },
                {
                    "req_id": 1364261072,
                    "timesteps_left": 4,
                    "zone_from": 8,
                    "zone_to": 26
                },
                {
                    "req_id": 473945565,
                    "timesteps_left": 4,
                    "zone_from": 51,
                    "zone_to": 35
                },
                {
                    "req_id": 668981763,
                    "timesteps_left": 5,
                    "zone_from": 26,
                    "zone_to": 33
                },
                {
                    "req_id": 120350,
                    "timesteps_left": 5,
                    "zone_from": 14,
                    "zone_to": 2
                }
            ],
            "cars": [
                {
                    "car_id": 1848467605,
                    "n_reqs": 2,
                    "reqs_in_car": [
                        1709285248,
                        668981763
                    ],
                    "path": [
                        26,
                        36,
                        28,
                        33
                    ],
                    "reward": 0.0775545,
                    "icds": [
                        0,
                        1015
                    ],
                    "dist_red": 2065.0
                }
            ]
        }
    ],
    "serv_rate": 70.0,
    "n_cars": 4,
    "avg_occ": 1.5,
    "dist_red": 19.025,
    "dist_red_perc": 4,
    "trip_red": 10,
    "trip_red_perc": 10,
    "kg_co2_red": 2,
    "icd_mean": 96
}