{
    "timesteps": [
        {
            "t": 0,
            "reqs": [
                {
                    "req_id": 1396243358,
                    "timesteps_left": 2,
                    "zone_from": 18,
                    "zone_to": 8
                },
                {
                    "req_id": 1514259514,
                    "timesteps_left": 2,
                    "zone_from": 29,
                    "zone_to": 41
                },
                {
                    "req_id": 1070486734,
                    "timesteps_left": 2,
                    "zone_from": 37,
                    "zone_to": 41
                },
                {
                    "req_id": 22821655,
                    "timesteps_left": 2,
                    "zone_from": 2,
                    "zone_to": 59
                },
                {
                    "req_id": 45854727,
                    "timesteps_left": 2,
                    "zone_from": 36,
                    "zone_to": 4
                },
                {
                    "req_id": 1183282293,
                    "timesteps_left": 2,
                    "zone_from": 42,
                    "zone_to": 8
                },
                {
                    "req_id": 2027144588,
                    "timesteps_left": 2,
                    "zone_from": 36,
                    "zone_to": 52
                },
                {
                    "req_id": 1319065159,
                    "timesteps_left": 2,
                    "zone_from": 18,
                    "zone_to": 51
                }
            ],
            "cars": []
        },
        {
            "t": 1,
            "reqs": [
                {
                    "req_id": 22821655,
                    "timesteps_left": 1,
                    "zone_from": 2,
                    "zone_to": 59
                },
                {
                    "req_id": 1514259514,
                    "timesteps_left": 1,
                    "zone_from": 29,
                    "zone_to": 41
                },
                {
                    "req_id": 1070486734,
                    "timesteps_left": 1,
                    "zone_from": 37,
                    "zone_to": 41
                },
                {
                    "req_id": 45854727,
                    "timesteps_left": 1,
                    "zone_from": 36,
                    "zone_to": 4
                },
                {
                    "req_id": 2027144588,
                    "timesteps_left": 1,
                    "zone_from": 36,
                    "zone_to": 52
                },
                {
                    "req_id": 1396243358,
                    "timesteps_left": 1,
                    "zone_from": 18,
                    "zone_to": 8
                },
                {
                    "req_id": 1183282293,
                    "timesteps_left": 1,
                    "zone_from": 42,
                    "zone_to": 8
                },
                {
                    "req_id": 1319065159,
                    "timesteps_left": 1,
                    "zone_from": 18,
                    "zone_to": 51
                },
                {
                    "req_id": 2062714896,
                    "timesteps_left": 2,
                    "zone_from": 52,
                    "zone_to": 28
                },
                {
                    "req_id": 265320020,
                    "timesteps_left": 2,
                    "zone_from": 16,
                    "zone_to": 59
                },
                {
                    "req_id": 296171497,
                    "timesteps_left": 2,
                    "zone_from": 28,
                    "zone_to": 46
                },
                {
                    "req_id": 1123698359,
                    "timesteps_left": 2,
                    "zone_from": 10,
                    "zone_to": 10
                },
                {
                    "req_id": 356196738,
                    "timesteps_left": 2,
                    "zone_from": 48,
                    "zone_to": 47
                },
                {
                    "req_id": 1166503450,
                    "timesteps_left": 2,
                    "zone_from": 8,
                    "zone_to": 42
                },
                {
                    "req_id": 1455607835,
                    "timesteps_left": 2,
                    "zone_from": 55,
                    "zone_to": 10
                },
                {
                    "req_id": 1186543670,
                    "timesteps_left": 2,
                    "zone_from": 39,
                    "zone_to": 52
                }
            ],
            "cars": []
        },
        {
            "t": 2,
            "reqs": [
                {
                    "req_id": 265320020,
                    "timesteps_left": 1,
                    "zone_from": 16,
                    "zone_to": 59
                },
                {
                    "req_id": 22821655,
                    "timesteps_left": 0,
                    "zone_from": 2,
                    "zone_to": 59
                },
                {
                    "req_id": 356196738,
                    "timesteps_left": 1,
                    "zone_from": 48,
                    "zone_to": 47
                },
                {
                    "req_id": 1514259514,
                    "timesteps_left": 0,
                    "zone_from": 29,
                    "zone_to": 41
                },
                {
                    "req_id": 1070486734,
                    "timesteps_left": 0,
                    "zone_from": 37,
                    "zone_to": 41
                },
                {
                    "req_id": 1396243358,
                    "timesteps_left": 0,
                    "zone_from": 18,
                    "zone_to": 8
                },
                {
                    "req_id": 1183282293,
                    "timesteps_left": 0,
                    "zone_from": 42,
                    "zone_to": 8
                },
                {
                    "req_id": 1319065159,
                    "timesteps_left": 0,
                    "zone_from": 18,
                    "zone_to": 51
                },
                {
                    "req_id": 1123698359,
                    "timesteps_left": 1,
                    "zone_from": 10,
                    "zone_to": 10
                },
                {
                    "req_id": 1455607835,
                    "timesteps_left": 1,
                    "zone_from": 55,
                    "zone_to": 10
                },
                {
                    "req_id": 1166503450,
                    "timesteps_left": 1,
                    "zone_from": 8,
                    "zone_to": 42
                },
                {
                    "req_id": 2027144588,
                    "timesteps_left": 0,
                    "zone_from": 36,
                    "zone_to": 52
                },
                {
                    "req_id": 1186543670,
                    "timesteps_left": 1,
                    "zone_from": 39,
                    "zone_to": 52
                },
                {
                    "req_id": 2062714896,
                    "timesteps_left": 1,
                    "zone_from": 52,
                    "zone_to": 28
                },
                {
                    "req_id": 45854727,
                    "timesteps_left": 0,
                    "zone_from": 36,
                    "zone_to": 4
                },
                {
                    "req_id": 296171497,
                    "timesteps_left": 1,
                    "zone_from": 28,
                    "zone_to": 46
                },
                {
                    "req_id": 808429315,
                    "timesteps_left": 2,
                    "zone_from": 53,
                    "zone_to": 27
                },
                {
                    "req_id": 2019292921,
                    "timesteps_left": 2,
                    "zone_from": 20,
                    "zone_to": 54
                },
                {
                    "req_id": 1915247581,
                    "timesteps_left": 2,
                    "zone_from": 48,
                    "zone_to": 62
                },
                {
                    "req_id": 1396012757,
                    "timesteps_left": 2,
                    "zone_from": 32,
                    "zone_to": 13
                },
                {
                    "req_id": 1564355815,
                    "timesteps_left": 2,
                    "zone_from": 13,
                    "zone_to": 33
                },
                {
                    "req_id": 250528829,
                    "timesteps_left": 2,
                    "zone_from": 18,
                    "zone_to": 12
                },
                {
                    "req_id": 55583721,
                    "timesteps_left": 2,
                    "zone_from": 13,
                    "zone_to": 61
                },
                {
                    "req_id": 1645218230,
                    "timesteps_left": 2,
                    "zone_from": 36,
                    "zone_to": 41
                }
            ],
            "cars": [
                {
                    "car_id": 553540061,
                    "n_reqs": 2,
                    "reqs_in_car": [
                        1514259514,
                        1070486734
                    ],
                    "path": [
                        29,
                        37,
                        41,
                        41
                    ],
                    "reward": 0.317959,
                    "icds": [
                        0,
                        0
                    ],
                    "dist_red": 1203.0
                },
                {
                    "car_id": 614941013,
                    "n_reqs": 2,
                    "reqs_in_car": [
                        2027144588,
                        45854727
                    ],
                    "path": [
                        36,
                        36,
                        52,
                        4
                    ],
                    "reward": 0.347544,
                    "icds": [
                        0,
                        133
                    ],
                    "dist_red": 3478.0
                },
                {
                    "car_id": 1661047937,
                    "n_reqs": 3,
                    "reqs_in_car": [
                        1396243358,
                        1183282293,
                        1319065159
                    ],
                    "path": [
                        18,
                        18,
                        51,
                        42,
                        8,
                        8
                    ],
                    "reward": 0.513779,
                    "icds": [
                        449,
                        0,
                        0
                    ],
                    "dist_red": 2572.0
                },
                {
                    "car_id": 978089356,
                    "n_reqs": 5,
                    "reqs_in_car": [
                        356196738,
                        1915247581,
                        808429315,
                        1645218230,
                        22821655
                    ],
                    "path": [
                        48,
                        48,
                        2,
                        59,
                        47,
                        36,
                        41,
                        53,
                        27,
                        62
                    ],
                    "reward": 0.749682,
                    "icds": [
                        692,
                        3637,
                        0,
                        0,
                        0
                    ],
                    "dist_red": 9943.0
                }
            ]
        },
        {
            "t": 3,
            "reqs": [
                {
                    "req_id": 265320020,
                    "timesteps_left": 0,
                    "zone_from": 16,
                    "zone_to": 59
                },
                {
                    "req_id": 1123698359,
                    "timesteps_left": 0,
                    "zone_from": 10,
                    "zone_to": 10
                },
                {
                    "req_id": 1455607835,
                    "timesteps_left": 0,
                    "zone_from": 55,
                    "zone_to": 10
                },
                {
                    "req_id": 1166503450,
                    "timesteps_left": 0,
                    "zone_from": 8,
                    "zone_to": 42
                },
                {
                    "req_id": 1186543670,
                    "timesteps_left": 0,
                    "zone_from": 39,
                    "zone_to": 52
                },
                {
                    "req_id": 250528829,
                    "timesteps_left": 1,
                    "zone_from": 18,
                    "zone_to": 12
                },
                {
                    "req_id": 2062714896,
                    "timesteps_left": 0,
                    "zone_from": 52,
                    "zone_to": 28
                },
                {
                    "req_id": 296171497,
                    "timesteps_left": 0,
                    "zone_from": 28,
                    "zone_to": 46
                },
                {
                    "req_id": 2019292921,
                    "timesteps_left": 1,
                    "zone_from": 20,
                    "zone_to": 54
                },
                {
                    "req_id": 1564355815,
                    "timesteps_left": 1,
                    "zone_from": 13,
                    "zone_to": 33
                },
                {
                    "req_id": 55583721,
                    "timesteps_left": 1,
                    "zone_from": 13,
                    "zone_to": 61
                },
                {
                    "req_id": 1396012757,
                    "timesteps_left": 1,
                    "zone_from": 32,
                    "zone_to": 13
                },
                {
                    "req_id": 1262957423,
                    "timesteps_left": 2,
                    "zone_from": 39,
                    "zone_to": 36
                },
                {
                    "req_id": 1443230565,
                    "timesteps_left": 2,
                    "zone_from": 52,
                    "zone_to": 30
                },
                {
                    "req_id": 22350172,
                    "timesteps_left": 2,
                    "zone_from": 32,
                    "zone_to": 17
                },
                {
                    "req_id": 438997258,
                    "timesteps_left": 2,
                    "zone_from": 59,
                    "zone_to": 38
                },
                {
                    "req_id": 99871875,
                    "timesteps_left": 2,
                    "zone_from": 17,
                    "zone_to": 17
                },
                {
                    "req_id": 1637529776,
                    "timesteps_left": 2,
                    "zone_from": 13,
                    "zone_to": 26
                },
                {
                    "req_id": 452544423,
                    "timesteps_left": 2,
                    "zone_from": 51,
                    "zone_to": 13
                },
                {
                    "req_id": 624039593,
                    "timesteps_left": 2,
                    "zone_from": 52,
                    "zone_to": 11
                }
            ],
            "cars": [
                {
                    "car_id": 987567176,
                    "n_reqs": 2,
                    "reqs_in_car": [
                        2062714896,
                        1443230565
                    ],
                    "path": [
                        52,
                        52,
                        28,
                        30
                    ],
                    "reward": 0.114256,
                    "icds": [
                        0,
                        447
                    ],
                    "dist_red": 987.0
                },
                {
                    "car_id": 498179527,
                    "n_reqs": 3,
                    "reqs_in_car": [
                        1123698359,
                        1455607835,
                        1166503450
                    ],
                    "path": [
                        55,
                        8,
                        42,
                        10,
                        10,
                        10
                    ],
                    "reward": 0.453522,
                    "icds": [
                        0,
                        526,
                        0
                    ],
                    "dist_red": 2249.0
                },
                {
                    "car_id": 1576580140,
                    "n_reqs": 5,
                    "reqs_in_car": [
                        1186543670,
                        1262957423,
                        250528829,
                        265320020,
                        438997258
                    ],
                    "path": [
                        18,
                        16,
                        59,
                        59,
                        39,
                        39,
                        36,
                        38,
                        52,
                        12
                    ],
                    "reward": 0.663098,
                    "icds": [
                        403,
                        0,
                        2728,
                        0,
                        582
                    ],
                    "dist_red": 8096.0
                }
            ]
        },
        {
            "t": 4,
            "reqs": [
                {
                    "req_id": 624039593,
                    "timesteps_left": 1,
                    "zone_from": 52,
                    "zone_to": 11
                },
                {
                    "req_id": 1564355815,
                    "timesteps_left": 0,
                    "zone_from": 13,
                    "zone_to": 33
                },
                {
                    "req_id": 55583721,
                    "timesteps_left": 0,
                    "zone_from": 13,
                    "zone_to": 61
                },
                {
                    "req_id": 2019292921,
                    "timesteps_left": 0,
                    "zone_from": 20,
                    "zone_to": 54
                },
                {
                    "req_id": 452544423,
                    "timesteps_left": 1,
                    "zone_from": 51,
                    "zone_to": 13
                },
                {
                    "req_id": 22350172,
                    "timesteps_left": 1,
                    "zone_from": 32,
                    "zone_to": 17
                },
                {
                    "req_id": 1637529776,
                    "timesteps_left": 1,
                    "zone_from": 13,
                    "zone_to": 26
                },
                {
                    "req_id": 1396012757,
                    "timesteps_left": 0,
                    "zone_from": 32,
                    "zone_to": 13
                },
                {
                    "req_id": 99871875,
                    "timesteps_left": 1,
                    "zone_from": 17,
                    "zone_to": 17
                },
                {
                    "req_id": 172692141,
                    "timesteps_left": 2,
                    "zone_from": 32,
                    "zone_to": 28
                },
                {
                    "req_id": 568031152,
                    "timesteps_left": 2,
                    "zone_from": 51,
                    "zone_to": 13
                },
                {
                    "req_id": 605167436,
                    "timesteps_left": 2,
                    "zone_from": 58,
                    "zone_to": 5
                },
                {
                    "req_id": 10853103,
                    "timesteps_left": 2,
                    "zone_from": 7,
                    "zone_to": 59
                },
                {
                    "req_id": 881754887,
                    "timesteps_left": 2,
                    "zone_from": 27,
                    "zone_to": 55
                },
                {
                    "req_id": 2065911596,
                    "timesteps_left": 2,
                    "zone_from": 6,
                    "zone_to": 55
                },
                {
                    "req_id": 840169116,
                    "timesteps_left": 2,
                    "zone_from": 12,
                    "zone_to": 58
                },
                {
                    "req_id": 2038041272,
                    "timesteps_left": 2,
                    "zone_from": 59,
                    "zone_to": 30
                }
            ],
            "cars": [
                {
                    "car_id": 271956653,
                    "n_reqs": 3,
                    "reqs_in_car": [
                        2019292921,
                        2038041272,
                        10853103
                    ],
                    "path": [
                        20,
                        7,
                        59,
                        59,
                        30,
                        54
                    ],
                    "reward": 0.350278,
                    "icds": [
                        1526,
                        0,
                        0
                    ],
                    "dist_red": 5000.0
                },
                {
                    "car_id": 2137255009,
                    "n_reqs": 4,
                    "reqs_in_car": [
                        1564355815,
                        55583721,
                        881754887,
                        2065911596
                    ],
                    "path": [
                        13,
                        13,
                        27,
                        61,
                        6,
                        55,
                        55,
                        33
                    ],
                    "reward": 0.917747,
                    "icds": [
                        856,
                        164,
                        166,
                        0
                    ],
                    "dist_red": 13247.0
                },
                {
                    "car_id": 888201774,
                    "n_reqs": 5,
                    "reqs_in_car": [
                        22350172,
                        1637529776,
                        1396012757,
                        99871875,
                        172692141
                    ],
                    "path": [
                        32,
                        32,
                        32,
                        13,
                        13,
                        26,
                        17,
                        17,
                        17,
                        28
                    ],
                    "reward": 0.967571,
                    "icds": [
                        492,
                        0,
                        0,
                        0,
                        1993
                    ],
                    "dist_red": 9136.0
                }
            ]
        },
        {
            "t": 5,
            "reqs": [
                {
                    "req_id": 624039593,
                    "timesteps_left": 0,
                    "zone_from": 52,
                    "zone_to": 11
                },
                {
                    "req_id": 605167436,
                    "timesteps_left": 1,
                    "zone_from": 58,
                    "zone_to": 5
                },
                {
                    "req_id": 840169116,
                    "timesteps_left": 1,
                    "zone_from": 12,
                    "zone_to": 58
                },
                {
                    "req_id": 452544423,
                    "timesteps_left": 0,
                    "zone_from": 51,
                    "zone_to": 13
                },
                {
                    "req_id": 568031152,
                    "timesteps_left": 1,
                    "zone_from": 51,
                    "zone_to": 13
                },
                {
                    "req_id": 1039417847,
                    "timesteps_left": 2,
                    "zone_from": 19,
                    "zone_to": 40
                },
                {
                    "req_id": 2069882865,
                    "timesteps_left": 2,
                    "zone_from": 51,
                    "zone_to": 41
                },
                {
                    "req_id": 1072821318,
                    "timesteps_left": 2,
                    "zone_from": 26,
                    "zone_to": 10
                },
                {
                    "req_id": 2122424277,
                    "timesteps_left": 2,
                    "zone_from": 49,
                    "zone_to": 31
                },
                {
                    "req_id": 124330046,
                    "timesteps_left": 2,
                    "zone_from": 28,
                    "zone_to": 13
                },
                {
                    "req_id": 1481956589,
                    "timesteps_left": 2,
                    "zone_from": 29,
                    "zone_to": 4
                },
                {
                    "req_id": 215974545,
                    "timesteps_left": 2,
                    "zone_from": 59,
                    "zone_to": 31
                },
                {
                    "req_id": 1654464260,
                    "timesteps_left": 2,
                    "zone_from": 51,
                    "zone_to": 39
                }
            ],
            "cars": [
                {
                    "car_id": 712278251,
                    "n_reqs": 2,
                    "reqs_in_car": [
                        452544423,
                        452544423
                    ],
                    "path": [
                        51,
                        51,
                        13,
                        13
                    ],
                    "reward": 0.5,
                    "icds": [
                        0,
                        0
                    ],
                    "dist_red": 2205.0
                },
                {
                    "car_id": 895590917,
                    "n_reqs": 4,
                    "reqs_in_car": [
                        1039417847,
                        1654464260,
                        624039593,
                        2069882865
                    ],
                    "path": [
                        19,
                        51,
                        51,
                        39,
                        41,
                        52,
                        11,
                        40
                    ],
                    "reward": 0.332833,
                    "icds": [
                        2517,
                        0,
                        0,
                        301
                    ],
                    "dist_red": 3736.0
                }
            ]
        },
        {
            "t": 6,
            "reqs": [
                {
                    "req_id": 2122424277,
                    "timesteps_left": 1,
                    "zone_from": 49,
                    "zone_to": 31
                },
                {
                    "req_id": 215974545,
                    "timesteps_left": 1,
                    "zone_from": 59,
                    "zone_to": 31
                },
                {
                    "req_id": 605167436,
                    "timesteps_left": 0,
                    "zone_from": 58,
                    "zone_to": 5
                },
                {
                    "req_id": 1481956589,
                    "timesteps_left": 1,
                    "zone_from": 29,
                    "zone_to": 4
                },
                {
                    "req_id": 840169116,
                    "timesteps_left": 0,
                    "zone_from": 12,
                    "zone_to": 58
                },
                {
                    "req_id": 1072821318,
                    "timesteps_left": 1,
                    "zone_from": 26,
                    "zone_to": 10
                },
                {
                    "req_id": 124330046,
                    "timesteps_left": 1,
                    "zone_from": 28,
                    "zone_to": 13
                },
                {
                    "req_id": 202029205,
                    "timesteps_left": 2,
                    "zone_from": 42,
                    "zone_to": 57
                },
                {
                    "req_id": 1935686143,
                    "timesteps_left": 2,
                    "zone_from": 47,
                    "zone_to": 41
                },
                {
                    "req_id": 2070431204,
                    "timesteps_left": 2,
                    "zone_from": 48,
                    "zone_to": 44
                },
                {
                    "req_id": 222611392,
                    "timesteps_left": 2,
                    "zone_from": 28,
                    "zone_to": 28
                },
                {
                    "req_id": 1310608006,
                    "timesteps_left": 2,
                    "zone_from": 62,
                    "zone_to": 39
                },
                {
                    "req_id": 881997145,
                    "timesteps_left": 2,
                    "zone_from": 26,
                    "zone_to": 13
                },
                {
                    "req_id": 152127175,
                    "timesteps_left": 2,
                    "zone_from": 13,
                    "zone_to": 35
                },
                {
                    "req_id": 1472623704,
                    "timesteps_left": 2,
                    "zone_from": 20,
                    "zone_to": 0
                }
            ],
            "cars": [
                {
                    "car_id": 744877577,
                    "n_reqs": 2,
                    "reqs_in_car": [
                        840169116,
                        1310608006
                    ],
                    "path": [
                        12,
                        62,
                        39,
                        58
                    ],
                    "reward": 0.319465,
                    "icds": [
                        419,
                        0
                    ],
                    "dist_red": 6288.0
                },
                {
                    "car_id": 24054520,
                    "n_reqs": 5,
                    "reqs_in_car": [
                        605167436,
                        1481956589,
                        202029205,
                        1072821318,
                        1935686143
                    ],
                    "path": [
                        42,
                        47,
                        41,
                        26,
                        10,
                        58,
                        29,
                        4,
                        5,
                        57
                    ],
                    "reward": 0.544433,
                    "icds": [
                        957,
                        0,
                        4540,
                        0,
                        0
                    ],
                    "dist_red": 9132.0
                }
            ]
        },
        {
            "t": 7,
            "reqs": [
                {
                    "req_id": 2122424277,
                    "timesteps_left": 0,
                    "zone_from": 49,
                    "zone_to": 31
                },
                {
                    "req_id": 215974545,
                    "timesteps_left": 0,
                    "zone_from": 59,
                    "zone_to": 31
                },
                {
                    "req_id": 2070431204,
                    "timesteps_left": 1,
                    "zone_from": 48,
                    "zone_to": 44
                },
                {
                    "req_id": 152127175,
                    "timesteps_left": 1,
                    "zone_from": 13,
                    "zone_to": 35
                },
                {
                    "req_id": 1472623704,
                    "timesteps_left": 1,
                    "zone_from": 20,
                    "zone_to": 0
                },
                {
                    "req_id": 124330046,
                    "timesteps_left": 0,
                    "zone_from": 28,
                    "zone_to": 13
                },
                {
                    "req_id": 222611392,
                    "timesteps_left": 1,
                    "zone_from": 28,
                    "zone_to": 28
                },
                {
                    "req_id": 881997145,
                    "timesteps_left": 1,
                    "zone_from": 26,
                    "zone_to": 13
                },
                {
                    "req_id": 1605577503,
                    "timesteps_left": 2,
                    "zone_from": 58,
                    "zone_to": 54
                },
                {
                    "req_id": 2052794245,
                    "timesteps_left": 2,
                    "zone_from": 12,
                    "zone_to": 11
                },
                {
                    "req_id": 1098104787,
                    "timesteps_left": 2,
                    "zone_from": 18,
                    "zone_to": 48
                },
                {
                    "req_id": 599807351,
                    "timesteps_left": 2,
                    "zone_from": 31,
                    "zone_to": 42
                },
                {
                    "req_id": 1004732470,
                    "timesteps_left": 2,
                    "zone_from": 36,
                    "zone_to": 55
                },
                {
                    "req_id": 826792787,
                    "timesteps_left": 2,
                    "zone_from": 16,
                    "zone_to": 38
                },
                {
                    "req_id": 713271185,
                    "timesteps_left": 2,
                    "zone_from": 41,
                    "zone_to": 13
                },
                {
                    "req_id": 586301881,
                    "timesteps_left": 2,
                    "zone_from": 28,
                    "zone_to": 11
                }
            ],
            "cars": [
                {
                    "car_id": 453109956,
                    "n_reqs": 4,
                    "reqs_in_car": [
                        124330046,
                        222611392,
                        713271185,
                        881997145
                    ],
                    "path": [
                        28,
                        28,
                        28,
                        41,
                        26,
                        13,
                        13,
                        13
                    ],
                    "reward": 0.735191,
                    "icds": [
                        842,
                        0,
                        206,
                        0
                    ],
                    "dist_red": 4926.0
                }
            ]
        },
        {
            "t": 8,
            "reqs": [
                {
                    "req_id": 152127175,
                    "timesteps_left": 0,
                    "zone_from": 13,
                    "zone_to": 35
                },
                {
                    "req_id": 1472623704,
                    "timesteps_left": 0,
                    "zone_from": 20,
                    "zone_to": 0
                },
                {
                    "req_id": 1605577503,
                    "timesteps_left": 1,
                    "zone_from": 58,
                    "zone_to": 54
                },
                {
                    "req_id": 599807351,
                    "timesteps_left": 1,
                    "zone_from": 31,
                    "zone_to": 42
                },
                {
                    "req_id": 1004732470,
                    "timesteps_left": 1,
                    "zone_from": 36,
                    "zone_to": 55
                },
                {
                    "req_id": 826792787,
                    "timesteps_left": 1,
                    "zone_from": 16,
                    "zone_to": 38
                },
                {
                    "req_id": 2070431204,
                    "timesteps_left": 0,
                    "zone_from": 48,
                    "zone_to": 44
                },
                {
                    "req_id": 1098104787,
                    "timesteps_left": 1,
                    "zone_from": 18,
                    "zone_to": 48
                },
                {
                    "req_id": 2052794245,
                    "timesteps_left": 1,
                    "zone_from": 12,
                    "zone_to": 11
                },
                {
                    "req_id": 586301881,
                    "timesteps_left": 1,
                    "zone_from": 28,
                    "zone_to": 11
                },
                {
                    "req_id": 1970321556,
                    "timesteps_left": 2,
                    "zone_from": 49,
                    "zone_to": 50
                },
                {
                    "req_id": 589941196,
                    "timesteps_left": 2,
                    "zone_from": 18,
                    "zone_to": 27
                },
                {
                    "req_id": 1149845613,
                    "timesteps_left": 2,
                    "zone_from": 51,
                    "zone_to": 56
                },
                {
                    "req_id": 561121464,
                    "timesteps_left": 2,
                    "zone_from": 29,
                    "zone_to": 16
                },
                {
                    "req_id": 2131447326,
                    "timesteps_left": 2,
                    "zone_from": 39,
                    "zone_to": 37
                },
                {
                    "req_id": 561496017,
                    "timesteps_left": 2,
                    "zone_from": 26,
                    "zone_to": 9
                },
                {
                    "req_id": 1881263188,
                    "timesteps_left": 2,
                    "zone_from": 29,
                    "zone_to": 8
                },
                {
                    "req_id": 1533869551,
                    "timesteps_left": 2,
                    "zone_from": 48,
                    "zone_to": 14
                }
            ],
            "cars": []
        },
        {
            "t": 9,
            "reqs": [
                {
                    "req_id": 1004732470,
                    "timesteps_left": 0,
                    "zone_from": 36,
                    "zone_to": 55
                },
                {
                    "req_id": 826792787,
                    "timesteps_left": 0,
                    "zone_from": 16,
                    "zone_to": 38
                },
                {
                    "req_id": 1970321556,
                    "timesteps_left": 1,
                    "zone_from": 49,
                    "zone_to": 50
                },
                {
                    "req_id": 589941196,
                    "timesteps_left": 1,
                    "zone_from": 18,
                    "zone_to": 27
                },
                {
                    "req_id": 2052794245,
                    "timesteps_left": 0,
                    "zone_from": 12,
                    "zone_to": 11
                },
                {
                    "req_id": 586301881,
                    "timesteps_left": 0,
                    "zone_from": 28,
                    "zone_to": 11
                },
                {
                    "req_id": 561121464,
                    "timesteps_left": 1,
                    "zone_from": 29,
                    "zone_to": 16
                },
                {
                    "req_id": 1881263188,
                    "timesteps_left": 1,
                    "zone_from": 29,
                    "zone_to": 8
                },
                {
                    "req_id": 2131447326,
                    "timesteps_left": 1,
                    "zone_from": 39,
                    "zone_to": 37
                },
                {
                    "req_id": 561496017,
                    "timesteps_left": 1,
                    "zone_from": 26,
                    "zone_to": 9
                },
                {
                    "req_id": 1605577503,
                    "timesteps_left": 0,
                    "zone_from": 58,
                    "zone_to": 54
                },
                {
                    "req_id": 1149845613,
                    "timesteps_left": 1,
                    "zone_from": 51,
                    "zone_to": 56
                },
                {
                    "req_id": 599807351,
                    "timesteps_left": 0,
                    "zone_from": 31,
                    "zone_to": 42
                },
                {
                    "req_id": 1533869551,
                    "timesteps_left": 1,
                    "zone_from": 48,
                    "zone_to": 14
                },
                {
                    "req_id": 1098104787,
                    "timesteps_left": 0,
                    "zone_from": 18,
                    "zone_to": 48
                },
                {
                    "req_id": 2035428735,
                    "timesteps_left": 2,
                    "zone_from": 29,
                    "zone_to": 55
                },
                {
                    "req_id": 1362969946,
                    "timesteps_left": 2,
                    "zone_from": 32,
                    "zone_to": 39
                },
                {
                    "req_id": 2097838613,
                    "timesteps_left": 2,
                    "zone_from": 26,
                    "zone_to": 13
                },
                {
                    "req_id": 1223617292,
                    "timesteps_left": 2,
                    "zone_from": 42,
                    "zone_to": 41
                },
                {
                    "req_id": 108055682,
                    "timesteps_left": 2,
                    "zone_from": 26,
                    "zone_to": 26
                },
                {
                    "req_id": 1789455729,
                    "timesteps_left": 2,
                    "zone_from": 47,
                    "zone_to": 10
                },
                {
                    "req_id": 489510100,
                    "timesteps_left": 2,
                    "zone_from": 31,
                    "zone_to": 48
                },
                {
                    "req_id": 690956882,
                    "timesteps_left": 2,
                    "zone_from": 36,
                    "zone_to": 31
                }
            ],
            "cars": [
                {
                    "car_id": 177314019,
                    "n_reqs": 2,
                    "reqs_in_car": [
                        561121464,
                        1881263188
                    ],
                    "path": [
                        29,
                        29,
                        8,
                        16
                    ],
                    "reward": 0.318191,
                    "icds": [
                        1,
                        0
                    ],
                    "dist_red": 1436.0
                },
                {
                    "car_id": 36622645,
                    "n_reqs": 3,
                    "reqs_in_car": [
                        561496017,
                        108055682,
                        826792787
                    ],
                    "path": [
                        26,
                        26,
                        26,
                        16,
                        38,
                        9
                    ],
                    "reward": 0.233403,
                    "icds": [
                        922,
                        0,
                        0
                    ],
                    "dist_red": 879.0
                },
                {
                    "car_id": 1789390444,
                    "n_reqs": 4,
                    "reqs_in_car": [
                        1605577503,
                        2035428735,
                        1004732470,
                        2131447326
                    ],
                    "path": [
                        58,
                        39,
                        37,
                        36,
                        29,
                        55,
                        55,
                        54
                    ],
                    "reward": 0.508093,
                    "icds": [
                        2133,
                        0,
                        220,
                        0
                    ],
                    "dist_red": 5006.0
                },
                {
                    "car_id": 1938326712,
                    "n_reqs": 4,
                    "reqs_in_car": [
                        599807351,
                        1362969946,
                        1223617292,
                        1970321556
                    ],
                    "path": [
                        49,
                        32,
                        31,
                        42,
                        42,
                        39,
                        41,
                        50
                    ],
                    "reward": 0.340573,
                    "icds": [
                        0,
                        1290,
                        163,
                        2493
                    ],
                    "dist_red": 8724.0
                },
                {
                    "car_id": 137868097,
                    "n_reqs": 4,
                    "reqs_in_car": [
                        589941196,
                        1149845613,
                        586301881,
                        2052794245
                    ],
                    "path": [
                        51,
                        18,
                        27,
                        28,
                        12,
                        11,
                        11,
                        56
                    ],
                    "reward": 0.737364,
                    "icds": [
                        0,
                        1275,
                        0,
                        0
                    ],
                    "dist_red": 9842.0
                },
                {
                    "car_id": 1233998843,
                    "n_reqs": 5,
                    "reqs_in_car": [
                        1789455729,
                        690956882,
                        1098104787,
                        1533869551,
                        489510100
                    ],
                    "path": [
                        36,
                        47,
                        10,
                        18,
                        31,
                        48,
                        48,
                        48,
                        14,
                        31
                    ],
                    "reward": 0.784285,
                    "icds": [
                        0,
                        939,
                        372,
                        0,
                        0
                    ],
                    "dist_red": 4999.0
                }
            ]
        }
    ],
    "serv_rate": 91.25,
    "n_cars": 21,
    "avg_occ": 2.9809523809523815,
    "dist_red": 113.084,
    "dist_red_perc": 27,
    "trip_red": 52,
    "trip_red_perc": 52,
    "kg_co2_red": 14,
    "icd_mean": 369
}