{
    "timesteps": [
        {
            "t": 0,
            "reqs": [
                {
                    "req_id": 44129295,
                    "timesteps_left": 1,
                    "zone_from": 27,
                    "zone_to": 61
                },
                {
                    "req_id": 1596349800,
                    "timesteps_left": 1,
                    "zone_from": 41,
                    "zone_to": 39
                },
                {
                    "req_id": 652493567,
                    "timesteps_left": 1,
                    "zone_from": 18,
                    "zone_to": 0
                },
                {
                    "req_id": 633793638,
                    "timesteps_left": 1,
                    "zone_from": 52,
                    "zone_to": 19
                },
                {
                    "req_id": 1095385081,
                    "timesteps_left": 1,
                    "zone_from": 29,
                    "zone_to": 8
                },
                {
                    "req_id": 880688840,
                    "timesteps_left": 1,
                    "zone_from": 41,
                    "zone_to": 27
                },
                {
                    "req_id": 2099743766,
                    "timesteps_left": 1,
                    "zone_from": 20,
                    "zone_to": 43
                },
                {
                    "req_id": 2105441432,
                    "timesteps_left": 1,
                    "zone_from": 16,
                    "zone_to": 18
                }
            ],
            "cars": []
        },
        {
            "t": 1,
            "reqs": [
                {
                    "req_id": 1095385081,
                    "timesteps_left": 0,
                    "zone_from": 29,
                    "zone_to": 8
                },
                {
                    "req_id": 2099743766,
                    "timesteps_left": 0,
                    "zone_from": 20,
                    "zone_to": 43
                },
                {
                    "req_id": 2105441432,
                    "timesteps_left": 0,
                    "zone_from": 16,
                    "zone_to": 18
                },
                {
                    "req_id": 44129295,
                    "timesteps_left": 0,
                    "zone_from": 27,
                    "zone_to": 61
                },
                {
                    "req_id": 633793638,
                    "timesteps_left": 0,
                    "zone_from": 52,
                    "zone_to": 19
                },
                {
                    "req_id": 652493567,
                    "timesteps_left": 0,
                    "zone_from": 18,
                    "zone_to": 0
                },
                {
                    "req_id": 880688840,
                    "timesteps_left": 0,
                    "zone_from": 41,
                    "zone_to": 27
                },
                {
                    "req_id": 1596349800,
                    "timesteps_left": 0,
                    "zone_from": 41,
                    "zone_to": 39
                },
                {
                    "req_id": 544805399,
                    "timesteps_left": 1,
                    "zone_from": 18,
                    "zone_to": 54
                },
                {
                    "req_id": 803814238,
                    "timesteps_left": 1,
                    "zone_from": 46,
                    "zone_to": 8
                },
                {
                    "req_id": 1038465325,
                    "timesteps_left": 1,
                    "zone_from": 60,
                    "zone_to": 32
                },
                {
                    "req_id": 1743056743,
                    "timesteps_left": 1,
                    "zone_from": 60,
                    "zone_to": 8
                },
                {
                    "req_id": 1957896013,
                    "timesteps_left": 1,
                    "zone_from": 18,
                    "zone_to": 28
                },
                {
                    "req_id": 206891067,
                    "timesteps_left": 1,
                    "zone_from": 47,
                    "zone_to": 36
                },
                {
                    "req_id": 1362177403,
                    "timesteps_left": 1,
                    "zone_from": 27,
                    "zone_to": 29
                },
                {
                    "req_id": 1314369803,
                    "timesteps_left": 1,
                    "zone_from": 47,
                    "zone_to": 59
                }
            ],
            "cars": [
                {
                    "car_id": 430727503,
                    "n_reqs": 5,
                    "reqs_in_car": [
                        1038465325,
                        1743056743,
                        803814238,
                        1362177403,
                        1095385081
                    ],
                    "path": [
                        60,
                        60,
                        32,
                        46,
                        27,
                        29,
                        29,
                        8,
                        8,
                        8
                    ],
                    "reward": 1.57569,
                    "icds": [
                        0,
                        1890,
                        515,
                        0,
                        0
                    ],
                    "dist_red": 1301.0
                },
                {
                    "car_id": 295958169,
                    "n_reqs": 5,
                    "reqs_in_car": [
                        633793638,
                        652493567,
                        1314369803,
                        2105441432,
                        206891067
                    ],
                    "path": [
                        52,
                        47,
                        47,
                        36,
                        16,
                        18,
                        18,
                        0,
                        59,
                        19
                    ],
                    "reward": 1.66851,
                    "icds": [
                        3114,
                        0,
                        1983,
                        0,
                        0
                    ],
                    "dist_red": 1616.0
                },
                {
                    "car_id": 591899833,
                    "n_reqs": 5,
                    "reqs_in_car": [
                        880688840,
                        1957896013,
                        1596349800,
                        544805399,
                        44129295
                    ],
                    "path": [
                        18,
                        18,
                        41,
                        41,
                        39,
                        28,
                        27,
                        27,
                        61,
                        54
                    ],
                    "reward": 2.70318,
                    "icds": [
                        1103,
                        926,
                        0,
                        1770,
                        0
                    ],
                    "dist_red": 8547.0
                }
            ]
        },
        {
            "t": 2,
            "reqs": [
                {
                    "req_id": 1497802537,
                    "timesteps_left": 1,
                    "zone_from": 20,
                    "zone_to": 4
                },
                {
                    "req_id": 1018406845,
                    "timesteps_left": 1,
                    "zone_from": 19,
                    "zone_to": 51
                },
                {
                    "req_id": 148678333,
                    "timesteps_left": 1,
                    "zone_from": 31,
                    "zone_to": 48
                },
                {
                    "req_id": 2135686481,
                    "timesteps_left": 1,
                    "zone_from": 59,
                    "zone_to": 55
                },
                {
                    "req_id": 998100996,
                    "timesteps_left": 1,
                    "zone_from": 13,
                    "zone_to": 30
                },
                {
                    "req_id": 1980605393,
                    "timesteps_left": 1,
                    "zone_from": 42,
                    "zone_to": 13
                },
                {
                    "req_id": 17155824,
                    "timesteps_left": 1,
                    "zone_from": 17,
                    "zone_to": 17
                },
                {
                    "req_id": 553819013,
                    "timesteps_left": 1,
                    "zone_from": 58,
                    "zone_to": 32
                }
            ],
            "cars": []
        },
        {
            "t": 3,
            "reqs": [
                {
                    "req_id": 1980605393,
                    "timesteps_left": 0,
                    "zone_from": 42,
                    "zone_to": 13
                },
                {
                    "req_id": 553819013,
                    "timesteps_left": 0,
                    "zone_from": 58,
                    "zone_to": 32
                },
                {
                    "req_id": 148678333,
                    "timesteps_left": 0,
                    "zone_from": 31,
                    "zone_to": 48
                },
                {
                    "req_id": 1497802537,
                    "timesteps_left": 0,
                    "zone_from": 20,
                    "zone_to": 4
                },
                {
                    "req_id": 2135686481,
                    "timesteps_left": 0,
                    "zone_from": 59,
                    "zone_to": 55
                },
                {
                    "req_id": 998100996,
                    "timesteps_left": 0,
                    "zone_from": 13,
                    "zone_to": 30
                },
                {
                    "req_id": 1018406845,
                    "timesteps_left": 0,
                    "zone_from": 19,
                    "zone_to": 51
                },
                {
                    "req_id": 17155824,
                    "timesteps_left": 0,
                    "zone_from": 17,
                    "zone_to": 17
                },
                {
                    "req_id": 1208191025,
                    "timesteps_left": 1,
                    "zone_from": 23,
                    "zone_to": 16
                },
                {
                    "req_id": 420532208,
                    "timesteps_left": 1,
                    "zone_from": 48,
                    "zone_to": 35
                },
                {
                    "req_id": 1026456861,
                    "timesteps_left": 1,
                    "zone_from": 10,
                    "zone_to": 10
                },
                {
                    "req_id": 1035458066,
                    "timesteps_left": 1,
                    "zone_from": 16,
                    "zone_to": 16
                },
                {
                    "req_id": 264369661,
                    "timesteps_left": 1,
                    "zone_from": 35,
                    "zone_to": 58
                },
                {
                    "req_id": 449907632,
                    "timesteps_left": 1,
                    "zone_from": 33,
                    "zone_to": 27
                },
                {
                    "req_id": 930582270,
                    "timesteps_left": 1,
                    "zone_from": 26,
                    "zone_to": 58
                },
                {
                    "req_id": 407002247,
                    "timesteps_left": 1,
                    "zone_from": 2,
                    "zone_to": 20
                }
            ],
            "cars": [
                {
                    "car_id": 1000905890,
                    "n_reqs": 5,
                    "reqs_in_car": [
                        1980605393,
                        553819013,
                        264369661,
                        930582270,
                        148678333
                    ],
                    "path": [
                        42,
                        26,
                        35,
                        58,
                        58,
                        58,
                        31,
                        48,
                        32,
                        13
                    ],
                    "reward": 1.32776,
                    "icds": [
                        4141,
                        1110,
                        0,
                        767,
                        0
                    ],
                    "dist_red": -32.0
                },
                {
                    "car_id": 1050034539,
                    "n_reqs": 5,
                    "reqs_in_car": [
                        1497802537,
                        2135686481,
                        17155824,
                        1026456861,
                        998100996
                    ],
                    "path": [
                        20,
                        13,
                        59,
                        10,
                        10,
                        17,
                        17,
                        30,
                        55,
                        4
                    ],
                    "reward": 2.94126,
                    "icds": [
                        2581,
                        846,
                        0,
                        0,
                        967
                    ],
                    "dist_red": 15410.0
                },
                {
                    "car_id": 1880700803,
                    "n_reqs": 5,
                    "reqs_in_car": [
                        420532208,
                        407002247,
                        1208191025,
                        1018406845,
                        1035458066
                    ],
                    "path": [
                        48,
                        2,
                        23,
                        20,
                        19,
                        16,
                        16,
                        16,
                        51,
                        35
                    ],
                    "reward": 1.92887,
                    "icds": [
                        2210,
                        31,
                        485,
                        310,
                        0
                    ],
                    "dist_red": 1981.0
                }
            ]
        },
        {
            "t": 4,
            "reqs": [
                {
                    "req_id": 449907632,
                    "timesteps_left": 0,
                    "zone_from": 33,
                    "zone_to": 27
                },
                {
                    "req_id": 1852541445,
                    "timesteps_left": 1,
                    "zone_from": 32,
                    "zone_to": 13
                },
                {
                    "req_id": 172410031,
                    "timesteps_left": 1,
                    "zone_from": 41,
                    "zone_to": 41
                },
                {
                    "req_id": 1989427264,
                    "timesteps_left": 1,
                    "zone_from": 47,
                    "zone_to": 13
                },
                {
                    "req_id": 1344131812,
                    "timesteps_left": 1,
                    "zone_from": 36,
                    "zone_to": 53
                },
                {
                    "req_id": 766950596,
                    "timesteps_left": 1,
                    "zone_from": 17,
                    "zone_to": 36
                },
                {
                    "req_id": 1622514852,
                    "timesteps_left": 1,
                    "zone_from": 16,
                    "zone_to": 51
                },
                {
                    "req_id": 912620253,
                    "timesteps_left": 1,
                    "zone_from": 51,
                    "zone_to": 35
                },
                {
                    "req_id": 334546127,
                    "timesteps_left": 1,
                    "zone_from": 42,
                    "zone_to": 27
                }
            ],
            "cars": []
        },
        {
            "t": 5,
            "reqs": [
                {
                    "req_id": 1852541445,
                    "timesteps_left": 0,
                    "zone_from": 32,
                    "zone_to": 13
                },
                {
                    "req_id": 912620253,
                    "timesteps_left": 0,
                    "zone_from": 51,
                    "zone_to": 35
                },
                {
                    "req_id": 1989427264,
                    "timesteps_left": 0,
                    "zone_from": 47,
                    "zone_to": 13
                },
                {
                    "req_id": 1622514852,
                    "timesteps_left": 0,
                    "zone_from": 16,
                    "zone_to": 51
                },
                {
                    "req_id": 1344131812,
                    "timesteps_left": 0,
                    "zone_from": 36,
                    "zone_to": 53
                },
                {
                    "req_id": 334546127,
                    "timesteps_left": 0,
                    "zone_from": 42,
                    "zone_to": 27
                },
                {
                    "req_id": 766950596,
                    "timesteps_left": 0,
                    "zone_from": 17,
                    "zone_to": 36
                },
                {
                    "req_id": 172410031,
                    "timesteps_left": 0,
                    "zone_from": 41,
                    "zone_to": 41
                },
                {
                    "req_id": 1142585006,
                    "timesteps_left": 1,
                    "zone_from": 32,
                    "zone_to": 20
                },
                {
                    "req_id": 1795431547,
                    "timesteps_left": 1,
                    "zone_from": 36,
                    "zone_to": 19
                },
                {
                    "req_id": 645462336,
                    "timesteps_left": 1,
                    "zone_from": 37,
                    "zone_to": 14
                },
                {
                    "req_id": 1516639890,
                    "timesteps_left": 1,
                    "zone_from": 20,
                    "zone_to": 50
                },
                {
                    "req_id": 1286079724,
                    "timesteps_left": 1,
                    "zone_from": 32,
                    "zone_to": 44
                },
                {
                    "req_id": 1296919540,
                    "timesteps_left": 1,
                    "zone_from": 28,
                    "zone_to": 50
                },
                {
                    "req_id": 2079162179,
                    "timesteps_left": 1,
                    "zone_from": 13,
                    "zone_to": 59
                },
                {
                    "req_id": 238112597,
                    "timesteps_left": 1,
                    "zone_from": 43,
                    "zone_to": 31
                }
            ],
            "cars": [
                {
                    "car_id": 276148862,
                    "n_reqs": 5,
                    "reqs_in_car": [
                        1142585006,
                        1286079724,
                        1852541445,
                        2079162179,
                        912620253
                    ],
                    "path": [
                        32,
                        32,
                        32,
                        13,
                        13,
                        51,
                        35,
                        59,
                        20,
                        44
                    ],
                    "reward": 1.80125,
                    "icds": [
                        1948,
                        2376,
                        0,
                        845,
                        0
                    ],
                    "dist_red": 1455.0
                },
                {
                    "car_id": 1274664035,
                    "n_reqs": 5,
                    "reqs_in_car": [
                        1795431547,
                        645462336,
                        1622514852,
                        1989427264,
                        172410031
                    ],
                    "path": [
                        37,
                        36,
                        47,
                        41,
                        41,
                        16,
                        51,
                        19,
                        13,
                        14
                    ],
                    "reward": 2.16321,
                    "icds": [
                        1173,
                        2515,
                        0,
                        1056,
                        0
                    ],
                    "dist_red": 4495.0
                },
                {
                    "car_id": 1272906203,
                    "n_reqs": 5,
                    "reqs_in_car": [
                        766950596,
                        1516639890,
                        334546127,
                        1296919540,
                        1344131812
                    ],
                    "path": [
                        20,
                        42,
                        17,
                        36,
                        36,
                        53,
                        27,
                        28,
                        50,
                        50
                    ],
                    "reward": 2.07666,
                    "icds": [
                        0,
                        2674,
                        883,
                        0,
                        0
                    ],
                    "dist_red": 3613.0
                }
            ]
        },
        {
            "t": 6,
            "reqs": [
                {
                    "req_id": 238112597,
                    "timesteps_left": 0,
                    "zone_from": 43,
                    "zone_to": 31
                },
                {
                    "req_id": 356608905,
                    "timesteps_left": 1,
                    "zone_from": 33,
                    "zone_to": 54
                },
                {
                    "req_id": 2006095004,
                    "timesteps_left": 1,
                    "zone_from": 48,
                    "zone_to": 47
                },
                {
                    "req_id": 1415443175,
                    "timesteps_left": 1,
                    "zone_from": 32,
                    "zone_to": 42
                },
                {
                    "req_id": 1900982146,
                    "timesteps_left": 1,
                    "zone_from": 47,
                    "zone_to": 42
                },
                {
                    "req_id": 1421719257,
                    "timesteps_left": 1,
                    "zone_from": 26,
                    "zone_to": 48
                },
                {
                    "req_id": 1508658745,
                    "timesteps_left": 1,
                    "zone_from": 11,
                    "zone_to": 12
                },
                {
                    "req_id": 402427742,
                    "timesteps_left": 1,
                    "zone_from": 53,
                    "zone_to": 50
                },
                {
                    "req_id": 1035299972,
                    "timesteps_left": 1,
                    "zone_from": 20,
                    "zone_to": 48
                }
            ],
            "cars": [
                {
                    "car_id": 118835000,
                    "n_reqs": 4,
                    "reqs_in_car": [
                        238112597,
                        1415443175,
                        2006095004,
                        1900982146
                    ],
                    "path": [
                        32,
                        48,
                        43,
                        31,
                        47,
                        47,
                        42,
                        42
                    ],
                    "reward": 1.58464,
                    "icds": [
                        0,
                        2582,
                        959,
                        0
                    ],
                    "dist_red": 3487.0
                }
            ]
        },
        {
            "t": 7,
            "reqs": [
                {
                    "req_id": 356608905,
                    "timesteps_left": 0,
                    "zone_from": 33,
                    "zone_to": 54
                },
                {
                    "req_id": 1508658745,
                    "timesteps_left": 0,
                    "zone_from": 11,
                    "zone_to": 12
                },
                {
                    "req_id": 402427742,
                    "timesteps_left": 0,
                    "zone_from": 53,
                    "zone_to": 50
                },
                {
                    "req_id": 1421719257,
                    "timesteps_left": 0,
                    "zone_from": 26,
                    "zone_to": 48
                },
                {
                    "req_id": 1035299972,
                    "timesteps_left": 0,
                    "zone_from": 20,
                    "zone_to": 48
                },
                {
                    "req_id": 936027595,
                    "timesteps_left": 1,
                    "zone_from": 8,
                    "zone_to": 8
                },
                {
                    "req_id": 538024241,
                    "timesteps_left": 1,
                    "zone_from": 8,
                    "zone_to": 29
                },
                {
                    "req_id": 2033904898,
                    "timesteps_left": 1,
                    "zone_from": 18,
                    "zone_to": 51
                },
                {
                    "req_id": 364672529,
                    "timesteps_left": 1,
                    "zone_from": 19,
                    "zone_to": 44
                },
                {
                    "req_id": 1890551307,
                    "timesteps_left": 1,
                    "zone_from": 47,
                    "zone_to": 9
                },
                {
                    "req_id": 453887337,
                    "timesteps_left": 1,
                    "zone_from": 39,
                    "zone_to": 43
                },
                {
                    "req_id": 146092501,
                    "timesteps_left": 1,
                    "zone_from": 36,
                    "zone_to": 48
                },
                {
                    "req_id": 1671561726,
                    "timesteps_left": 1,
                    "zone_from": 10,
                    "zone_to": 28
                }
            ],
            "cars": [
                {
                    "car_id": 1692336058,
                    "n_reqs": 5,
                    "reqs_in_car": [
                        1421719257,
                        453887337,
                        1035299972,
                        146092501,
                        364672529
                    ],
                    "path": [
                        36,
                        39,
                        26,
                        19,
                        20,
                        44,
                        48,
                        43,
                        48,
                        48
                    ],
                    "reward": 2.99253,
                    "icds": [
                        378,
                        1654,
                        0,
                        958,
                        176
                    ],
                    "dist_red": 10999.0
                }
            ]
        },
        {
            "t": 8,
            "reqs": [
                {
                    "req_id": 2033904898,
                    "timesteps_left": 0,
                    "zone_from": 18,
                    "zone_to": 51
                },
                {
                    "req_id": 538024241,
                    "timesteps_left": 0,
                    "zone_from": 8,
                    "zone_to": 29
                },
                {
                    "req_id": 1671561726,
                    "timesteps_left": 0,
                    "zone_from": 10,
                    "zone_to": 28
                },
                {
                    "req_id": 936027595,
                    "timesteps_left": 0,
                    "zone_from": 8,
                    "zone_to": 8
                },
                {
                    "req_id": 1890551307,
                    "timesteps_left": 0,
                    "zone_from": 47,
                    "zone_to": 9
                },
                {
                    "req_id": 1116974216,
                    "timesteps_left": 1,
                    "zone_from": 36,
                    "zone_to": 27
                },
                {
                    "req_id": 220998769,
                    "timesteps_left": 1,
                    "zone_from": 36,
                    "zone_to": 54
                },
                {
                    "req_id": 489186366,
                    "timesteps_left": 1,
                    "zone_from": 46,
                    "zone_to": 56
                },
                {
                    "req_id": 1184521646,
                    "timesteps_left": 1,
                    "zone_from": 51,
                    "zone_to": 52
                },
                {
                    "req_id": 987891566,
                    "timesteps_left": 1,
                    "zone_from": 13,
                    "zone_to": 48
                },
                {
                    "req_id": 473762725,
                    "timesteps_left": 1,
                    "zone_from": 29,
                    "zone_to": 16
                },
                {
                    "req_id": 213248005,
                    "timesteps_left": 1,
                    "zone_from": 60,
                    "zone_to": 52
                },
                {
                    "req_id": 1294426136,
                    "timesteps_left": 1,
                    "zone_from": 62,
                    "zone_to": 28
                }
            ],
            "cars": [
                {
                    "car_id": 19251908,
                    "n_reqs": 3,
                    "reqs_in_car": [
                        538024241,
                        220998769,
                        936027595
                    ],
                    "path": [
                        36,
                        8,
                        8,
                        8,
                        29,
                        54
                    ],
                    "reward": 1.30778,
                    "icds": [
                        0,
                        508,
                        0
                    ],
                    "dist_red": 2868.0
                },
                {
                    "car_id": 1687323493,
                    "n_reqs": 5,
                    "reqs_in_car": [
                        1671561726,
                        1184521646,
                        1116974216,
                        1294426136,
                        2033904898
                    ],
                    "path": [
                        10,
                        18,
                        51,
                        51,
                        36,
                        52,
                        62,
                        27,
                        28,
                        28
                    ],
                    "reward": 2.62102,
                    "icds": [
                        2606,
                        443,
                        895,
                        382,
                        0
                    ],
                    "dist_red": 8598.0
                },
                {
                    "car_id": 1912314641,
                    "n_reqs": 5,
                    "reqs_in_car": [
                        473762725,
                        213248005,
                        1890551307,
                        489186366,
                        987891566
                    ],
                    "path": [
                        46,
                        29,
                        47,
                        16,
                        13,
                        48,
                        60,
                        9,
                        52,
                        56
                    ],
                    "reward": 1.2605,
                    "icds": [
                        432,
                        774,
                        3849,
                        7295,
                        0
                    ],
                    "dist_red": -870.0
                }
            ]
        },
        {
            "t": 9,
            "reqs": [
                {
                    "req_id": 130931303,
                    "timesteps_left": 1,
                    "zone_from": 29,
                    "zone_to": 35
                },
                {
                    "req_id": 1512235157,
                    "timesteps_left": 1,
                    "zone_from": 8,
                    "zone_to": 42
                },
                {
                    "req_id": 1876418095,
                    "timesteps_left": 1,
                    "zone_from": 20,
                    "zone_to": 3
                },
                {
                    "req_id": 1138779423,
                    "timesteps_left": 1,
                    "zone_from": 51,
                    "zone_to": 4
                },
                {
                    "req_id": 2032296376,
                    "timesteps_left": 1,
                    "zone_from": 20,
                    "zone_to": 31
                },
                {
                    "req_id": 479176672,
                    "timesteps_left": 1,
                    "zone_from": 41,
                    "zone_to": 13
                },
                {
                    "req_id": 210516303,
                    "timesteps_left": 1,
                    "zone_from": 50,
                    "zone_to": 56
                },
                {
                    "req_id": 208356412,
                    "timesteps_left": 1,
                    "zone_from": 36,
                    "zone_to": 8
                }
            ],
            "cars": [
                {
                    "car_id": 628893237,
                    "n_reqs": 3,
                    "reqs_in_car": [
                        130931303,
                        1512235157,
                        208356412
                    ],
                    "path": [
                        29,
                        36,
                        8,
                        8,
                        42,
                        35
                    ],
                    "reward": 0.864721,
                    "icds": [
                        1175,
                        0,
                        0
                    ],
                    "dist_red": 855.0
                },
                {
                    "car_id": 296995739,
                    "n_reqs": 5,
                    "reqs_in_car": [
                        1876418095,
                        1138779423,
                        210516303,
                        479176672,
                        2032296376
                    ],
                    "path": [
                        50,
                        41,
                        13,
                        20,
                        20,
                        31,
                        51,
                        3,
                        4,
                        56
                    ],
                    "reward": 2.33925,
                    "icds": [
                        1390,
                        142,
                        5251,
                        0,
                        0
                    ],
                    "dist_red": 13330.0
                }
            ]
        }
    ],
    "serv_rate": 93.75,
    "n_cars": 16,
    "avg_occ": 3.95,
    "dist_red": 77.653,
    "dist_red_perc": 18,
    "trip_red": 59,
    "trip_red_perc": 59,
    "kg_co2_red": 10,
    "icd_mean": 737
}