{
    "timesteps": [
        {
            "t": 0,
            "reqs": [
                {
                    "req_id": 1622433057,
                    "timesteps_left": 5,
                    "zone_from": 50,
                    "zone_to": 18
                },
                {
                    "req_id": 1104964505,
                    "timesteps_left": 5,
                    "zone_from": 32,
                    "zone_to": 14
                },
                {
                    "req_id": 707522287,
                    "timesteps_left": 5,
                    "zone_from": 18,
                    "zone_to": 52
                },
                {
                    "req_id": 450113227,
                    "timesteps_left": 5,
                    "zone_from": 30,
                    "zone_to": 13
                },
                {
                    "req_id": 1597639526,
                    "timesteps_left": 5,
                    "zone_from": 13,
                    "zone_to": 51
                },
                {
                    "req_id": 1937472374,
                    "timesteps_left": 5,
                    "zone_from": 53,
                    "zone_to": 52
                },
                {
                    "req_id": 814000174,
                    "timesteps_left": 5,
                    "zone_from": 59,
                    "zone_to": 18
                },
                {
                    "req_id": 1442199528,
                    "timesteps_left": 5,
                    "zone_from": 50,
                    "zone_to": 62
                }
            ],
            "cars": []
        },
        {
            "t": 1,
            "reqs": [
                {
                    "req_id": 1622433057,
                    "timesteps_left": 4,
                    "zone_from": 50,
                    "zone_to": 18
                },
                {
                    "req_id": 1104964505,
                    "timesteps_left": 4,
                    "zone_from": 32,
                    "zone_to": 14
                },
                {
                    "req_id": 814000174,
                    "timesteps_left": 4,
                    "zone_from": 59,
                    "zone_to": 18
                },
                {
                    "req_id": 1442199528,
                    "timesteps_left": 4,
                    "zone_from": 50,
                    "zone_to": 62
                },
                {
                    "req_id": 707522287,
                    "timesteps_left": 4,
                    "zone_from": 18,
                    "zone_to": 52
                },
                {
                    "req_id": 1937472374,
                    "timesteps_left": 4,
                    "zone_from": 53,
                    "zone_to": 52
                },
                {
                    "req_id": 450113227,
                    "timesteps_left": 4,
                    "zone_from": 30,
                    "zone_to": 13
                },
                {
                    "req_id": 1597639526,
                    "timesteps_left": 4,
                    "zone_from": 13,
                    "zone_to": 51
                },
                {
                    "req_id": 454964670,
                    "timesteps_left": 5,
                    "zone_from": 61,
                    "zone_to": 55
                },
                {
                    "req_id": 639967050,
                    "timesteps_left": 5,
                    "zone_from": 36,
                    "zone_to": 8
                },
                {
                    "req_id": 2035274454,
                    "timesteps_left": 5,
                    "zone_from": 10,
                    "zone_to": 30
                },
                {
                    "req_id": 997037621,
                    "timesteps_left": 5,
                    "zone_from": 29,
                    "zone_to": 53
                },
                {
                    "req_id": 1428481565,
                    "timesteps_left": 5,
                    "zone_from": 20,
                    "zone_to": 10
                },
                {
                    "req_id": 342606298,
                    "timesteps_left": 5,
                    "zone_from": 38,
                    "zone_to": 47
                },
                {
                    "req_id": 1716822113,
                    "timesteps_left": 5,
                    "zone_from": 27,
                    "zone_to": 8
                },
                {
                    "req_id": 2134583346,
                    "timesteps_left": 5,
                    "zone_from": 8,
                    "zone_to": 52
                }
            ],
            "cars": []
        },
        {
            "t": 2,
            "reqs": [
                {
                    "req_id": 1622433057,
                    "timesteps_left": 3,
                    "zone_from": 50,
                    "zone_to": 18
                },
                {
                    "req_id": 1104964505,
                    "timesteps_left": 3,
                    "zone_from": 32,
                    "zone_to": 14
                },
                {
                    "req_id": 814000174,
                    "timesteps_left": 3,
                    "zone_from": 59,
                    "zone_to": 18
                },
                {
                    "req_id": 454964670,
                    "timesteps_left": 4,
                    "zone_from": 61,
                    "zone_to": 55
                },
                {
                    "req_id": 2035274454,
                    "timesteps_left": 4,
                    "zone_from": 10,
                    "zone_to": 30
                },
                {
                    "req_id": 1428481565,
                    "timesteps_left": 4,
                    "zone_from": 20,
                    "zone_to": 10
                },
                {
                    "req_id": 342606298,
                    "timesteps_left": 4,
                    "zone_from": 38,
                    "zone_to": 47
                },
                {
                    "req_id": 1442199528,
                    "timesteps_left": 3,
                    "zone_from": 50,
                    "zone_to": 62
                },
                {
                    "req_id": 707522287,
                    "timesteps_left": 3,
                    "zone_from": 18,
                    "zone_to": 52
                },
                {
                    "req_id": 450113227,
                    "timesteps_left": 3,
                    "zone_from": 30,
                    "zone_to": 13
                },
                {
                    "req_id": 1597639526,
                    "timesteps_left": 3,
                    "zone_from": 13,
                    "zone_to": 51
                },
                {
                    "req_id": 639967050,
                    "timesteps_left": 4,
                    "zone_from": 36,
                    "zone_to": 8
                },
                {
                    "req_id": 1716822113,
                    "timesteps_left": 4,
                    "zone_from": 27,
                    "zone_to": 8
                },
                {
                    "req_id": 1937472374,
                    "timesteps_left": 3,
                    "zone_from": 53,
                    "zone_to": 52
                },
                {
                    "req_id": 2134583346,
                    "timesteps_left": 4,
                    "zone_from": 8,
                    "zone_to": 52
                },
                {
                    "req_id": 997037621,
                    "timesteps_left": 4,
                    "zone_from": 29,
                    "zone_to": 53
                },
                {
                    "req_id": 1278411401,
                    "timesteps_left": 5,
                    "zone_from": 10,
                    "zone_to": 13
                },
                {
                    "req_id": 430957584,
                    "timesteps_left": 5,
                    "zone_from": 37,
                    "zone_to": 43
                },
                {
                    "req_id": 1465315578,
                    "timesteps_left": 5,
                    "zone_from": 46,
                    "zone_to": 51
                },
                {
                    "req_id": 1716063710,
                    "timesteps_left": 5,
                    "zone_from": 37,
                    "zone_to": 43
                },
                {
                    "req_id": 1430325575,
                    "timesteps_left": 5,
                    "zone_from": 54,
                    "zone_to": 53
                },
                {
                    "req_id": 190591651,
                    "timesteps_left": 5,
                    "zone_from": 48,
                    "zone_to": 7
                },
                {
                    "req_id": 1228356157,
                    "timesteps_left": 5,
                    "zone_from": 16,
                    "zone_to": 5
                },
                {
                    "req_id": 1525023917,
                    "timesteps_left": 5,
                    "zone_from": 51,
                    "zone_to": 29
                }
            ],
            "cars": []
        },
        {
            "t": 3,
            "reqs": [
                {
                    "req_id": 1104964505,
                    "timesteps_left": 2,
                    "zone_from": 32,
                    "zone_to": 14
                },
                {
                    "req_id": 814000174,
                    "timesteps_left": 2,
                    "zone_from": 59,
                    "zone_to": 18
                },
                {
                    "req_id": 454964670,
                    "timesteps_left": 3,
                    "zone_from": 61,
                    "zone_to": 55
                },
                {
                    "req_id": 2035274454,
                    "timesteps_left": 3,
                    "zone_from": 10,
                    "zone_to": 30
                },
                {
                    "req_id": 1428481565,
                    "timesteps_left": 3,
                    "zone_from": 20,
                    "zone_to": 10
                },
                {
                    "req_id": 342606298,
                    "timesteps_left": 3,
                    "zone_from": 38,
                    "zone_to": 47
                },
                {
                    "req_id": 1442199528,
                    "timesteps_left": 2,
                    "zone_from": 50,
                    "zone_to": 62
                },
                {
                    "req_id": 2134583346,
                    "timesteps_left": 3,
                    "zone_from": 8,
                    "zone_to": 52
                },
                {
                    "req_id": 1228356157,
                    "timesteps_left": 4,
                    "zone_from": 16,
                    "zone_to": 5
                },
                {
                    "req_id": 1525023917,
                    "timesteps_left": 4,
                    "zone_from": 51,
                    "zone_to": 29
                },
                {
                    "req_id": 1622433057,
                    "timesteps_left": 2,
                    "zone_from": 50,
                    "zone_to": 18
                },
                {
                    "req_id": 1465315578,
                    "timesteps_left": 4,
                    "zone_from": 46,
                    "zone_to": 51
                },
                {
                    "req_id": 707522287,
                    "timesteps_left": 2,
                    "zone_from": 18,
                    "zone_to": 52
                },
                {
                    "req_id": 1937472374,
                    "timesteps_left": 2,
                    "zone_from": 53,
                    "zone_to": 52
                },
                {
                    "req_id": 639967050,
                    "timesteps_left": 3,
                    "zone_from": 36,
                    "zone_to": 8
                },
                {
                    "req_id": 1716822113,
                    "timesteps_left": 3,
                    "zone_from": 27,
                    "zone_to": 8
                },
                {
                    "req_id": 997037621,
                    "timesteps_left": 3,
                    "zone_from": 29,
                    "zone_to": 53
                },
                {
                    "req_id": 1430325575,
                    "timesteps_left": 4,
                    "zone_from": 54,
                    "zone_to": 53
                },
                {
                    "req_id": 450113227,
                    "timesteps_left": 2,
                    "zone_from": 30,
                    "zone_to": 13
                },
                {
                    "req_id": 1278411401,
                    "timesteps_left": 4,
                    "zone_from": 10,
                    "zone_to": 13
                },
                {
                    "req_id": 1597639526,
                    "timesteps_left": 2,
                    "zone_from": 13,
                    "zone_to": 51
                },
                {
                    "req_id": 430957584,
                    "timesteps_left": 4,
                    "zone_from": 37,
                    "zone_to": 43
                },
                {
                    "req_id": 1716063710,
                    "timesteps_left": 4,
                    "zone_from": 37,
                    "zone_to": 43
                },
                {
                    "req_id": 190591651,
                    "timesteps_left": 4,
                    "zone_from": 48,
                    "zone_to": 7
                },
                {
                    "req_id": 6030125,
                    "timesteps_left": 5,
                    "zone_from": 32,
                    "zone_to": 39
                },
                {
                    "req_id": 1105932614,
                    "timesteps_left": 5,
                    "zone_from": 62,
                    "zone_to": 46
                },
                {
                    "req_id": 332835700,
                    "timesteps_left": 5,
                    "zone_from": 47,
                    "zone_to": 13
                },
                {
                    "req_id": 1914003625,
                    "timesteps_left": 5,
                    "zone_from": 29,
                    "zone_to": 54
                },
                {
                    "req_id": 1091453890,
                    "timesteps_left": 5,
                    "zone_from": 26,
                    "zone_to": 6
                },
                {
                    "req_id": 1959797261,
                    "timesteps_left": 5,
                    "zone_from": 8,
                    "zone_to": 9
                },
                {
                    "req_id": 2048792891,
                    "timesteps_left": 5,
                    "zone_from": 51,
                    "zone_to": 23
                },
                {
                    "req_id": 1296486965,
                    "timesteps_left": 5,
                    "zone_from": 13,
                    "zone_to": 26
                }
            ],
            "cars": []
        },
        {
            "t": 4,
            "reqs": [
                {
                    "req_id": 1104964505,
                    "timesteps_left": 1,
                    "zone_from": 32,
                    "zone_to": 14
                },
                {
                    "req_id": 814000174,
                    "timesteps_left": 1,
                    "zone_from": 59,
                    "zone_to": 18
                },
                {
                    "req_id": 454964670,
                    "timesteps_left": 2,
                    "zone_from": 61,
                    "zone_to": 55
                },
                {
                    "req_id": 2035274454,
                    "timesteps_left": 2,
                    "zone_from": 10,
                    "zone_to": 30
                },
                {
                    "req_id": 1428481565,
                    "timesteps_left": 2,
                    "zone_from": 20,
                    "zone_to": 10
                },
                {
                    "req_id": 1442199528,
                    "timesteps_left": 1,
                    "zone_from": 50,
                    "zone_to": 62
                },
                {
                    "req_id": 2134583346,
                    "timesteps_left": 2,
                    "zone_from": 8,
                    "zone_to": 52
                },
                {
                    "req_id": 1228356157,
                    "timesteps_left": 3,
                    "zone_from": 16,
                    "zone_to": 5
                },
                {
                    "req_id": 1525023917,
                    "timesteps_left": 3,
                    "zone_from": 51,
                    "zone_to": 29
                },
                {
                    "req_id": 1278411401,
                    "timesteps_left": 3,
                    "zone_from": 10,
                    "zone_to": 13
                },
                {
                    "req_id": 6030125,
                    "timesteps_left": 4,
                    "zone_from": 32,
                    "zone_to": 39
                },
                {
                    "req_id": 1105932614,
                    "timesteps_left": 4,
                    "zone_from": 62,
                    "zone_to": 46
                },
                {
                    "req_id": 1914003625,
                    "timesteps_left": 4,
                    "zone_from": 29,
                    "zone_to": 54
                },
                {
                    "req_id": 1296486965,
                    "timesteps_left": 4,
                    "zone_from": 13,
                    "zone_to": 26
                },
                {
                    "req_id": 1622433057,
                    "timesteps_left": 1,
                    "zone_from": 50,
                    "zone_to": 18
                },
                {
                    "req_id": 1465315578,
                    "timesteps_left": 3,
                    "zone_from": 46,
                    "zone_to": 51
                },
                {
                    "req_id": 997037621,
                    "timesteps_left": 2,
                    "zone_from": 29,
                    "zone_to": 53
                },
                {
                    "req_id": 1430325575,
                    "timesteps_left": 3,
                    "zone_from": 54,
                    "zone_to": 53
                },
                {
                    "req_id": 707522287,
                    "timesteps_left": 1,
                    "zone_from": 18,
                    "zone_to": 52
                },
                {
                    "req_id": 1937472374,
                    "timesteps_left": 1,
                    "zone_from": 53,
                    "zone_to": 52
                },
                {
                    "req_id": 1091453890,
                    "timesteps_left": 4,
                    "zone_from": 26,
                    "zone_to": 6
                },
                {
                    "req_id": 639967050,
                    "timesteps_left": 2,
                    "zone_from": 36,
                    "zone_to": 8
                },
                {
                    "req_id": 1716822113,
                    "timesteps_left": 2,
                    "zone_from": 27,
                    "zone_to": 8
                },
                {
                    "req_id": 1959797261,
                    "timesteps_left": 4,
                    "zone_from": 8,
                    "zone_to": 9
                },
                {
                    "req_id": 430957584,
                    "timesteps_left": 3,
                    "zone_from": 37,
                    "zone_to": 43
                },
                {
                    "req_id": 1716063710,
                    "timesteps_left": 3,
                    "zone_from": 37,
                    "zone_to": 43
                },
                {
                    "req_id": 190591651,
                    "timesteps_left": 3,
                    "zone_from": 48,
                    "zone_to": 7
                },
                {
                    "req_id": 450113227,
                    "timesteps_left": 1,
                    "zone_from": 30,
                    "zone_to": 13
                },
                {
                    "req_id": 1597639526,
                    "timesteps_left": 1,
                    "zone_from": 13,
                    "zone_to": 51
                },
                {
                    "req_id": 332835700,
                    "timesteps_left": 4,
                    "zone_from": 47,
                    "zone_to": 13
                },
                {
                    "req_id": 342606298,
                    "timesteps_left": 2,
                    "zone_from": 38,
                    "zone_to": 47
                },
                {
                    "req_id": 2048792891,
                    "timesteps_left": 4,
                    "zone_from": 51,
                    "zone_to": 23
                },
                {
                    "req_id": 855049724,
                    "timesteps_left": 5,
                    "zone_from": 51,
                    "zone_to": 13
                },
                {
                    "req_id": 521779690,
                    "timesteps_left": 5,
                    "zone_from": 59,
                    "zone_to": 30
                },
                {
                    "req_id": 1841133440,
                    "timesteps_left": 5,
                    "zone_from": 13,
                    "zone_to": 44
                },
                {
                    "req_id": 200786682,
                    "timesteps_left": 5,
                    "zone_from": 51,
                    "zone_to": 13
                },
                {
                    "req_id": 1856198326,
                    "timesteps_left": 5,
                    "zone_from": 44,
                    "zone_to": 38
                },
                {
                    "req_id": 765978391,
                    "timesteps_left": 5,
                    "zone_from": 60,
                    "zone_to": 48
                },
                {
                    "req_id": 2022431603,
                    "timesteps_left": 5,
                    "zone_from": 13,
                    "zone_to": 30
                },
                {
                    "req_id": 1981541395,
                    "timesteps_left": 5,
                    "zone_from": 36,
                    "zone_to": 39
                }
            ],
            "cars": []
        },
        {
            "t": 5,
            "reqs": [
                {
                    "req_id": 1104964505,
                    "timesteps_left": 0,
                    "zone_from": 32,
                    "zone_to": 14
                },
                {
                    "req_id": 814000174,
                    "timesteps_left": 0,
                    "zone_from": 59,
                    "zone_to": 18
                },
                {
                    "req_id": 454964670,
                    "timesteps_left": 1,
                    "zone_from": 61,
                    "zone_to": 55
                },
                {
                    "req_id": 1428481565,
                    "timesteps_left": 1,
                    "zone_from": 20,
                    "zone_to": 10
                },
                {
                    "req_id": 1442199528,
                    "timesteps_left": 0,
                    "zone_from": 50,
                    "zone_to": 62
                },
                {
                    "req_id": 2134583346,
                    "timesteps_left": 1,
                    "zone_from": 8,
                    "zone_to": 52
                },
                {
                    "req_id": 1228356157,
                    "timesteps_left": 2,
                    "zone_from": 16,
                    "zone_to": 5
                },
                {
                    "req_id": 1525023917,
                    "timesteps_left": 2,
                    "zone_from": 51,
                    "zone_to": 29
                },
                {
                    "req_id": 6030125,
                    "timesteps_left": 3,
                    "zone_from": 32,
                    "zone_to": 39
                },
                {
                    "req_id": 1105932614,
                    "timesteps_left": 3,
                    "zone_from": 62,
                    "zone_to": 46
                },
                {
                    "req_id": 1914003625,
                    "timesteps_left": 3,
                    "zone_from": 29,
                    "zone_to": 54
                },
                {
                    "req_id": 332835700,
                    "timesteps_left": 3,
                    "zone_from": 47,
                    "zone_to": 13
                },
                {
                    "req_id": 2048792891,
                    "timesteps_left": 3,
                    "zone_from": 51,
                    "zone_to": 23
                },
                {
                    "req_id": 1841133440,
                    "timesteps_left": 4,
                    "zone_from": 13,
                    "zone_to": 44
                },
                {
                    "req_id": 765978391,
                    "timesteps_left": 4,
                    "zone_from": 60,
                    "zone_to": 48
                },
                {
                    "req_id": 1981541395,
                    "timesteps_left": 4,
                    "zone_from": 36,
                    "zone_to": 39
                },
                {
                    "req_id": 2035274454,
                    "timesteps_left": 1,
                    "zone_from": 10,
                    "zone_to": 30
                },
                {
                    "req_id": 521779690,
                    "timesteps_left": 4,
                    "zone_from": 59,
                    "zone_to": 30
                },
                {
                    "req_id": 1622433057,
                    "timesteps_left": 0,
                    "zone_from": 50,
                    "zone_to": 18
                },
                {
                    "req_id": 1465315578,
                    "timesteps_left": 2,
                    "zone_from": 46,
                    "zone_to": 51
                },
                {
                    "req_id": 997037621,
                    "timesteps_left": 1,
                    "zone_from": 29,
                    "zone_to": 53
                },
                {
                    "req_id": 1430325575,
                    "timesteps_left": 2,
                    "zone_from": 54,
                    "zone_to": 53
                },
                {
                    "req_id": 707522287,
                    "timesteps_left": 0,
                    "zone_from": 18,
                    "zone_to": 52
                },
                {
                    "req_id": 1937472374,
                    "timesteps_left": 0,
                    "zone_from": 53,
                    "zone_to": 52
                },
                {
                    "req_id": 342606298,
                    "timesteps_left": 1,
                    "zone_from": 38,
                    "zone_to": 47
                },
                {
                    "req_id": 1856198326,
                    "timesteps_left": 4,
                    "zone_from": 44,
                    "zone_to": 38
                },
                {
                    "req_id": 1091453890,
                    "timesteps_left": 3,
                    "zone_from": 26,
                    "zone_to": 6
                },
                {
                    "req_id": 2022431603,
                    "timesteps_left": 4,
                    "zone_from": 13,
                    "zone_to": 30
                },
                {
                    "req_id": 1296486965,
                    "timesteps_left": 3,
                    "zone_from": 13,
                    "zone_to": 26
                },
                {
                    "req_id": 639967050,
                    "timesteps_left": 1,
                    "zone_from": 36,
                    "zone_to": 8
                },
                {
                    "req_id": 1716822113,
                    "timesteps_left": 1,
                    "zone_from": 27,
                    "zone_to": 8
                },
                {
                    "req_id": 1959797261,
                    "timesteps_left": 3,
                    "zone_from": 8,
                    "zone_to": 9
                },
                {
                    "req_id": 430957584,
                    "timesteps_left": 2,
                    "zone_from": 37,
                    "zone_to": 43
                },
                {
                    "req_id": 1716063710,
                    "timesteps_left": 2,
                    "zone_from": 37,
                    "zone_to": 43
                },
                {
                    "req_id": 190591651,
                    "timesteps_left": 2,
                    "zone_from": 48,
                    "zone_to": 7
                },
                {
                    "req_id": 855049724,
                    "timesteps_left": 4,
                    "zone_from": 51,
                    "zone_to": 13
                },
                {
                    "req_id": 200786682,
                    "timesteps_left": 4,
                    "zone_from": 51,
                    "zone_to": 13
                },
                {
                    "req_id": 1278411401,
                    "timesteps_left": 2,
                    "zone_from": 10,
                    "zone_to": 13
                },
                {
                    "req_id": 1597639526,
                    "timesteps_left": 0,
                    "zone_from": 13,
                    "zone_to": 51
                },
                {
                    "req_id": 450113227,
                    "timesteps_left": 0,
                    "zone_from": 30,
                    "zone_to": 13
                },
                {
                    "req_id": 2064926477,
                    "timesteps_left": 5,
                    "zone_from": 20,
                    "zone_to": 62
                },
                {
                    "req_id": 2082423271,
                    "timesteps_left": 5,
                    "zone_from": 42,
                    "zone_to": 20
                },
                {
                    "req_id": 792771844,
                    "timesteps_left": 5,
                    "zone_from": 23,
                    "zone_to": 2
                },
                {
                    "req_id": 436840415,
                    "timesteps_left": 5,
                    "zone_from": 16,
                    "zone_to": 13
                },
                {
                    "req_id": 499029124,
                    "timesteps_left": 5,
                    "zone_from": 45,
                    "zone_to": 62
                },
                {
                    "req_id": 1387633109,
                    "timesteps_left": 5,
                    "zone_from": 48,
                    "zone_to": 2
                },
                {
                    "req_id": 1165522427,
                    "timesteps_left": 5,
                    "zone_from": 41,
                    "zone_to": 42
                },
                {
                    "req_id": 1087510085,
                    "timesteps_left": 5,
                    "zone_from": 16,
                    "zone_to": 8
                }
            ],
            "cars": [
                {
                    "car_id": 1038396017,
                    "n_reqs": 2,
                    "reqs_in_car": [
                        2134583346,
                        1937472374
                    ],
                    "path": [
                        8,
                        53,
                        52,
                        52
                    ],
                    "reward": 0.0951498,
                    "icds": [
                        108,
                        0
                    ],
                    "dist_red": 1519.0
                },
                {
                    "car_id": 136416147,
                    "n_reqs": 4,
                    "reqs_in_car": [
                        1105932614,
                        2064926477,
                        1465315578,
                        707522287
                    ],
                    "path": [
                        62,
                        46,
                        51,
                        20,
                        18,
                        62,
                        52,
                        46
                    ],
                    "reward": 0.296067,
                    "icds": [
                        0,
                        95,
                        0,
                        0
                    ],
                    "dist_red": 4031.0
                },
                {
                    "car_id": 2084734117,
                    "n_reqs": 5,
                    "reqs_in_car": [
                        1841133440,
                        450113227,
                        332835700,
                        342606298,
                        190591651
                    ],
                    "path": [
                        30,
                        38,
                        47,
                        47,
                        13,
                        44,
                        48,
                        7,
                        13,
                        13
                    ],
                    "reward": 0.16139,
                    "icds": [
                        0,
                        950,
                        0,
                        0,
                        0
                    ],
                    "dist_red": 2445.0
                },
                {
                    "car_id": 1259473258,
                    "n_reqs": 5,
                    "reqs_in_car": [
                        855049724,
                        855049724,
                        436840415,
                        1597639526,
                        1278411401
                    ],
                    "path": [
                        10,
                        16,
                        13,
                        13,
                        51,
                        51,
                        51,
                        13,
                        13,
                        13
                    ],
                    "reward": 0.544564,
                    "icds": [
                        0,
                        0,
                        0,
                        0,
                        134
                    ],
                    "dist_red": 4558.0
                }
            ]
        },
        {
            "t": 6,
            "reqs": [
                {
                    "req_id": 454964670,
                    "timesteps_left": 0,
                    "zone_from": 61,
                    "zone_to": 55
                },
                {
                    "req_id": 1428481565,
                    "timesteps_left": 0,
                    "zone_from": 20,
                    "zone_to": 10
                },
                {
                    "req_id": 1228356157,
                    "timesteps_left": 1,
                    "zone_from": 16,
                    "zone_to": 5
                },
                {
                    "req_id": 1525023917,
                    "timesteps_left": 1,
                    "zone_from": 51,
                    "zone_to": 29
                },
                {
                    "req_id": 6030125,
                    "timesteps_left": 2,
                    "zone_from": 32,
                    "zone_to": 39
                },
                {
                    "req_id": 1914003625,
                    "timesteps_left": 2,
                    "zone_from": 29,
                    "zone_to": 54
                },
                {
                    "req_id": 2048792891,
                    "timesteps_left": 2,
                    "zone_from": 51,
                    "zone_to": 23
                },
                {
                    "req_id": 1981541395,
                    "timesteps_left": 3,
                    "zone_from": 36,
                    "zone_to": 39
                },
                {
                    "req_id": 1856198326,
                    "timesteps_left": 3,
                    "zone_from": 44,
                    "zone_to": 38
                },
                {
                    "req_id": 2082423271,
                    "timesteps_left": 4,
                    "zone_from": 42,
                    "zone_to": 20
                },
                {
                    "req_id": 792771844,
                    "timesteps_left": 4,
                    "zone_from": 23,
                    "zone_to": 2
                },
                {
                    "req_id": 499029124,
                    "timesteps_left": 4,
                    "zone_from": 45,
                    "zone_to": 62
                },
                {
                    "req_id": 1165522427,
                    "timesteps_left": 4,
                    "zone_from": 41,
                    "zone_to": 42
                },
                {
                    "req_id": 1087510085,
                    "timesteps_left": 4,
                    "zone_from": 16,
                    "zone_to": 8
                },
                {
                    "req_id": 2035274454,
                    "timesteps_left": 0,
                    "zone_from": 10,
                    "zone_to": 30
                },
                {
                    "req_id": 521779690,
                    "timesteps_left": 3,
                    "zone_from": 59,
                    "zone_to": 30
                },
                {
                    "req_id": 997037621,
                    "timesteps_left": 0,
                    "zone_from": 29,
                    "zone_to": 53
                },
                {
                    "req_id": 1430325575,
                    "timesteps_left": 1,
                    "zone_from": 54,
                    "zone_to": 53
                },
                {
                    "req_id": 1091453890,
                    "timesteps_left": 2,
                    "zone_from": 26,
                    "zone_to": 6
                },
                {
                    "req_id": 2022431603,
                    "timesteps_left": 3,
                    "zone_from": 13,
                    "zone_to": 30
                },
                {
                    "req_id": 1296486965,
                    "timesteps_left": 2,
                    "zone_from": 13,
                    "zone_to": 26
                },
                {
                    "req_id": 639967050,
                    "timesteps_left": 0,
                    "zone_from": 36,
                    "zone_to": 8
                },
                {
                    "req_id": 1716822113,
                    "timesteps_left": 0,
                    "zone_from": 27,
                    "zone_to": 8
                },
                {
                    "req_id": 1959797261,
                    "timesteps_left": 2,
                    "zone_from": 8,
                    "zone_to": 9
                },
                {
                    "req_id": 430957584,
                    "timesteps_left": 1,
                    "zone_from": 37,
                    "zone_to": 43
                },
                {
                    "req_id": 1716063710,
                    "timesteps_left": 1,
                    "zone_from": 37,
                    "zone_to": 43
                },
                {
                    "req_id": 1387633109,
                    "timesteps_left": 4,
                    "zone_from": 48,
                    "zone_to": 2
                },
                {
                    "req_id": 765978391,
                    "timesteps_left": 3,
                    "zone_from": 60,
                    "zone_to": 48
                },
                {
                    "req_id": 1474186574,
                    "timesteps_left": 5,
                    "zone_from": 39,
                    "zone_to": 8
                },
                {
                    "req_id": 855474583,
                    "timesteps_left": 5,
                    "zone_from": 36,
                    "zone_to": 39
                },
                {
                    "req_id": 1415007623,
                    "timesteps_left": 5,
                    "zone_from": 52,
                    "zone_to": 4
                },
                {
                    "req_id": 106591564,
                    "timesteps_left": 5,
                    "zone_from": 50,
                    "zone_to": 42
                },
                {
                    "req_id": 240127543,
                    "timesteps_left": 5,
                    "zone_from": 39,
                    "zone_to": 39
                },
                {
                    "req_id": 1862559633,
                    "timesteps_left": 5,
                    "zone_from": 36,
                    "zone_to": 50
                },
                {
                    "req_id": 329638055,
                    "timesteps_left": 5,
                    "zone_from": 29,
                    "zone_to": 30
                },
                {
                    "req_id": 1267245980,
                    "timesteps_left": 5,
                    "zone_from": 55,
                    "zone_to": 54
                }
            ],
            "cars": [
                {
                    "car_id": 1262639792,
                    "n_reqs": 2,
                    "reqs_in_car": [
                        2035274454,
                        521779690
                    ],
                    "path": [
                        59,
                        10,
                        30,
                        30
                    ],
                    "reward": 0.0814511,
                    "icds": [
                        0,
                        252
                    ],
                    "dist_red": 3786.0
                },
                {
                    "car_id": 159143775,
                    "n_reqs": 2,
                    "reqs_in_car": [
                        997037621,
                        1430325575
                    ],
                    "path": [
                        54,
                        29,
                        53,
                        53
                    ],
                    "reward": 0.0707505,
                    "icds": [
                        0,
                        109
                    ],
                    "dist_red": 1222.0
                },
                {
                    "car_id": 1743906778,
                    "n_reqs": 2,
                    "reqs_in_car": [
                        639967050,
                        1716822113
                    ],
                    "path": [
                        27,
                        36,
                        8,
                        8
                    ],
                    "reward": 0.154347,
                    "icds": [
                        0,
                        0
                    ],
                    "dist_red": 1150.0
                }
            ]
        },
        {
            "t": 7,
            "reqs": [
                {
                    "req_id": 1228356157,
                    "timesteps_left": 0,
                    "zone_from": 16,
                    "zone_to": 5
                },
                {
                    "req_id": 1525023917,
                    "timesteps_left": 0,
                    "zone_from": 51,
                    "zone_to": 29
                },
                {
                    "req_id": 2048792891,
                    "timesteps_left": 1,
                    "zone_from": 51,
                    "zone_to": 23
                },
                {
                    "req_id": 1856198326,
                    "timesteps_left": 2,
                    "zone_from": 44,
                    "zone_to": 38
                },
                {
                    "req_id": 2082423271,
                    "timesteps_left": 3,
                    "zone_from": 42,
                    "zone_to": 20
                },
                {
                    "req_id": 792771844,
                    "timesteps_left": 3,
                    "zone_from": 23,
                    "zone_to": 2
                },
                {
                    "req_id": 499029124,
                    "timesteps_left": 3,
                    "zone_from": 45,
                    "zone_to": 62
                },
                {
                    "req_id": 1165522427,
                    "timesteps_left": 3,
                    "zone_from": 41,
                    "zone_to": 42
                },
                {
                    "req_id": 1087510085,
                    "timesteps_left": 3,
                    "zone_from": 16,
                    "zone_to": 8
                },
                {
                    "req_id": 1415007623,
                    "timesteps_left": 4,
                    "zone_from": 52,
                    "zone_to": 4
                },
                {
                    "req_id": 1914003625,
                    "timesteps_left": 1,
                    "zone_from": 29,
                    "zone_to": 54
                },
                {
                    "req_id": 1267245980,
                    "timesteps_left": 4,
                    "zone_from": 55,
                    "zone_to": 54
                },
                {
                    "req_id": 1981541395,
                    "timesteps_left": 2,
                    "zone_from": 36,
                    "zone_to": 39
                },
                {
                    "req_id": 855474583,
                    "timesteps_left": 4,
                    "zone_from": 36,
                    "zone_to": 39
                },
                {
                    "req_id": 240127543,
                    "timesteps_left": 4,
                    "zone_from": 39,
                    "zone_to": 39
                },
                {
                    "req_id": 1091453890,
                    "timesteps_left": 1,
                    "zone_from": 26,
                    "zone_to": 6
                },
                {
                    "req_id": 2022431603,
                    "timesteps_left": 2,
                    "zone_from": 13,
                    "zone_to": 30
                },
                {
                    "req_id": 1296486965,
                    "timesteps_left": 1,
                    "zone_from": 13,
                    "zone_to": 26
                },
                {
                    "req_id": 329638055,
                    "timesteps_left": 4,
                    "zone_from": 29,
                    "zone_to": 30
                },
                {
                    "req_id": 430957584,
                    "timesteps_left": 0,
                    "zone_from": 37,
                    "zone_to": 43
                },
                {
                    "req_id": 1716063710,
                    "timesteps_left": 0,
                    "zone_from": 37,
                    "zone_to": 43
                },
                {
                    "req_id": 1387633109,
                    "timesteps_left": 3,
                    "zone_from": 48,
                    "zone_to": 2
                },
                {
                    "req_id": 765978391,
                    "timesteps_left": 2,
                    "zone_from": 60,
                    "zone_to": 48
                },
                {
                    "req_id": 6030125,
                    "timesteps_left": 1,
                    "zone_from": 32,
                    "zone_to": 39
                },
                {
                    "req_id": 1474186574,
                    "timesteps_left": 4,
                    "zone_from": 39,
                    "zone_to": 8
                },
                {
                    "req_id": 1862559633,
                    "timesteps_left": 4,
                    "zone_from": 36,
                    "zone_to": 50
                },
                {
                    "req_id": 1959797261,
                    "timesteps_left": 1,
                    "zone_from": 8,
                    "zone_to": 9
                },
                {
                    "req_id": 106591564,
                    "timesteps_left": 4,
                    "zone_from": 50,
                    "zone_to": 42
                },
                {
                    "req_id": 1461096669,
                    "timesteps_left": 5,
                    "zone_from": 59,
                    "zone_to": 10
                },
                {
                    "req_id": 1934309949,
                    "timesteps_left": 5,
                    "zone_from": 46,
                    "zone_to": 30
                },
                {
                    "req_id": 27736774,
                    "timesteps_left": 5,
                    "zone_from": 59,
                    "zone_to": 32
                },
                {
                    "req_id": 174702990,
                    "timesteps_left": 5,
                    "zone_from": 16,
                    "zone_to": 42
                },
                {
                    "req_id": 1192334615,
                    "timesteps_left": 5,
                    "zone_from": 18,
                    "zone_to": 47
                },
                {
                    "req_id": 1854460696,
                    "timesteps_left": 5,
                    "zone_from": 59,
                    "zone_to": 35
                },
                {
                    "req_id": 1408395944,
                    "timesteps_left": 5,
                    "zone_from": 54,
                    "zone_to": 4
                },
                {
                    "req_id": 2090936403,
                    "timesteps_left": 5,
                    "zone_from": 29,
                    "zone_to": 38
                }
            ],
            "cars": [
                {
                    "car_id": 536688612,
                    "n_reqs": 2,
                    "reqs_in_car": [
                        1525023917,
                        2090936403
                    ],
                    "path": [
                        51,
                        29,
                        38,
                        29
                    ],
                    "reward": 0.0102098,
                    "icds": [
                        0,
                        0
                    ],
                    "dist_red": -1701.0
                },
                {
                    "car_id": 1262433088,
                    "n_reqs": 4,
                    "reqs_in_car": [
                        430957584,
                        430957584,
                        1387633109,
                        765978391
                    ],
                    "path": [
                        37,
                        37,
                        43,
                        48,
                        2,
                        60,
                        48,
                        43
                    ],
                    "reward": 0.412765,
                    "icds": [
                        0,
                        0,
                        0,
                        0
                    ],
                    "dist_red": 4745.0
                }
            ]
        },
        {
            "t": 8,
            "reqs": [
                {
                    "req_id": 2048792891,
                    "timesteps_left": 0,
                    "zone_from": 51,
                    "zone_to": 23
                },
                {
                    "req_id": 1856198326,
                    "timesteps_left": 1,
                    "zone_from": 44,
                    "zone_to": 38
                },
                {
                    "req_id": 2082423271,
                    "timesteps_left": 2,
                    "zone_from": 42,
                    "zone_to": 20
                },
                {
                    "req_id": 792771844,
                    "timesteps_left": 2,
                    "zone_from": 23,
                    "zone_to": 2
                },
                {
                    "req_id": 499029124,
                    "timesteps_left": 2,
                    "zone_from": 45,
                    "zone_to": 62
                },
                {
                    "req_id": 1165522427,
                    "timesteps_left": 2,
                    "zone_from": 41,
                    "zone_to": 42
                },
                {
                    "req_id": 1415007623,
                    "timesteps_left": 3,
                    "zone_from": 52,
                    "zone_to": 4
                },
                {
                    "req_id": 1461096669,
                    "timesteps_left": 4,
                    "zone_from": 59,
                    "zone_to": 10
                },
                {
                    "req_id": 1934309949,
                    "timesteps_left": 4,
                    "zone_from": 46,
                    "zone_to": 30
                },
                {
                    "req_id": 27736774,
                    "timesteps_left": 4,
                    "zone_from": 59,
                    "zone_to": 32
                },
                {
                    "req_id": 1192334615,
                    "timesteps_left": 4,
                    "zone_from": 18,
                    "zone_to": 47
                },
                {
                    "req_id": 1854460696,
                    "timesteps_left": 4,
                    "zone_from": 59,
                    "zone_to": 35
                },
                {
                    "req_id": 1408395944,
                    "timesteps_left": 4,
                    "zone_from": 54,
                    "zone_to": 4
                },
                {
                    "req_id": 1087510085,
                    "timesteps_left": 2,
                    "zone_from": 16,
                    "zone_to": 8
                },
                {
                    "req_id": 174702990,
                    "timesteps_left": 4,
                    "zone_from": 16,
                    "zone_to": 42
                },
                {
                    "req_id": 1914003625,
                    "timesteps_left": 0,
                    "zone_from": 29,
                    "zone_to": 54
                },
                {
                    "req_id": 1267245980,
                    "timesteps_left": 3,
                    "zone_from": 55,
                    "zone_to": 54
                },
                {
                    "req_id": 1981541395,
                    "timesteps_left": 1,
                    "zone_from": 36,
                    "zone_to": 39
                },
                {
                    "req_id": 855474583,
                    "timesteps_left": 3,
                    "zone_from": 36,
                    "zone_to": 39
                },
                {
                    "req_id": 240127543,
                    "timesteps_left": 3,
                    "zone_from": 39,
                    "zone_to": 39
                },
                {
                    "req_id": 2022431603,
                    "timesteps_left": 1,
                    "zone_from": 13,
                    "zone_to": 30
                },
                {
                    "req_id": 329638055,
                    "timesteps_left": 3,
                    "zone_from": 29,
                    "zone_to": 30
                },
                {
                    "req_id": 1296486965,
                    "timesteps_left": 0,
                    "zone_from": 13,
                    "zone_to": 26
                },
                {
                    "req_id": 1091453890,
                    "timesteps_left": 0,
                    "zone_from": 26,
                    "zone_to": 6
                },
                {
                    "req_id": 6030125,
                    "timesteps_left": 0,
                    "zone_from": 32,
                    "zone_to": 39
                },
                {
                    "req_id": 1474186574,
                    "timesteps_left": 3,
                    "zone_from": 39,
                    "zone_to": 8
                },
                {
                    "req_id": 1862559633,
                    "timesteps_left": 3,
                    "zone_from": 36,
                    "zone_to": 50
                },
                {
                    "req_id": 1959797261,
                    "timesteps_left": 0,
                    "zone_from": 8,
                    "zone_to": 9
                },
                {
                    "req_id": 106591564,
                    "timesteps_left": 3,
                    "zone_from": 50,
                    "zone_to": 42
                },
                {
                    "req_id": 1059908699,
                    "timesteps_left": 5,
                    "zone_from": 51,
                    "zone_to": 42
                },
                {
                    "req_id": 1810714925,
                    "timesteps_left": 5,
                    "zone_from": 32,
                    "zone_to": 13
                },
                {
                    "req_id": 561876045,
                    "timesteps_left": 5,
                    "zone_from": 42,
                    "zone_to": 35
                },
                {
                    "req_id": 1716207478,
                    "timesteps_left": 5,
                    "zone_from": 38,
                    "zone_to": 6
                },
                {
                    "req_id": 739910403,
                    "timesteps_left": 5,
                    "zone_from": 19,
                    "zone_to": 49
                },
                {
                    "req_id": 1068199695,
                    "timesteps_left": 5,
                    "zone_from": 42,
                    "zone_to": 50
                },
                {
                    "req_id": 919466459,
                    "timesteps_left": 5,
                    "zone_from": 58,
                    "zone_to": 13
                },
                {
                    "req_id": 842472455,
                    "timesteps_left": 5,
                    "zone_from": 13,
                    "zone_to": 6
                }
            ],
            "cars": [
                {
                    "car_id": 1783923857,
                    "n_reqs": 2,
                    "reqs_in_car": [
                        1914003625,
                        1267245980
                    ],
                    "path": [
                        29,
                        55,
                        54,
                        54
                    ],
                    "reward": 0.0261793,
                    "icds": [
                        148,
                        0
                    ],
                    "dist_red": 1010.0
                },
                {
                    "car_id": 1701264798,
                    "n_reqs": 3,
                    "reqs_in_car": [
                        1087510085,
                        174702990,
                        1959797261
                    ],
                    "path": [
                        16,
                        16,
                        42,
                        8,
                        9,
                        8
                    ],
                    "reward": 0.0629787,
                    "icds": [
                        220,
                        0,
                        0
                    ],
                    "dist_red": 409.0
                },
                {
                    "car_id": 158957525,
                    "n_reqs": 5,
                    "reqs_in_car": [
                        6030125,
                        1474186574,
                        1862559633,
                        1296486965,
                        1810714925
                    ],
                    "path": [
                        32,
                        32,
                        13,
                        13,
                        26,
                        39,
                        8,
                        36,
                        50,
                        39
                    ],
                    "reward": 0.201032,
                    "icds": [
                        460,
                        0,
                        0,
                        0,
                        0
                    ],
                    "dist_red": 1932.0
                }
            ]
        },
        {
            "t": 9,
            "reqs": [
                {
                    "req_id": 2082423271,
                    "timesteps_left": 1,
                    "zone_from": 42,
                    "zone_to": 20
                },
                {
                    "req_id": 792771844,
                    "timesteps_left": 1,
                    "zone_from": 23,
                    "zone_to": 2
                },
                {
                    "req_id": 499029124,
                    "timesteps_left": 1,
                    "zone_from": 45,
                    "zone_to": 62
                },
                {
                    "req_id": 1415007623,
                    "timesteps_left": 2,
                    "zone_from": 52,
                    "zone_to": 4
                },
                {
                    "req_id": 1461096669,
                    "timesteps_left": 3,
                    "zone_from": 59,
                    "zone_to": 10
                },
                {
                    "req_id": 27736774,
                    "timesteps_left": 3,
                    "zone_from": 59,
                    "zone_to": 32
                },
                {
                    "req_id": 1192334615,
                    "timesteps_left": 3,
                    "zone_from": 18,
                    "zone_to": 47
                },
                {
                    "req_id": 1854460696,
                    "timesteps_left": 3,
                    "zone_from": 59,
                    "zone_to": 35
                },
                {
                    "req_id": 1408395944,
                    "timesteps_left": 3,
                    "zone_from": 54,
                    "zone_to": 4
                },
                {
                    "req_id": 561876045,
                    "timesteps_left": 4,
                    "zone_from": 42,
                    "zone_to": 35
                },
                {
                    "req_id": 739910403,
                    "timesteps_left": 4,
                    "zone_from": 19,
                    "zone_to": 49
                },
                {
                    "req_id": 919466459,
                    "timesteps_left": 4,
                    "zone_from": 58,
                    "zone_to": 13
                },
                {
                    "req_id": 1856198326,
                    "timesteps_left": 0,
                    "zone_from": 44,
                    "zone_to": 38
                },
                {
                    "req_id": 1716207478,
                    "timesteps_left": 4,
                    "zone_from": 38,
                    "zone_to": 6
                },
                {
                    "req_id": 1981541395,
                    "timesteps_left": 0,
                    "zone_from": 36,
                    "zone_to": 39
                },
                {
                    "req_id": 855474583,
                    "timesteps_left": 2,
                    "zone_from": 36,
                    "zone_to": 39
                },
                {
                    "req_id": 1934309949,
                    "timesteps_left": 3,
                    "zone_from": 46,
                    "zone_to": 30
                },
                {
                    "req_id": 2022431603,
                    "timesteps_left": 0,
                    "zone_from": 13,
                    "zone_to": 30
                },
                {
                    "req_id": 842472455,
                    "timesteps_left": 4,
                    "zone_from": 13,
                    "zone_to": 6
                },
                {
                    "req_id": 329638055,
                    "timesteps_left": 2,
                    "zone_from": 29,
                    "zone_to": 30
                },
                {
                    "req_id": 1165522427,
                    "timesteps_left": 1,
                    "zone_from": 41,
                    "zone_to": 42
                },
                {
                    "req_id": 240127543,
                    "timesteps_left": 2,
                    "zone_from": 39,
                    "zone_to": 39
                },
                {
                    "req_id": 106591564,
                    "timesteps_left": 2,
                    "zone_from": 50,
                    "zone_to": 42
                },
                {
                    "req_id": 1068199695,
                    "timesteps_left": 4,
                    "zone_from": 42,
                    "zone_to": 50
                },
                {
                    "req_id": 1059908699,
                    "timesteps_left": 4,
                    "zone_from": 51,
                    "zone_to": 42
                },
                {
                    "req_id": 1951653466,
                    "timesteps_left": 5,
                    "zone_from": 55,
                    "zone_to": 10
                },
                {
                    "req_id": 227251546,
                    "timesteps_left": 5,
                    "zone_from": 13,
                    "zone_to": 12
                },
                {
                    "req_id": 348485249,
                    "timesteps_left": 5,
                    "zone_from": 10,
                    "zone_to": 35
                },
                {
                    "req_id": 1509998587,
                    "timesteps_left": 5,
                    "zone_from": 40,
                    "zone_to": 28
                },
                {
                    "req_id": 1984924853,
                    "timesteps_left": 5,
                    "zone_from": 53,
                    "zone_to": 17
                },
                {
                    "req_id": 1675267128,
                    "timesteps_left": 5,
                    "zone_from": 42,
                    "zone_to": 19
                },
                {
                    "req_id": 566955916,
                    "timesteps_left": 5,
                    "zone_from": 38,
                    "zone_to": 51
                },
                {
                    "req_id": 1567272038,
                    "timesteps_left": 5,
                    "zone_from": 35,
                    "zone_to": 13
                }
            ],
            "cars": [
                {
                    "car_id": 1921628516,
                    "n_reqs": 2,
                    "reqs_in_car": [
                        561876045,
                        348485249
                    ],
                    "path": [
                        42,
                        10,
                        35,
                        35
                    ],
                    "reward": 0.191524,
                    "icds": [
                        10,
                        0
                    ],
                    "dist_red": 1204.0
                },
                {
                    "car_id": 587852561,
                    "n_reqs": 2,
                    "reqs_in_car": [
                        919466459,
                        1567272038
                    ],
                    "path": [
                        58,
                        35,
                        13,
                        13
                    ],
                    "reward": 0.0520168,
                    "icds": [
                        359,
                        0
                    ],
                    "dist_red": 3279.0
                },
                {
                    "car_id": 651054326,
                    "n_reqs": 4,
                    "reqs_in_car": [
                        1981541395,
                        566955916,
                        1716207478,
                        1981541395
                    ],
                    "path": [
                        38,
                        38,
                        6,
                        36,
                        36,
                        39,
                        39,
                        51
                    ],
                    "reward": 0.38039,
                    "icds": [
                        0,
                        239,
                        0,
                        0
                    ],
                    "dist_red": 2898.0
                },
                {
                    "car_id": 936104722,
                    "n_reqs": 4,
                    "reqs_in_car": [
                        1934309949,
                        2022431603,
                        842472455,
                        329638055
                    ],
                    "path": [
                        13,
                        13,
                        46,
                        6,
                        29,
                        30,
                        30,
                        30
                    ],
                    "reward": 0.549712,
                    "icds": [
                        0,
                        52,
                        101,
                        0
                    ],
                    "dist_red": 10445.0
                },
                {
                    "car_id": 1402663656,
                    "n_reqs": 5,
                    "reqs_in_car": [
                        1165522427,
                        240127543,
                        106591564,
                        1068199695,
                        1059908699
                    ],
                    "path": [
                        51,
                        42,
                        41,
                        50,
                        50,
                        39,
                        39,
                        42,
                        42,
                        42
                    ],
                    "reward": 0.208064,
                    "icds": [
                        391,
                        0,
                        54,
                        10,
                        0
                    ],
                    "dist_red": 2004.0
                }
            ]
        }
    ],
    "serv_rate": 68.75,
    "n_cars": 17,
    "avg_occ": 2.788235294117647,
    "dist_red": 44.936,
    "dist_red_perc": 11,
    "trip_red": 38,
    "trip_red_perc": 38,
    "kg_co2_red": 5,
    "icd_mean": 49
}