{
    "timesteps": [
        {
            "t": 0,
            "reqs": [
                {
                    "req_id": 1833243137,
                    "timesteps_left": 5,
                    "zone_from": 39,
                    "zone_to": 28
                },
                {
                    "req_id": 236907210,
                    "timesteps_left": 5,
                    "zone_from": 13,
                    "zone_to": 32
                },
                {
                    "req_id": 1025243838,
                    "timesteps_left": 5,
                    "zone_from": 18,
                    "zone_to": 20
                },
                {
                    "req_id": 74541110,
                    "timesteps_left": 5,
                    "zone_from": 53,
                    "zone_to": 52
                },
                {
                    "req_id": 1995276906,
                    "timesteps_left": 5,
                    "zone_from": 61,
                    "zone_to": 27
                },
                {
                    "req_id": 1255308741,
                    "timesteps_left": 5,
                    "zone_from": 28,
                    "zone_to": 27
                },
                {
                    "req_id": 1872818561,
                    "timesteps_left": 5,
                    "zone_from": 37,
                    "zone_to": 34
                },
                {
                    "req_id": 718624317,
                    "timesteps_left": 5,
                    "zone_from": 53,
                    "zone_to": 62
                },
                {
                    "req_id": 2120793243,
                    "timesteps_left": 5,
                    "zone_from": 19,
                    "zone_to": 17
                },
                {
                    "req_id": 602109714,
                    "timesteps_left": 5,
                    "zone_from": 37,
                    "zone_to": 60
                }
            ],
            "cars": []
        },
        {
            "t": 1,
            "reqs": [
                {
                    "req_id": 236907210,
                    "timesteps_left": 4,
                    "zone_from": 13,
                    "zone_to": 32
                },
                {
                    "req_id": 1025243838,
                    "timesteps_left": 4,
                    "zone_from": 18,
                    "zone_to": 20
                },
                {
                    "req_id": 1995276906,
                    "timesteps_left": 4,
                    "zone_from": 61,
                    "zone_to": 27
                },
                {
                    "req_id": 1872818561,
                    "timesteps_left": 4,
                    "zone_from": 37,
                    "zone_to": 34
                },
                {
                    "req_id": 2120793243,
                    "timesteps_left": 4,
                    "zone_from": 19,
                    "zone_to": 17
                },
                {
                    "req_id": 602109714,
                    "timesteps_left": 4,
                    "zone_from": 37,
                    "zone_to": 60
                },
                {
                    "req_id": 1833243137,
                    "timesteps_left": 4,
                    "zone_from": 39,
                    "zone_to": 28
                },
                {
                    "req_id": 1255308741,
                    "timesteps_left": 4,
                    "zone_from": 28,
                    "zone_to": 27
                },
                {
                    "req_id": 74541110,
                    "timesteps_left": 4,
                    "zone_from": 53,
                    "zone_to": 52
                },
                {
                    "req_id": 718624317,
                    "timesteps_left": 4,
                    "zone_from": 53,
                    "zone_to": 62
                },
                {
                    "req_id": 1762420671,
                    "timesteps_left": 5,
                    "zone_from": 48,
                    "zone_to": 23
                },
                {
                    "req_id": 1612332541,
                    "timesteps_left": 5,
                    "zone_from": 13,
                    "zone_to": 27
                },
                {
                    "req_id": 756025638,
                    "timesteps_left": 5,
                    "zone_from": 32,
                    "zone_to": 42
                },
                {
                    "req_id": 31195747,
                    "timesteps_left": 5,
                    "zone_from": 38,
                    "zone_to": 42
                },
                {
                    "req_id": 1789642841,
                    "timesteps_left": 5,
                    "zone_from": 26,
                    "zone_to": 19
                },
                {
                    "req_id": 732125622,
                    "timesteps_left": 5,
                    "zone_from": 51,
                    "zone_to": 16
                },
                {
                    "req_id": 1731095080,
                    "timesteps_left": 5,
                    "zone_from": 41,
                    "zone_to": 46
                },
                {
                    "req_id": 1232561503,
                    "timesteps_left": 5,
                    "zone_from": 9,
                    "zone_to": 61
                },
                {
                    "req_id": 1473707592,
                    "timesteps_left": 5,
                    "zone_from": 33,
                    "zone_to": 50
                },
                {
                    "req_id": 475705975,
                    "timesteps_left": 5,
                    "zone_from": 32,
                    "zone_to": 48
                }
            ],
            "cars": []
        },
        {
            "t": 2,
            "reqs": [
                {
                    "req_id": 236907210,
                    "timesteps_left": 3,
                    "zone_from": 13,
                    "zone_to": 32
                },
                {
                    "req_id": 1025243838,
                    "timesteps_left": 3,
                    "zone_from": 18,
                    "zone_to": 20
                },
                {
                    "req_id": 1872818561,
                    "timesteps_left": 3,
                    "zone_from": 37,
                    "zone_to": 34
                },
                {
                    "req_id": 2120793243,
                    "timesteps_left": 3,
                    "zone_from": 19,
                    "zone_to": 17
                },
                {
                    "req_id": 602109714,
                    "timesteps_left": 3,
                    "zone_from": 37,
                    "zone_to": 60
                },
                {
                    "req_id": 1762420671,
                    "timesteps_left": 4,
                    "zone_from": 48,
                    "zone_to": 23
                },
                {
                    "req_id": 1612332541,
                    "timesteps_left": 4,
                    "zone_from": 13,
                    "zone_to": 27
                },
                {
                    "req_id": 756025638,
                    "timesteps_left": 4,
                    "zone_from": 32,
                    "zone_to": 42
                },
                {
                    "req_id": 31195747,
                    "timesteps_left": 4,
                    "zone_from": 38,
                    "zone_to": 42
                },
                {
                    "req_id": 1789642841,
                    "timesteps_left": 4,
                    "zone_from": 26,
                    "zone_to": 19
                },
                {
                    "req_id": 732125622,
                    "timesteps_left": 4,
                    "zone_from": 51,
                    "zone_to": 16
                },
                {
                    "req_id": 1473707592,
                    "timesteps_left": 4,
                    "zone_from": 33,
                    "zone_to": 50
                },
                {
                    "req_id": 475705975,
                    "timesteps_left": 4,
                    "zone_from": 32,
                    "zone_to": 48
                },
                {
                    "req_id": 1833243137,
                    "timesteps_left": 3,
                    "zone_from": 39,
                    "zone_to": 28
                },
                {
                    "req_id": 1255308741,
                    "timesteps_left": 3,
                    "zone_from": 28,
                    "zone_to": 27
                },
                {
                    "req_id": 1731095080,
                    "timesteps_left": 4,
                    "zone_from": 41,
                    "zone_to": 46
                },
                {
                    "req_id": 74541110,
                    "timesteps_left": 3,
                    "zone_from": 53,
                    "zone_to": 52
                },
                {
                    "req_id": 718624317,
                    "timesteps_left": 3,
                    "zone_from": 53,
                    "zone_to": 62
                },
                {
                    "req_id": 1232561503,
                    "timesteps_left": 4,
                    "zone_from": 9,
                    "zone_to": 61
                },
                {
                    "req_id": 1995276906,
                    "timesteps_left": 3,
                    "zone_from": 61,
                    "zone_to": 27
                },
                {
                    "req_id": 421235485,
                    "timesteps_left": 5,
                    "zone_from": 16,
                    "zone_to": 18
                },
                {
                    "req_id": 1131650477,
                    "timesteps_left": 5,
                    "zone_from": 35,
                    "zone_to": 47
                },
                {
                    "req_id": 1556391086,
                    "timesteps_left": 5,
                    "zone_from": 15,
                    "zone_to": 18
                },
                {
                    "req_id": 1593820039,
                    "timesteps_left": 5,
                    "zone_from": 61,
                    "zone_to": 8
                },
                {
                    "req_id": 319502517,
                    "timesteps_left": 5,
                    "zone_from": 54,
                    "zone_to": 10
                },
                {
                    "req_id": 1742198826,
                    "timesteps_left": 5,
                    "zone_from": 13,
                    "zone_to": 42
                },
                {
                    "req_id": 262079829,
                    "timesteps_left": 5,
                    "zone_from": 10,
                    "zone_to": 27
                },
                {
                    "req_id": 527963758,
                    "timesteps_left": 5,
                    "zone_from": 6,
                    "zone_to": 60
                },
                {
                    "req_id": 2045115860,
                    "timesteps_left": 5,
                    "zone_from": 28,
                    "zone_to": 52
                },
                {
                    "req_id": 227920784,
                    "timesteps_left": 5,
                    "zone_from": 59,
                    "zone_to": 55
                }
            ],
            "cars": []
        },
        {
            "t": 3,
            "reqs": [
                {
                    "req_id": 236907210,
                    "timesteps_left": 2,
                    "zone_from": 13,
                    "zone_to": 32
                },
                {
                    "req_id": 1872818561,
                    "timesteps_left": 2,
                    "zone_from": 37,
                    "zone_to": 34
                },
                {
                    "req_id": 1762420671,
                    "timesteps_left": 3,
                    "zone_from": 48,
                    "zone_to": 23
                },
                {
                    "req_id": 1612332541,
                    "timesteps_left": 3,
                    "zone_from": 13,
                    "zone_to": 27
                },
                {
                    "req_id": 1789642841,
                    "timesteps_left": 3,
                    "zone_from": 26,
                    "zone_to": 19
                },
                {
                    "req_id": 732125622,
                    "timesteps_left": 3,
                    "zone_from": 51,
                    "zone_to": 16
                },
                {
                    "req_id": 1473707592,
                    "timesteps_left": 3,
                    "zone_from": 33,
                    "zone_to": 50
                },
                {
                    "req_id": 475705975,
                    "timesteps_left": 3,
                    "zone_from": 32,
                    "zone_to": 48
                },
                {
                    "req_id": 1731095080,
                    "timesteps_left": 3,
                    "zone_from": 41,
                    "zone_to": 46
                },
                {
                    "req_id": 1131650477,
                    "timesteps_left": 4,
                    "zone_from": 35,
                    "zone_to": 47
                },
                {
                    "req_id": 1593820039,
                    "timesteps_left": 4,
                    "zone_from": 61,
                    "zone_to": 8
                },
                {
                    "req_id": 319502517,
                    "timesteps_left": 4,
                    "zone_from": 54,
                    "zone_to": 10
                },
                {
                    "req_id": 227920784,
                    "timesteps_left": 4,
                    "zone_from": 59,
                    "zone_to": 55
                },
                {
                    "req_id": 602109714,
                    "timesteps_left": 2,
                    "zone_from": 37,
                    "zone_to": 60
                },
                {
                    "req_id": 527963758,
                    "timesteps_left": 4,
                    "zone_from": 6,
                    "zone_to": 60
                },
                {
                    "req_id": 74541110,
                    "timesteps_left": 2,
                    "zone_from": 53,
                    "zone_to": 52
                },
                {
                    "req_id": 2045115860,
                    "timesteps_left": 4,
                    "zone_from": 28,
                    "zone_to": 52
                },
                {
                    "req_id": 718624317,
                    "timesteps_left": 2,
                    "zone_from": 53,
                    "zone_to": 62
                },
                {
                    "req_id": 1232561503,
                    "timesteps_left": 3,
                    "zone_from": 9,
                    "zone_to": 61
                },
                {
                    "req_id": 756025638,
                    "timesteps_left": 3,
                    "zone_from": 32,
                    "zone_to": 42
                },
                {
                    "req_id": 1742198826,
                    "timesteps_left": 4,
                    "zone_from": 13,
                    "zone_to": 42
                },
                {
                    "req_id": 31195747,
                    "timesteps_left": 3,
                    "zone_from": 38,
                    "zone_to": 42
                },
                {
                    "req_id": 1025243838,
                    "timesteps_left": 2,
                    "zone_from": 18,
                    "zone_to": 20
                },
                {
                    "req_id": 1556391086,
                    "timesteps_left": 4,
                    "zone_from": 15,
                    "zone_to": 18
                },
                {
                    "req_id": 2120793243,
                    "timesteps_left": 2,
                    "zone_from": 19,
                    "zone_to": 17
                },
                {
                    "req_id": 421235485,
                    "timesteps_left": 4,
                    "zone_from": 16,
                    "zone_to": 18
                },
                {
                    "req_id": 1833243137,
                    "timesteps_left": 2,
                    "zone_from": 39,
                    "zone_to": 28
                },
                {
                    "req_id": 1255308741,
                    "timesteps_left": 2,
                    "zone_from": 28,
                    "zone_to": 27
                },
                {
                    "req_id": 262079829,
                    "timesteps_left": 4,
                    "zone_from": 10,
                    "zone_to": 27
                },
                {
                    "req_id": 1995276906,
                    "timesteps_left": 2,
                    "zone_from": 61,
                    "zone_to": 27
                },
                {
                    "req_id": 1380722237,
                    "timesteps_left": 5,
                    "zone_from": 39,
                    "zone_to": 41
                },
                {
                    "req_id": 1139734945,
                    "timesteps_left": 5,
                    "zone_from": 36,
                    "zone_to": 36
                },
                {
                    "req_id": 2108107656,
                    "timesteps_left": 5,
                    "zone_from": 41,
                    "zone_to": 32
                },
                {
                    "req_id": 559066891,
                    "timesteps_left": 5,
                    "zone_from": 53,
                    "zone_to": 27
                },
                {
                    "req_id": 707861010,
                    "timesteps_left": 5,
                    "zone_from": 35,
                    "zone_to": 32
                },
                {
                    "req_id": 1118083041,
                    "timesteps_left": 5,
                    "zone_from": 9,
                    "zone_to": 4
                },
                {
                    "req_id": 1197403104,
                    "timesteps_left": 5,
                    "zone_from": 59,
                    "zone_to": 10
                },
                {
                    "req_id": 1125296885,
                    "timesteps_left": 5,
                    "zone_from": 46,
                    "zone_to": 59
                },
                {
                    "req_id": 1269421266,
                    "timesteps_left": 5,
                    "zone_from": 8,
                    "zone_to": 55
                },
                {
                    "req_id": 508793152,
                    "timesteps_left": 5,
                    "zone_from": 28,
                    "zone_to": 27
                }
            ],
            "cars": []
        },
        {
            "t": 4,
            "reqs": [
                {
                    "req_id": 236907210,
                    "timesteps_left": 1,
                    "zone_from": 13,
                    "zone_to": 32
                },
                {
                    "req_id": 1872818561,
                    "timesteps_left": 1,
                    "zone_from": 37,
                    "zone_to": 34
                },
                {
                    "req_id": 1762420671,
                    "timesteps_left": 2,
                    "zone_from": 48,
                    "zone_to": 23
                },
                {
                    "req_id": 1612332541,
                    "timesteps_left": 2,
                    "zone_from": 13,
                    "zone_to": 27
                },
                {
                    "req_id": 732125622,
                    "timesteps_left": 2,
                    "zone_from": 51,
                    "zone_to": 16
                },
                {
                    "req_id": 1473707592,
                    "timesteps_left": 2,
                    "zone_from": 33,
                    "zone_to": 50
                },
                {
                    "req_id": 475705975,
                    "timesteps_left": 2,
                    "zone_from": 32,
                    "zone_to": 48
                },
                {
                    "req_id": 1131650477,
                    "timesteps_left": 3,
                    "zone_from": 35,
                    "zone_to": 47
                },
                {
                    "req_id": 319502517,
                    "timesteps_left": 3,
                    "zone_from": 54,
                    "zone_to": 10
                },
                {
                    "req_id": 227920784,
                    "timesteps_left": 3,
                    "zone_from": 59,
                    "zone_to": 55
                },
                {
                    "req_id": 2045115860,
                    "timesteps_left": 3,
                    "zone_from": 28,
                    "zone_to": 52
                },
                {
                    "req_id": 262079829,
                    "timesteps_left": 3,
                    "zone_from": 10,
                    "zone_to": 27
                },
                {
                    "req_id": 2108107656,
                    "timesteps_left": 4,
                    "zone_from": 41,
                    "zone_to": 32
                },
                {
                    "req_id": 707861010,
                    "timesteps_left": 4,
                    "zone_from": 35,
                    "zone_to": 32
                },
                {
                    "req_id": 1118083041,
                    "timesteps_left": 4,
                    "zone_from": 9,
                    "zone_to": 4
                },
                {
                    "req_id": 1269421266,
                    "timesteps_left": 4,
                    "zone_from": 8,
                    "zone_to": 55
                },
                {
                    "req_id": 602109714,
                    "timesteps_left": 1,
                    "zone_from": 37,
                    "zone_to": 60
                },
                {
                    "req_id": 527963758,
                    "timesteps_left": 3,
                    "zone_from": 6,
                    "zone_to": 60
                },
                {
                    "req_id": 74541110,
                    "timesteps_left": 1,
                    "zone_from": 53,
                    "zone_to": 52
                },
                {
                    "req_id": 718624317,
                    "timesteps_left": 1,
                    "zone_from": 53,
                    "zone_to": 62
                },
                {
                    "req_id": 1232561503,
                    "timesteps_left": 2,
                    "zone_from": 9,
                    "zone_to": 61
                },
                {
                    "req_id": 559066891,
                    "timesteps_left": 4,
                    "zone_from": 53,
                    "zone_to": 27
                },
                {
                    "req_id": 1255308741,
                    "timesteps_left": 1,
                    "zone_from": 28,
                    "zone_to": 27
                },
                {
                    "req_id": 508793152,
                    "timesteps_left": 4,
                    "zone_from": 28,
                    "zone_to": 27
                },
                {
                    "req_id": 1789642841,
                    "timesteps_left": 2,
                    "zone_from": 26,
                    "zone_to": 19
                },
                {
                    "req_id": 1125296885,
                    "timesteps_left": 4,
                    "zone_from": 46,
                    "zone_to": 59
                },
                {
                    "req_id": 1197403104,
                    "timesteps_left": 4,
                    "zone_from": 59,
                    "zone_to": 10
                },
                {
                    "req_id": 1833243137,
                    "timesteps_left": 1,
                    "zone_from": 39,
                    "zone_to": 28
                },
                {
                    "req_id": 1380722237,
                    "timesteps_left": 4,
                    "zone_from": 39,
                    "zone_to": 41
                },
                {
                    "req_id": 1731095080,
                    "timesteps_left": 2,
                    "zone_from": 41,
                    "zone_to": 46
                },
                {
                    "req_id": 1593820039,
                    "timesteps_left": 3,
                    "zone_from": 61,
                    "zone_to": 8
                },
                {
                    "req_id": 1139734945,
                    "timesteps_left": 4,
                    "zone_from": 36,
                    "zone_to": 36
                },
                {
                    "req_id": 1995276906,
                    "timesteps_left": 1,
                    "zone_from": 61,
                    "zone_to": 27
                },
                {
                    "req_id": 756025638,
                    "timesteps_left": 2,
                    "zone_from": 32,
                    "zone_to": 42
                },
                {
                    "req_id": 1742198826,
                    "timesteps_left": 3,
                    "zone_from": 13,
                    "zone_to": 42
                },
                {
                    "req_id": 31195747,
                    "timesteps_left": 2,
                    "zone_from": 38,
                    "zone_to": 42
                },
                {
                    "req_id": 1025243838,
                    "timesteps_left": 1,
                    "zone_from": 18,
                    "zone_to": 20
                },
                {
                    "req_id": 1556391086,
                    "timesteps_left": 3,
                    "zone_from": 15,
                    "zone_to": 18
                },
                {
                    "req_id": 2120793243,
                    "timesteps_left": 1,
                    "zone_from": 19,
                    "zone_to": 17
                },
                {
                    "req_id": 421235485,
                    "timesteps_left": 3,
                    "zone_from": 16,
                    "zone_to": 18
                },
                {
                    "req_id": 1294103700,
                    "timesteps_left": 5,
                    "zone_from": 2,
                    "zone_to": 46
                },
                {
                    "req_id": 1200751598,
                    "timesteps_left": 5,
                    "zone_from": 36,
                    "zone_to": 51
                },
                {
                    "req_id": 1906530675,
                    "timesteps_left": 5,
                    "zone_from": 32,
                    "zone_to": 13
                },
                {
                    "req_id": 1125132019,
                    "timesteps_left": 5,
                    "zone_from": 32,
                    "zone_to": 55
                },
                {
                    "req_id": 617422860,
                    "timesteps_left": 5,
                    "zone_from": 8,
                    "zone_to": 31
                },
                {
                    "req_id": 1903873338,
                    "timesteps_left": 5,
                    "zone_from": 29,
                    "zone_to": 42
                },
                {
                    "req_id": 646983503,
                    "timesteps_left": 5,
                    "zone_from": 44,
                    "zone_to": 41
                },
                {
                    "req_id": 174496361,
                    "timesteps_left": 5,
                    "zone_from": 16,
                    "zone_to": 61
                },
                {
                    "req_id": 1695801373,
                    "timesteps_left": 5,
                    "zone_from": 41,
                    "zone_to": 36
                },
                {
                    "req_id": 2021228917,
                    "timesteps_left": 5,
                    "zone_from": 18,
                    "zone_to": 13
                }
            ],
            "cars": []
        },
        {
            "t": 5,
            "reqs": [
                {
                    "req_id": 236907210,
                    "timesteps_left": 0,
                    "zone_from": 13,
                    "zone_to": 32
                },
                {
                    "req_id": 732125622,
                    "timesteps_left": 1,
                    "zone_from": 51,
                    "zone_to": 16
                },
                {
                    "req_id": 1473707592,
                    "timesteps_left": 1,
                    "zone_from": 33,
                    "zone_to": 50
                },
                {
                    "req_id": 1131650477,
                    "timesteps_left": 2,
                    "zone_from": 35,
                    "zone_to": 47
                },
                {
                    "req_id": 319502517,
                    "timesteps_left": 2,
                    "zone_from": 54,
                    "zone_to": 10
                },
                {
                    "req_id": 2045115860,
                    "timesteps_left": 2,
                    "zone_from": 28,
                    "zone_to": 52
                },
                {
                    "req_id": 262079829,
                    "timesteps_left": 2,
                    "zone_from": 10,
                    "zone_to": 27
                },
                {
                    "req_id": 2108107656,
                    "timesteps_left": 3,
                    "zone_from": 41,
                    "zone_to": 32
                },
                {
                    "req_id": 707861010,
                    "timesteps_left": 3,
                    "zone_from": 35,
                    "zone_to": 32
                },
                {
                    "req_id": 1118083041,
                    "timesteps_left": 3,
                    "zone_from": 9,
                    "zone_to": 4
                },
                {
                    "req_id": 1269421266,
                    "timesteps_left": 3,
                    "zone_from": 8,
                    "zone_to": 55
                },
                {
                    "req_id": 1593820039,
                    "timesteps_left": 2,
                    "zone_from": 61,
                    "zone_to": 8
                },
                {
                    "req_id": 1294103700,
                    "timesteps_left": 4,
                    "zone_from": 2,
                    "zone_to": 46
                },
                {
                    "req_id": 617422860,
                    "timesteps_left": 4,
                    "zone_from": 8,
                    "zone_to": 31
                },
                {
                    "req_id": 646983503,
                    "timesteps_left": 4,
                    "zone_from": 44,
                    "zone_to": 41
                },
                {
                    "req_id": 1695801373,
                    "timesteps_left": 4,
                    "zone_from": 41,
                    "zone_to": 36
                },
                {
                    "req_id": 1872818561,
                    "timesteps_left": 0,
                    "zone_from": 37,
                    "zone_to": 34
                },
                {
                    "req_id": 1139734945,
                    "timesteps_left": 3,
                    "zone_from": 36,
                    "zone_to": 36
                },
                {
                    "req_id": 602109714,
                    "timesteps_left": 0,
                    "zone_from": 37,
                    "zone_to": 60
                },
                {
                    "req_id": 527963758,
                    "timesteps_left": 2,
                    "zone_from": 6,
                    "zone_to": 60
                },
                {
                    "req_id": 74541110,
                    "timesteps_left": 0,
                    "zone_from": 53,
                    "zone_to": 52
                },
                {
                    "req_id": 718624317,
                    "timesteps_left": 0,
                    "zone_from": 53,
                    "zone_to": 62
                },
                {
                    "req_id": 1232561503,
                    "timesteps_left": 1,
                    "zone_from": 9,
                    "zone_to": 61
                },
                {
                    "req_id": 559066891,
                    "timesteps_left": 3,
                    "zone_from": 53,
                    "zone_to": 27
                },
                {
                    "req_id": 1255308741,
                    "timesteps_left": 0,
                    "zone_from": 28,
                    "zone_to": 27
                },
                {
                    "req_id": 508793152,
                    "timesteps_left": 3,
                    "zone_from": 28,
                    "zone_to": 27
                },
                {
                    "req_id": 31195747,
                    "timesteps_left": 1,
                    "zone_from": 38,
                    "zone_to": 42
                },
                {
                    "req_id": 1903873338,
                    "timesteps_left": 4,
                    "zone_from": 29,
                    "zone_to": 42
                },
                {
                    "req_id": 1789642841,
                    "timesteps_left": 1,
                    "zone_from": 26,
                    "zone_to": 19
                },
                {
                    "req_id": 1125296885,
                    "timesteps_left": 3,
                    "zone_from": 46,
                    "zone_to": 59
                },
                {
                    "req_id": 1197403104,
                    "timesteps_left": 3,
                    "zone_from": 59,
                    "zone_to": 10
                },
                {
                    "req_id": 1833243137,
                    "timesteps_left": 0,
                    "zone_from": 39,
                    "zone_to": 28
                },
                {
                    "req_id": 1380722237,
                    "timesteps_left": 3,
                    "zone_from": 39,
                    "zone_to": 41
                },
                {
                    "req_id": 1731095080,
                    "timesteps_left": 1,
                    "zone_from": 41,
                    "zone_to": 46
                },
                {
                    "req_id": 756025638,
                    "timesteps_left": 1,
                    "zone_from": 32,
                    "zone_to": 42
                },
                {
                    "req_id": 1742198826,
                    "timesteps_left": 2,
                    "zone_from": 13,
                    "zone_to": 42
                },
                {
                    "req_id": 1906530675,
                    "timesteps_left": 4,
                    "zone_from": 32,
                    "zone_to": 13
                },
                {
                    "req_id": 227920784,
                    "timesteps_left": 2,
                    "zone_from": 59,
                    "zone_to": 55
                },
                {
                    "req_id": 1125132019,
                    "timesteps_left": 4,
                    "zone_from": 32,
                    "zone_to": 55
                },
                {
                    "req_id": 1762420671,
                    "timesteps_left": 1,
                    "zone_from": 48,
                    "zone_to": 23
                },
                {
                    "req_id": 475705975,
                    "timesteps_left": 1,
                    "zone_from": 32,
                    "zone_to": 48
                },
                {
                    "req_id": 1025243838,
                    "timesteps_left": 0,
                    "zone_from": 18,
                    "zone_to": 20
                },
                {
                    "req_id": 1556391086,
                    "timesteps_left": 2,
                    "zone_from": 15,
                    "zone_to": 18
                },
                {
                    "req_id": 2120793243,
                    "timesteps_left": 0,
                    "zone_from": 19,
                    "zone_to": 17
                },
                {
                    "req_id": 1200751598,
                    "timesteps_left": 4,
                    "zone_from": 36,
                    "zone_to": 51
                },
                {
                    "req_id": 421235485,
                    "timesteps_left": 2,
                    "zone_from": 16,
                    "zone_to": 18
                },
                {
                    "req_id": 174496361,
                    "timesteps_left": 4,
                    "zone_from": 16,
                    "zone_to": 61
                },
                {
                    "req_id": 1995276906,
                    "timesteps_left": 0,
                    "zone_from": 61,
                    "zone_to": 27
                },
                {
                    "req_id": 1612332541,
                    "timesteps_left": 1,
                    "zone_from": 13,
                    "zone_to": 27
                },
                {
                    "req_id": 2021228917,
                    "timesteps_left": 4,
                    "zone_from": 18,
                    "zone_to": 13
                },
                {
                    "req_id": 685658444,
                    "timesteps_left": 5,
                    "zone_from": 13,
                    "zone_to": 50
                },
                {
                    "req_id": 327460877,
                    "timesteps_left": 5,
                    "zone_from": 48,
                    "zone_to": 20
                },
                {
                    "req_id": 1855041783,
                    "timesteps_left": 5,
                    "zone_from": 35,
                    "zone_to": 2
                },
                {
                    "req_id": 382985372,
                    "timesteps_left": 5,
                    "zone_from": 47,
                    "zone_to": 47
                },
                {
                    "req_id": 1676699360,
                    "timesteps_left": 5,
                    "zone_from": 13,
                    "zone_to": 3
                },
                {
                    "req_id": 1846681661,
                    "timesteps_left": 5,
                    "zone_from": 42,
                    "zone_to": 3
                },
                {
                    "req_id": 1291652847,
                    "timesteps_left": 5,
                    "zone_from": 18,
                    "zone_to": 41
                },
                {
                    "req_id": 1893049576,
                    "timesteps_left": 5,
                    "zone_from": 39,
                    "zone_to": 30
                },
                {
                    "req_id": 84859079,
                    "timesteps_left": 5,
                    "zone_from": 10,
                    "zone_to": 31
                },
                {
                    "req_id": 1776200159,
                    "timesteps_left": 5,
                    "zone_from": 19,
                    "zone_to": 48
                }
            ],
            "cars": [
                {
                    "car_id": 1177450327,
                    "n_reqs": 2,
                    "reqs_in_car": [
                        1872818561,
                        1139734945
                    ],
                    "path": [
                        37,
                        36,
                        36,
                        34
                    ],
                    "reward": 0.0833333,
                    "icds": [
                        0,
                        0
                    ],
                    "dist_red": 0.0
                },
                {
                    "car_id": 367207217,
                    "n_reqs": 2,
                    "reqs_in_car": [
                        602109714,
                        527963758
                    ],
                    "path": [
                        6,
                        37,
                        60,
                        60
                    ],
                    "reward": 0.129592,
                    "icds": [
                        0,
                        248
                    ],
                    "dist_red": 11699.0
                },
                {
                    "car_id": 1014158869,
                    "n_reqs": 2,
                    "reqs_in_car": [
                        74541110,
                        718624317
                    ],
                    "path": [
                        53,
                        53,
                        52,
                        62
                    ],
                    "reward": 0.123349,
                    "icds": [
                        0,
                        79
                    ],
                    "dist_red": 1520.0
                },
                {
                    "car_id": 695970938,
                    "n_reqs": 2,
                    "reqs_in_car": [
                        1255308741,
                        1255308741
                    ],
                    "path": [
                        28,
                        28,
                        27,
                        27
                    ],
                    "reward": 0.25,
                    "icds": [
                        0,
                        0
                    ],
                    "dist_red": 690.0
                },
                {
                    "car_id": 904022741,
                    "n_reqs": 3,
                    "reqs_in_car": [
                        1833243137,
                        1380722237,
                        1731095080
                    ],
                    "path": [
                        39,
                        39,
                        41,
                        41,
                        46,
                        28
                    ],
                    "reward": 0.205501,
                    "icds": [
                        211,
                        0,
                        0
                    ],
                    "dist_red": 2266.0
                },
                {
                    "car_id": 533120429,
                    "n_reqs": 4,
                    "reqs_in_car": [
                        1025243838,
                        1556391086,
                        2120793243,
                        1200751598
                    ],
                    "path": [
                        15,
                        18,
                        20,
                        19,
                        17,
                        36,
                        51,
                        18
                    ],
                    "reward": 0.068,
                    "icds": [
                        0,
                        0,
                        0,
                        0
                    ],
                    "dist_red": -4095.0
                },
                {
                    "car_id": 1541144203,
                    "n_reqs": 5,
                    "reqs_in_car": [
                        421235485,
                        174496361,
                        1995276906,
                        1612332541,
                        2021228917
                    ],
                    "path": [
                        16,
                        16,
                        18,
                        18,
                        13,
                        13,
                        27,
                        61,
                        27,
                        61
                    ],
                    "reward": 0.330582,
                    "icds": [
                        0,
                        772,
                        0,
                        0,
                        0
                    ],
                    "dist_red": 6089.0
                }
            ]
        },
        {
            "t": 6,
            "reqs": [
                {
                    "req_id": 732125622,
                    "timesteps_left": 0,
                    "zone_from": 51,
                    "zone_to": 16
                },
                {
                    "req_id": 1473707592,
                    "timesteps_left": 0,
                    "zone_from": 33,
                    "zone_to": 50
                },
                {
                    "req_id": 1131650477,
                    "timesteps_left": 1,
                    "zone_from": 35,
                    "zone_to": 47
                },
                {
                    "req_id": 2045115860,
                    "timesteps_left": 1,
                    "zone_from": 28,
                    "zone_to": 52
                },
                {
                    "req_id": 262079829,
                    "timesteps_left": 1,
                    "zone_from": 10,
                    "zone_to": 27
                },
                {
                    "req_id": 2108107656,
                    "timesteps_left": 2,
                    "zone_from": 41,
                    "zone_to": 32
                },
                {
                    "req_id": 1118083041,
                    "timesteps_left": 2,
                    "zone_from": 9,
                    "zone_to": 4
                },
                {
                    "req_id": 1593820039,
                    "timesteps_left": 1,
                    "zone_from": 61,
                    "zone_to": 8
                },
                {
                    "req_id": 1294103700,
                    "timesteps_left": 3,
                    "zone_from": 2,
                    "zone_to": 46
                },
                {
                    "req_id": 1695801373,
                    "timesteps_left": 3,
                    "zone_from": 41,
                    "zone_to": 36
                },
                {
                    "req_id": 756025638,
                    "timesteps_left": 0,
                    "zone_from": 32,
                    "zone_to": 42
                },
                {
                    "req_id": 227920784,
                    "timesteps_left": 1,
                    "zone_from": 59,
                    "zone_to": 55
                },
                {
                    "req_id": 1893049576,
                    "timesteps_left": 4,
                    "zone_from": 39,
                    "zone_to": 30
                },
                {
                    "req_id": 1776200159,
                    "timesteps_left": 4,
                    "zone_from": 19,
                    "zone_to": 48
                },
                {
                    "req_id": 707861010,
                    "timesteps_left": 2,
                    "zone_from": 35,
                    "zone_to": 32
                },
                {
                    "req_id": 1855041783,
                    "timesteps_left": 4,
                    "zone_from": 35,
                    "zone_to": 2
                },
                {
                    "req_id": 646983503,
                    "timesteps_left": 3,
                    "zone_from": 44,
                    "zone_to": 41
                },
                {
                    "req_id": 1291652847,
                    "timesteps_left": 4,
                    "zone_from": 18,
                    "zone_to": 41
                },
                {
                    "req_id": 1232561503,
                    "timesteps_left": 0,
                    "zone_from": 9,
                    "zone_to": 61
                },
                {
                    "req_id": 559066891,
                    "timesteps_left": 2,
                    "zone_from": 53,
                    "zone_to": 27
                },
                {
                    "req_id": 31195747,
                    "timesteps_left": 0,
                    "zone_from": 38,
                    "zone_to": 42
                },
                {
                    "req_id": 1903873338,
                    "timesteps_left": 3,
                    "zone_from": 29,
                    "zone_to": 42
                },
                {
                    "req_id": 1789642841,
                    "timesteps_left": 0,
                    "zone_from": 26,
                    "zone_to": 19
                },
                {
                    "req_id": 1125296885,
                    "timesteps_left": 2,
                    "zone_from": 46,
                    "zone_to": 59
                },
                {
                    "req_id": 1197403104,
                    "timesteps_left": 2,
                    "zone_from": 59,
                    "zone_to": 10
                },
                {
                    "req_id": 1676699360,
                    "timesteps_left": 4,
                    "zone_from": 13,
                    "zone_to": 3
                },
                {
                    "req_id": 1846681661,
                    "timesteps_left": 4,
                    "zone_from": 42,
                    "zone_to": 3
                },
                {
                    "req_id": 1742198826,
                    "timesteps_left": 1,
                    "zone_from": 13,
                    "zone_to": 42
                },
                {
                    "req_id": 319502517,
                    "timesteps_left": 1,
                    "zone_from": 54,
                    "zone_to": 10
                },
                {
                    "req_id": 1269421266,
                    "timesteps_left": 2,
                    "zone_from": 8,
                    "zone_to": 55
                },
                {
                    "req_id": 1125132019,
                    "timesteps_left": 3,
                    "zone_from": 32,
                    "zone_to": 55
                },
                {
                    "req_id": 382985372,
                    "timesteps_left": 4,
                    "zone_from": 47,
                    "zone_to": 47
                },
                {
                    "req_id": 685658444,
                    "timesteps_left": 4,
                    "zone_from": 13,
                    "zone_to": 50
                },
                {
                    "req_id": 1906530675,
                    "timesteps_left": 3,
                    "zone_from": 32,
                    "zone_to": 13
                },
                {
                    "req_id": 617422860,
                    "timesteps_left": 3,
                    "zone_from": 8,
                    "zone_to": 31
                },
                {
                    "req_id": 84859079,
                    "timesteps_left": 4,
                    "zone_from": 10,
                    "zone_to": 31
                },
                {
                    "req_id": 475705975,
                    "timesteps_left": 0,
                    "zone_from": 32,
                    "zone_to": 48
                },
                {
                    "req_id": 327460877,
                    "timesteps_left": 4,
                    "zone_from": 48,
                    "zone_to": 20
                },
                {
                    "req_id": 1762420671,
                    "timesteps_left": 0,
                    "zone_from": 48,
                    "zone_to": 23
                },
                {
                    "req_id": 1199869747,
                    "timesteps_left": 5,
                    "zone_from": 13,
                    "zone_to": 28
                },
                {
                    "req_id": 254710748,
                    "timesteps_left": 5,
                    "zone_from": 55,
                    "zone_to": 11
                },
                {
                    "req_id": 588778560,
                    "timesteps_left": 5,
                    "zone_from": 14,
                    "zone_to": 31
                },
                {
                    "req_id": 2054837178,
                    "timesteps_left": 5,
                    "zone_from": 13,
                    "zone_to": 59
                },
                {
                    "req_id": 229549587,
                    "timesteps_left": 5,
                    "zone_from": 26,
                    "zone_to": 54
                },
                {
                    "req_id": 211186992,
                    "timesteps_left": 5,
                    "zone_from": 37,
                    "zone_to": 26
                },
                {
                    "req_id": 1629470626,
                    "timesteps_left": 5,
                    "zone_from": 12,
                    "zone_to": 11
                },
                {
                    "req_id": 1263136804,
                    "timesteps_left": 5,
                    "zone_from": 32,
                    "zone_to": 42
                },
                {
                    "req_id": 1330536071,
                    "timesteps_left": 5,
                    "zone_from": 37,
                    "zone_to": 46
                },
                {
                    "req_id": 287393089,
                    "timesteps_left": 5,
                    "zone_from": 36,
                    "zone_to": 47
                }
            ],
            "cars": [
                {
                    "car_id": 183810064,
                    "n_reqs": 2,
                    "reqs_in_car": [
                        756025638,
                        756025638
                    ],
                    "path": [
                        32,
                        32,
                        42,
                        42
                    ],
                    "reward": 0.25,
                    "icds": [
                        0,
                        0
                    ],
                    "dist_red": 7152.0
                },
                {
                    "car_id": 1517153338,
                    "n_reqs": 2,
                    "reqs_in_car": [
                        1232561503,
                        559066891
                    ],
                    "path": [
                        9,
                        53,
                        27,
                        61
                    ],
                    "reward": 0.0384574,
                    "icds": [
                        198,
                        0
                    ],
                    "dist_red": 1123.0
                },
                {
                    "car_id": 515975979,
                    "n_reqs": 2,
                    "reqs_in_car": [
                        31195747,
                        1903873338
                    ],
                    "path": [
                        29,
                        38,
                        42,
                        42
                    ],
                    "reward": 0.0390891,
                    "icds": [
                        0,
                        265
                    ],
                    "dist_red": 1922.0
                },
                {
                    "car_id": 117857804,
                    "n_reqs": 2,
                    "reqs_in_car": [
                        327460877,
                        1762420671
                    ],
                    "path": [
                        48,
                        48,
                        23,
                        20
                    ],
                    "reward": 0.148529,
                    "icds": [
                        44,
                        0
                    ],
                    "dist_red": 1225.0
                },
                {
                    "car_id": 352740150,
                    "n_reqs": 4,
                    "reqs_in_car": [
                        1789642841,
                        1125296885,
                        211186992,
                        1197403104
                    ],
                    "path": [
                        46,
                        37,
                        26,
                        26,
                        19,
                        59,
                        10,
                        59
                    ],
                    "reward": 0.182363,
                    "icds": [
                        0,
                        554,
                        0,
                        0
                    ],
                    "dist_red": 2889.0
                }
            ]
        },
        {
            "t": 7,
            "reqs": [
                {
                    "req_id": 1131650477,
                    "timesteps_left": 0,
                    "zone_from": 35,
                    "zone_to": 47
                },
                {
                    "req_id": 262079829,
                    "timesteps_left": 0,
                    "zone_from": 10,
                    "zone_to": 27
                },
                {
                    "req_id": 2108107656,
                    "timesteps_left": 1,
                    "zone_from": 41,
                    "zone_to": 32
                },
                {
                    "req_id": 1118083041,
                    "timesteps_left": 1,
                    "zone_from": 9,
                    "zone_to": 4
                },
                {
                    "req_id": 1593820039,
                    "timesteps_left": 0,
                    "zone_from": 61,
                    "zone_to": 8
                },
                {
                    "req_id": 1294103700,
                    "timesteps_left": 2,
                    "zone_from": 2,
                    "zone_to": 46
                },
                {
                    "req_id": 1893049576,
                    "timesteps_left": 3,
                    "zone_from": 39,
                    "zone_to": 30
                },
                {
                    "req_id": 1776200159,
                    "timesteps_left": 3,
                    "zone_from": 19,
                    "zone_to": 48
                },
                {
                    "req_id": 685658444,
                    "timesteps_left": 3,
                    "zone_from": 13,
                    "zone_to": 50
                },
                {
                    "req_id": 1330536071,
                    "timesteps_left": 4,
                    "zone_from": 37,
                    "zone_to": 46
                },
                {
                    "req_id": 2045115860,
                    "timesteps_left": 0,
                    "zone_from": 28,
                    "zone_to": 52
                },
                {
                    "req_id": 1199869747,
                    "timesteps_left": 4,
                    "zone_from": 13,
                    "zone_to": 28
                },
                {
                    "req_id": 707861010,
                    "timesteps_left": 1,
                    "zone_from": 35,
                    "zone_to": 32
                },
                {
                    "req_id": 1855041783,
                    "timesteps_left": 3,
                    "zone_from": 35,
                    "zone_to": 2
                },
                {
                    "req_id": 646983503,
                    "timesteps_left": 2,
                    "zone_from": 44,
                    "zone_to": 41
                },
                {
                    "req_id": 1291652847,
                    "timesteps_left": 3,
                    "zone_from": 18,
                    "zone_to": 41
                },
                {
                    "req_id": 254710748,
                    "timesteps_left": 4,
                    "zone_from": 55,
                    "zone_to": 11
                },
                {
                    "req_id": 1629470626,
                    "timesteps_left": 4,
                    "zone_from": 12,
                    "zone_to": 11
                },
                {
                    "req_id": 617422860,
                    "timesteps_left": 2,
                    "zone_from": 8,
                    "zone_to": 31
                },
                {
                    "req_id": 84859079,
                    "timesteps_left": 3,
                    "zone_from": 10,
                    "zone_to": 31
                },
                {
                    "req_id": 588778560,
                    "timesteps_left": 4,
                    "zone_from": 14,
                    "zone_to": 31
                },
                {
                    "req_id": 227920784,
                    "timesteps_left": 0,
                    "zone_from": 59,
                    "zone_to": 55
                },
                {
                    "req_id": 1125132019,
                    "timesteps_left": 2,
                    "zone_from": 32,
                    "zone_to": 55
                },
                {
                    "req_id": 2054837178,
                    "timesteps_left": 4,
                    "zone_from": 13,
                    "zone_to": 59
                },
                {
                    "req_id": 1906530675,
                    "timesteps_left": 2,
                    "zone_from": 32,
                    "zone_to": 13
                },
                {
                    "req_id": 1676699360,
                    "timesteps_left": 3,
                    "zone_from": 13,
                    "zone_to": 3
                },
                {
                    "req_id": 1846681661,
                    "timesteps_left": 3,
                    "zone_from": 42,
                    "zone_to": 3
                },
                {
                    "req_id": 1742198826,
                    "timesteps_left": 0,
                    "zone_from": 13,
                    "zone_to": 42
                },
                {
                    "req_id": 319502517,
                    "timesteps_left": 0,
                    "zone_from": 54,
                    "zone_to": 10
                },
                {
                    "req_id": 382985372,
                    "timesteps_left": 3,
                    "zone_from": 47,
                    "zone_to": 47
                },
                {
                    "req_id": 229549587,
                    "timesteps_left": 4,
                    "zone_from": 26,
                    "zone_to": 54
                },
                {
                    "req_id": 1269421266,
                    "timesteps_left": 1,
                    "zone_from": 8,
                    "zone_to": 55
                },
                {
                    "req_id": 287393089,
                    "timesteps_left": 4,
                    "zone_from": 36,
                    "zone_to": 47
                },
                {
                    "req_id": 1695801373,
                    "timesteps_left": 2,
                    "zone_from": 41,
                    "zone_to": 36
                },
                {
                    "req_id": 19858331,
                    "timesteps_left": 5,
                    "zone_from": 9,
                    "zone_to": 47
                },
                {
                    "req_id": 381478406,
                    "timesteps_left": 5,
                    "zone_from": 32,
                    "zone_to": 9
                },
                {
                    "req_id": 846111279,
                    "timesteps_left": 5,
                    "zone_from": 28,
                    "zone_to": 46
                },
                {
                    "req_id": 1764336130,
                    "timesteps_left": 5,
                    "zone_from": 36,
                    "zone_to": 26
                },
                {
                    "req_id": 1908171232,
                    "timesteps_left": 5,
                    "zone_from": 13,
                    "zone_to": 4
                },
                {
                    "req_id": 1838841803,
                    "timesteps_left": 5,
                    "zone_from": 13,
                    "zone_to": 14
                },
                {
                    "req_id": 1919943260,
                    "timesteps_left": 5,
                    "zone_from": 59,
                    "zone_to": 30
                },
                {
                    "req_id": 1587998846,
                    "timesteps_left": 5,
                    "zone_from": 9,
                    "zone_to": 58
                },
                {
                    "req_id": 1762025679,
                    "timesteps_left": 5,
                    "zone_from": 55,
                    "zone_to": 41
                },
                {
                    "req_id": 1865272119,
                    "timesteps_left": 5,
                    "zone_from": 41,
                    "zone_to": 19
                }
            ],
            "cars": [
                {
                    "car_id": 1921754769,
                    "n_reqs": 2,
                    "reqs_in_car": [
                        319502517,
                        1587998846
                    ],
                    "path": [
                        54,
                        9,
                        58,
                        10
                    ],
                    "reward": 0.109903,
                    "icds": [
                        45,
                        0
                    ],
                    "dist_red": 1559.0
                },
                {
                    "car_id": 1210635961,
                    "n_reqs": 3,
                    "reqs_in_car": [
                        1199869747,
                        1908171232,
                        2045115860
                    ],
                    "path": [
                        13,
                        13,
                        28,
                        28,
                        52,
                        4
                    ],
                    "reward": 0.174321,
                    "icds": [
                        0,
                        689,
                        0
                    ],
                    "dist_red": 10167.0
                },
                {
                    "car_id": 1442482986,
                    "n_reqs": 5,
                    "reqs_in_car": [
                        227920784,
                        1125132019,
                        2054837178,
                        1906530675,
                        1919943260
                    ],
                    "path": [
                        32,
                        32,
                        13,
                        13,
                        59,
                        59,
                        59,
                        30,
                        55,
                        55
                    ],
                    "reward": 0.381742,
                    "icds": [
                        338,
                        1184,
                        0,
                        0,
                        0
                    ],
                    "dist_red": 17723.0
                },
                {
                    "car_id": 1522189907,
                    "n_reqs": 5,
                    "reqs_in_car": [
                        1676699360,
                        1846681661,
                        1742198826,
                        1762025679,
                        1865272119
                    ],
                    "path": [
                        13,
                        13,
                        42,
                        3,
                        3,
                        55,
                        41,
                        41,
                        19,
                        42
                    ],
                    "reward": 0.297789,
                    "icds": [
                        668,
                        0,
                        0,
                        0,
                        0
                    ],
                    "dist_red": 6513.0
                }
            ]
        },
        {
            "t": 8,
            "reqs": [
                {
                    "req_id": 2108107656,
                    "timesteps_left": 0,
                    "zone_from": 41,
                    "zone_to": 32
                },
                {
                    "req_id": 1118083041,
                    "timesteps_left": 0,
                    "zone_from": 9,
                    "zone_to": 4
                },
                {
                    "req_id": 1294103700,
                    "timesteps_left": 1,
                    "zone_from": 2,
                    "zone_to": 46
                },
                {
                    "req_id": 1893049576,
                    "timesteps_left": 2,
                    "zone_from": 39,
                    "zone_to": 30
                },
                {
                    "req_id": 1776200159,
                    "timesteps_left": 2,
                    "zone_from": 19,
                    "zone_to": 48
                },
                {
                    "req_id": 685658444,
                    "timesteps_left": 2,
                    "zone_from": 13,
                    "zone_to": 50
                },
                {
                    "req_id": 1330536071,
                    "timesteps_left": 3,
                    "zone_from": 37,
                    "zone_to": 46
                },
                {
                    "req_id": 846111279,
                    "timesteps_left": 4,
                    "zone_from": 28,
                    "zone_to": 46
                },
                {
                    "req_id": 1764336130,
                    "timesteps_left": 4,
                    "zone_from": 36,
                    "zone_to": 26
                },
                {
                    "req_id": 1838841803,
                    "timesteps_left": 4,
                    "zone_from": 13,
                    "zone_to": 14
                },
                {
                    "req_id": 707861010,
                    "timesteps_left": 0,
                    "zone_from": 35,
                    "zone_to": 32
                },
                {
                    "req_id": 1855041783,
                    "timesteps_left": 2,
                    "zone_from": 35,
                    "zone_to": 2
                },
                {
                    "req_id": 646983503,
                    "timesteps_left": 1,
                    "zone_from": 44,
                    "zone_to": 41
                },
                {
                    "req_id": 1291652847,
                    "timesteps_left": 2,
                    "zone_from": 18,
                    "zone_to": 41
                },
                {
                    "req_id": 254710748,
                    "timesteps_left": 3,
                    "zone_from": 55,
                    "zone_to": 11
                },
                {
                    "req_id": 1629470626,
                    "timesteps_left": 3,
                    "zone_from": 12,
                    "zone_to": 11
                },
                {
                    "req_id": 19858331,
                    "timesteps_left": 4,
                    "zone_from": 9,
                    "zone_to": 47
                },
                {
                    "req_id": 381478406,
                    "timesteps_left": 4,
                    "zone_from": 32,
                    "zone_to": 9
                },
                {
                    "req_id": 617422860,
                    "timesteps_left": 1,
                    "zone_from": 8,
                    "zone_to": 31
                },
                {
                    "req_id": 84859079,
                    "timesteps_left": 2,
                    "zone_from": 10,
                    "zone_to": 31
                },
                {
                    "req_id": 588778560,
                    "timesteps_left": 3,
                    "zone_from": 14,
                    "zone_to": 31
                },
                {
                    "req_id": 382985372,
                    "timesteps_left": 2,
                    "zone_from": 47,
                    "zone_to": 47
                },
                {
                    "req_id": 287393089,
                    "timesteps_left": 3,
                    "zone_from": 36,
                    "zone_to": 47
                },
                {
                    "req_id": 229549587,
                    "timesteps_left": 3,
                    "zone_from": 26,
                    "zone_to": 54
                },
                {
                    "req_id": 1695801373,
                    "timesteps_left": 1,
                    "zone_from": 41,
                    "zone_to": 36
                },
                {
                    "req_id": 1269421266,
                    "timesteps_left": 0,
                    "zone_from": 8,
                    "zone_to": 55
                },
                {
                    "req_id": 1465193820,
                    "timesteps_left": 5,
                    "zone_from": 8,
                    "zone_to": 26
                },
                {
                    "req_id": 682515702,
                    "timesteps_left": 5,
                    "zone_from": 36,
                    "zone_to": 36
                },
                {
                    "req_id": 1758298192,
                    "timesteps_left": 5,
                    "zone_from": 20,
                    "zone_to": 60
                },
                {
                    "req_id": 685454128,
                    "timesteps_left": 5,
                    "zone_from": 47,
                    "zone_to": 13
                },
                {
                    "req_id": 9254939,
                    "timesteps_left": 5,
                    "zone_from": 59,
                    "zone_to": 32
                },
                {
                    "req_id": 1971997595,
                    "timesteps_left": 5,
                    "zone_from": 13,
                    "zone_to": 6
                },
                {
                    "req_id": 2109948701,
                    "timesteps_left": 5,
                    "zone_from": 46,
                    "zone_to": 50
                },
                {
                    "req_id": 1575080450,
                    "timesteps_left": 5,
                    "zone_from": 16,
                    "zone_to": 48
                },
                {
                    "req_id": 1880422104,
                    "timesteps_left": 5,
                    "zone_from": 29,
                    "zone_to": 55
                },
                {
                    "req_id": 461607487,
                    "timesteps_left": 5,
                    "zone_from": 13,
                    "zone_to": 18
                }
            ],
            "cars": [
                {
                    "car_id": 1679342709,
                    "n_reqs": 3,
                    "reqs_in_car": [
                        707861010,
                        1855041783,
                        9254939
                    ],
                    "path": [
                        59,
                        35,
                        35,
                        2,
                        32,
                        32
                    ],
                    "reward": 0.101038,
                    "icds": [
                        84,
                        0,
                        386
                    ],
                    "dist_red": 3761.0
                }
            ]
        },
        {
            "t": 9,
            "reqs": [
                {
                    "req_id": 846111279,
                    "timesteps_left": 3,
                    "zone_from": 28,
                    "zone_to": 46
                },
                {
                    "req_id": 1838841803,
                    "timesteps_left": 3,
                    "zone_from": 13,
                    "zone_to": 14
                },
                {
                    "req_id": 646983503,
                    "timesteps_left": 0,
                    "zone_from": 44,
                    "zone_to": 41
                },
                {
                    "req_id": 1758298192,
                    "timesteps_left": 4,
                    "zone_from": 20,
                    "zone_to": 60
                },
                {
                    "req_id": 1880422104,
                    "timesteps_left": 4,
                    "zone_from": 29,
                    "zone_to": 55
                },
                {
                    "req_id": 1893049576,
                    "timesteps_left": 1,
                    "zone_from": 39,
                    "zone_to": 30
                },
                {
                    "req_id": 229549587,
                    "timesteps_left": 2,
                    "zone_from": 26,
                    "zone_to": 54
                },
                {
                    "req_id": 1776200159,
                    "timesteps_left": 1,
                    "zone_from": 19,
                    "zone_to": 48
                },
                {
                    "req_id": 1575080450,
                    "timesteps_left": 4,
                    "zone_from": 16,
                    "zone_to": 48
                },
                {
                    "req_id": 254710748,
                    "timesteps_left": 2,
                    "zone_from": 55,
                    "zone_to": 11
                },
                {
                    "req_id": 1629470626,
                    "timesteps_left": 2,
                    "zone_from": 12,
                    "zone_to": 11
                },
                {
                    "req_id": 1294103700,
                    "timesteps_left": 0,
                    "zone_from": 2,
                    "zone_to": 46
                },
                {
                    "req_id": 2109948701,
                    "timesteps_left": 4,
                    "zone_from": 46,
                    "zone_to": 50
                },
                {
                    "req_id": 1330536071,
                    "timesteps_left": 2,
                    "zone_from": 37,
                    "zone_to": 46
                },
                {
                    "req_id": 1764336130,
                    "timesteps_left": 3,
                    "zone_from": 36,
                    "zone_to": 26
                },
                {
                    "req_id": 682515702,
                    "timesteps_left": 4,
                    "zone_from": 36,
                    "zone_to": 36
                },
                {
                    "req_id": 1465193820,
                    "timesteps_left": 4,
                    "zone_from": 8,
                    "zone_to": 26
                },
                {
                    "req_id": 617422860,
                    "timesteps_left": 0,
                    "zone_from": 8,
                    "zone_to": 31
                },
                {
                    "req_id": 84859079,
                    "timesteps_left": 1,
                    "zone_from": 10,
                    "zone_to": 31
                },
                {
                    "req_id": 588778560,
                    "timesteps_left": 2,
                    "zone_from": 14,
                    "zone_to": 31
                },
                {
                    "req_id": 382985372,
                    "timesteps_left": 1,
                    "zone_from": 47,
                    "zone_to": 47
                },
                {
                    "req_id": 685454128,
                    "timesteps_left": 4,
                    "zone_from": 47,
                    "zone_to": 13
                },
                {
                    "req_id": 1971997595,
                    "timesteps_left": 4,
                    "zone_from": 13,
                    "zone_to": 6
                },
                {
                    "req_id": 19858331,
                    "timesteps_left": 3,
                    "zone_from": 9,
                    "zone_to": 47
                },
                {
                    "req_id": 685658444,
                    "timesteps_left": 1,
                    "zone_from": 13,
                    "zone_to": 50
                },
                {
                    "req_id": 381478406,
                    "timesteps_left": 3,
                    "zone_from": 32,
                    "zone_to": 9
                },
                {
                    "req_id": 287393089,
                    "timesteps_left": 2,
                    "zone_from": 36,
                    "zone_to": 47
                },
                {
                    "req_id": 1695801373,
                    "timesteps_left": 0,
                    "zone_from": 41,
                    "zone_to": 36
                },
                {
                    "req_id": 1291652847,
                    "timesteps_left": 1,
                    "zone_from": 18,
                    "zone_to": 41
                },
                {
                    "req_id": 461607487,
                    "timesteps_left": 4,
                    "zone_from": 13,
                    "zone_to": 18
                },
                {
                    "req_id": 631278866,
                    "timesteps_left": 5,
                    "zone_from": 27,
                    "zone_to": 41
                },
                {
                    "req_id": 643455562,
                    "timesteps_left": 5,
                    "zone_from": 36,
                    "zone_to": 61
                },
                {
                    "req_id": 712458662,
                    "timesteps_left": 5,
                    "zone_from": 31,
                    "zone_to": 13
                },
                {
                    "req_id": 1355282149,
                    "timesteps_left": 5,
                    "zone_from": 9,
                    "zone_to": 6
                },
                {
                    "req_id": 2103402887,
                    "timesteps_left": 5,
                    "zone_from": 48,
                    "zone_to": 32
                },
                {
                    "req_id": 1873138220,
                    "timesteps_left": 5,
                    "zone_from": 13,
                    "zone_to": 42
                },
                {
                    "req_id": 552971519,
                    "timesteps_left": 5,
                    "zone_from": 42,
                    "zone_to": 9
                },
                {
                    "req_id": 448674929,
                    "timesteps_left": 5,
                    "zone_from": 47,
                    "zone_to": 19
                },
                {
                    "req_id": 118177066,
                    "timesteps_left": 5,
                    "zone_from": 59,
                    "zone_to": 13
                },
                {
                    "req_id": 1905993277,
                    "timesteps_left": 5,
                    "zone_from": 37,
                    "zone_to": 51
                }
            ],
            "cars": [
                {
                    "car_id": 412212214,
                    "n_reqs": 2,
                    "reqs_in_car": [
                        1776200159,
                        1575080450
                    ],
                    "path": [
                        16,
                        19,
                        48,
                        48
                    ],
                    "reward": 0.0330739,
                    "icds": [
                        0,
                        260
                    ],
                    "dist_red": 2464.0
                },
                {
                    "car_id": 2065787099,
                    "n_reqs": 2,
                    "reqs_in_car": [
                        254710748,
                        1629470626
                    ],
                    "path": [
                        55,
                        12,
                        11,
                        11
                    ],
                    "reward": 0.16542,
                    "icds": [
                        0,
                        0
                    ],
                    "dist_red": 1976.0
                },
                {
                    "car_id": 1402208452,
                    "n_reqs": 2,
                    "reqs_in_car": [
                        461607487,
                        1873138220
                    ],
                    "path": [
                        13,
                        13,
                        18,
                        42
                    ],
                    "reward": 0.168316,
                    "icds": [
                        0,
                        30
                    ],
                    "dist_red": 1762.0
                },
                {
                    "car_id": 29391437,
                    "n_reqs": 3,
                    "reqs_in_car": [
                        229549587,
                        1355282149,
                        552971519
                    ],
                    "path": [
                        26,
                        42,
                        9,
                        9,
                        6,
                        54
                    ],
                    "reward": 0.191687,
                    "icds": [
                        575,
                        0,
                        0
                    ],
                    "dist_red": 6100.0
                },
                {
                    "car_id": 234539917,
                    "n_reqs": 3,
                    "reqs_in_car": [
                        1294103700,
                        2109948701,
                        1330536071
                    ],
                    "path": [
                        2,
                        46,
                        50,
                        37,
                        46,
                        46
                    ],
                    "reward": 0.125301,
                    "icds": [
                        0,
                        0,
                        0
                    ],
                    "dist_red": -1190.0
                },
                {
                    "car_id": 1261803863,
                    "n_reqs": 3,
                    "reqs_in_car": [
                        1764336130,
                        1465193820,
                        682515702
                    ],
                    "path": [
                        8,
                        36,
                        36,
                        36,
                        26,
                        26
                    ],
                    "reward": 0.269659,
                    "icds": [
                        0,
                        133,
                        0
                    ],
                    "dist_red": 2306.0
                },
                {
                    "car_id": 1791736235,
                    "n_reqs": 3,
                    "reqs_in_car": [
                        382985372,
                        685454128,
                        448674929
                    ],
                    "path": [
                        47,
                        47,
                        47,
                        47,
                        19,
                        13
                    ],
                    "reward": 0.224215,
                    "icds": [
                        0,
                        327,
                        0
                    ],
                    "dist_red": 3755.0
                },
                {
                    "car_id": 2047155019,
                    "n_reqs": 5,
                    "reqs_in_car": [
                        381478406,
                        287393089,
                        1695801373,
                        1291652847,
                        646983503
                    ],
                    "path": [
                        32,
                        44,
                        18,
                        41,
                        41,
                        41,
                        36,
                        36,
                        47,
                        9
                    ],
                    "reward": 0.296234,
                    "icds": [
                        1417,
                        0,
                        0,
                        0,
                        0
                    ],
                    "dist_red": 5869.0
                },
                {
                    "car_id": 925074107,
                    "n_reqs": 5,
                    "reqs_in_car": [
                        617422860,
                        84859079,
                        712458662,
                        1971997595,
                        588778560
                    ],
                    "path": [
                        14,
                        31,
                        13,
                        13,
                        6,
                        8,
                        10,
                        31,
                        31,
                        31
                    ],
                    "reward": 0.441415,
                    "icds": [
                        46,
                        0,
                        0,
                        0,
                        0
                    ],
                    "dist_red": 3474.0
                }
            ]
        }
    ],
    "serv_rate": 78.0,
    "n_cars": 26,
    "avg_occ": 1.4,
    "dist_red": 98.719,
    "dist_red_perc": 5,
    "trip_red": 52,
    "trip_red_perc": 10,
    "kg_co2_red": 12,
    "icd_mean": 17
}