{
    "timesteps": [
        {
            "t": 0,
            "reqs": [
                {
                    "req_id": 1660034197,
                    "timesteps_left": 1,
                    "zone_from": 62,
                    "zone_to": 16
                },
                {
                    "req_id": 1033956730,
                    "timesteps_left": 1,
                    "zone_from": 61,
                    "zone_to": 54
                }
            ],
            "cars": []
        },
        {
            "t": 1,
            "reqs": [
                {
                    "req_id": 1660034197,
                    "timesteps_left": 0,
                    "zone_from": 62,
                    "zone_to": 16
                },
                {
                    "req_id": 1033956730,
                    "timesteps_left": 0,
                    "zone_from": 61,
                    "zone_to": 54
                },
                {
                    "req_id": 1229356498,
                    "timesteps_left": 1,
                    "zone_from": 60,
                    "zone_to": 32
                },
                {
                    "req_id": 1187944456,
                    "timesteps_left": 1,
                    "zone_from": 55,
                    "zone_to": 61
                }
            ],
            "cars": []
        },
        {
            "t": 2,
            "reqs": [
                {
                    "req_id": 1229356498,
                    "timesteps_left": 0,
                    "zone_from": 60,
                    "zone_to": 32
                },
                {
                    "req_id": 1187944456,
                    "timesteps_left": 0,
                    "zone_from": 55,
                    "zone_to": 61
                },
                {
                    "req_id": 686053818,
                    "timesteps_left": 1,
                    "zone_from": 13,
                    "zone_to": 41
                },
                {
                    "req_id": 1487315026,
                    "timesteps_left": 1,
                    "zone_from": 13,
                    "zone_to": 31
                }
            ],
            "cars": []
        },
        {
            "t": 3,
            "reqs": [
                {
                    "req_id": 686053818,
                    "timesteps_left": 0,
                    "zone_from": 13,
                    "zone_to": 41
                },
                {
                    "req_id": 1487315026,
                    "timesteps_left": 0,
                    "zone_from": 13,
                    "zone_to": 31
                },
                {
                    "req_id": 854538989,
                    "timesteps_left": 1,
                    "zone_from": 41,
                    "zone_to": 20
                },
                {
                    "req_id": 82808056,
                    "timesteps_left": 1,
                    "zone_from": 58,
                    "zone_to": 55
                }
            ],
            "cars": []
        },
        {
            "t": 4,
            "reqs": [
                {
                    "req_id": 854538989,
                    "timesteps_left": 0,
                    "zone_from": 41,
                    "zone_to": 20
                },
                {
                    "req_id": 82808056,
                    "timesteps_left": 0,
                    "zone_from": 58,
                    "zone_to": 55
                },
                {
                    "req_id": 1324259895,
                    "timesteps_left": 1,
                    "zone_from": 42,
                    "zone_to": 46
                },
                {
                    "req_id": 76483991,
                    "timesteps_left": 1,
                    "zone_from": 40,
                    "zone_to": 54
                }
            ],
            "cars": []
        },
        {
            "t": 5,
            "reqs": [
                {
                    "req_id": 1324259895,
                    "timesteps_left": 0,
                    "zone_from": 42,
                    "zone_to": 46
                },
                {
                    "req_id": 76483991,
                    "timesteps_left": 0,
                    "zone_from": 40,
                    "zone_to": 54
                },
                {
                    "req_id": 1970854940,
                    "timesteps_left": 1,
                    "zone_from": 52,
                    "zone_to": 19
                },
                {
                    "req_id": 171305500,
                    "timesteps_left": 1,
                    "zone_from": 59,
                    "zone_to": 59
                }
            ],
            "cars": []
        },
        {
            "t": 6,
            "reqs": [
                {
                    "req_id": 1970854940,
                    "timesteps_left": 0,
                    "zone_from": 52,
                    "zone_to": 19
                },
                {
                    "req_id": 171305500,
                    "timesteps_left": 0,
                    "zone_from": 59,
                    "zone_to": 59
                },
                {
                    "req_id": 1038970058,
                    "timesteps_left": 1,
                    "zone_from": 8,
                    "zone_to": 9
                },
                {
                    "req_id": 1423653929,
                    "timesteps_left": 1,
                    "zone_from": 51,
                    "zone_to": 20
                }
            ],
            "cars": [
                {
                    "car_id": 1989319755,
                    "n_reqs": 3,
                    "reqs_in_car": [
                        1970854940,
                        1423653929,
                        1038970058
                    ],
                    "path": [
                        52,
                        8,
                        9,
                        51,
                        20,
                        19
                    ],
                    "reward": 0.185641,
                    "icds": [
                        1871,
                        0,
                        0
                    ],
                    "dist_red": -1358.0
                }
            ]
        },
        {
            "t": 7,
            "reqs": [
                {
                    "req_id": 349571674,
                    "timesteps_left": 1,
                    "zone_from": 20,
                    "zone_to": 39
                },
                {
                    "req_id": 1656010413,
                    "timesteps_left": 1,
                    "zone_from": 50,
                    "zone_to": 32
                }
            ],
            "cars": []
        },
        {
            "t": 8,
            "reqs": [
                {
                    "req_id": 349571674,
                    "timesteps_left": 0,
                    "zone_from": 20,
                    "zone_to": 39
                },
                {
                    "req_id": 1656010413,
                    "timesteps_left": 0,
                    "zone_from": 50,
                    "zone_to": 32
                },
                {
                    "req_id": 1603216932,
                    "timesteps_left": 1,
                    "zone_from": 37,
                    "zone_to": 42
                },
                {
                    "req_id": 2048378389,
                    "timesteps_left": 1,
                    "zone_from": 19,
                    "zone_to": 59
                }
            ],
            "cars": [
                {
                    "car_id": 351338870,
                    "n_reqs": 2,
                    "reqs_in_car": [
                        349571674,
                        2048378389
                    ],
                    "path": [
                        20,
                        19,
                        59,
                        39
                    ],
                    "reward": 0.148885,
                    "icds": [
                        602,
                        0
                    ],
                    "dist_red": -44.0
                }
            ]
        },
        {
            "t": 9,
            "reqs": [
                {
                    "req_id": 1603216932,
                    "timesteps_left": 0,
                    "zone_from": 37,
                    "zone_to": 42
                },
                {
                    "req_id": 566114880,
                    "timesteps_left": 1,
                    "zone_from": 32,
                    "zone_to": 44
                },
                {
                    "req_id": 252955171,
                    "timesteps_left": 1,
                    "zone_from": 13,
                    "zone_to": 59
                }
            ],
            "cars": []
        }
    ],
    "serv_rate": 25.0,
    "n_cars": 2,
    "avg_occ": 1.3,
    "dist_red": -1.402,
    "dist_red_perc": 0,
    "trip_red": 3,
    "trip_red_perc": 3,
    "kg_co2_red": 0,
    "icd_mean": 29
}