{
    "timesteps": [
        {
            "t": 0,
            "reqs": [
                {
                    "req_id": 1264448008,
                    "timesteps_left": 5,
                    "zone_from": 39,
                    "zone_to": 46
                },
                {
                    "req_id": 6472159,
                    "timesteps_left": 5,
                    "zone_from": 8,
                    "zone_to": 52
                },
                {
                    "req_id": 968193730,
                    "timesteps_left": 5,
                    "zone_from": 13,
                    "zone_to": 35
                },
                {
                    "req_id": 180061984,
                    "timesteps_left": 5,
                    "zone_from": 42,
                    "zone_to": 36
                },
                {
                    "req_id": 583416295,
                    "timesteps_left": 5,
                    "zone_from": 18,
                    "zone_to": 37
                },
                {
                    "req_id": 1087805705,
                    "timesteps_left": 5,
                    "zone_from": 8,
                    "zone_to": 51
                },
                {
                    "req_id": 473244222,
                    "timesteps_left": 5,
                    "zone_from": 8,
                    "zone_to": 58
                },
                {
                    "req_id": 885499889,
                    "timesteps_left": 5,
                    "zone_from": 42,
                    "zone_to": 23
                },
                {
                    "req_id": 1474805444,
                    "timesteps_left": 5,
                    "zone_from": 33,
                    "zone_to": 4
                },
                {
                    "req_id": 1647438550,
                    "timesteps_left": 5,
                    "zone_from": 61,
                    "zone_to": 12
                }
            ],
            "cars": []
        },
        {
            "t": 1,
            "reqs": [
                {
                    "req_id": 1264448008,
                    "timesteps_left": 4,
                    "zone_from": 39,
                    "zone_to": 46
                },
                {
                    "req_id": 6472159,
                    "timesteps_left": 4,
                    "zone_from": 8,
                    "zone_to": 52
                },
                {
                    "req_id": 968193730,
                    "timesteps_left": 4,
                    "zone_from": 13,
                    "zone_to": 35
                },
                {
                    "req_id": 180061984,
                    "timesteps_left": 4,
                    "zone_from": 42,
                    "zone_to": 36
                },
                {
                    "req_id": 583416295,
                    "timesteps_left": 4,
                    "zone_from": 18,
                    "zone_to": 37
                },
                {
                    "req_id": 885499889,
                    "timesteps_left": 4,
                    "zone_from": 42,
                    "zone_to": 23
                },
                {
                    "req_id": 1474805444,
                    "timesteps_left": 4,
                    "zone_from": 33,
                    "zone_to": 4
                },
                {
                    "req_id": 1647438550,
                    "timesteps_left": 4,
                    "zone_from": 61,
                    "zone_to": 12
                },
                {
                    "req_id": 1087805705,
                    "timesteps_left": 4,
                    "zone_from": 8,
                    "zone_to": 51
                },
                {
                    "req_id": 473244222,
                    "timesteps_left": 4,
                    "zone_from": 8,
                    "zone_to": 58
                },
                {
                    "req_id": 398785547,
                    "timesteps_left": 5,
                    "zone_from": 41,
                    "zone_to": 62
                },
                {
                    "req_id": 1403540857,
                    "timesteps_left": 5,
                    "zone_from": 42,
                    "zone_to": 62
                },
                {
                    "req_id": 1349743446,
                    "timesteps_left": 5,
                    "zone_from": 19,
                    "zone_to": 14
                },
                {
                    "req_id": 62477712,
                    "timesteps_left": 5,
                    "zone_from": 26,
                    "zone_to": 41
                },
                {
                    "req_id": 2021037898,
                    "timesteps_left": 5,
                    "zone_from": 18,
                    "zone_to": 32
                },
                {
                    "req_id": 722127765,
                    "timesteps_left": 5,
                    "zone_from": 8,
                    "zone_to": 59
                },
                {
                    "req_id": 1632678651,
                    "timesteps_left": 5,
                    "zone_from": 26,
                    "zone_to": 42
                },
                {
                    "req_id": 1247021123,
                    "timesteps_left": 5,
                    "zone_from": 8,
                    "zone_to": 9
                },
                {
                    "req_id": 786291636,
                    "timesteps_left": 5,
                    "zone_from": 38,
                    "zone_to": 53
                },
                {
                    "req_id": 673546900,
                    "timesteps_left": 5,
                    "zone_from": 52,
                    "zone_to": 62
                }
            ],
            "cars": []
        },
        {
            "t": 2,
            "reqs": [
                {
                    "req_id": 1264448008,
                    "timesteps_left": 3,
                    "zone_from": 39,
                    "zone_to": 46
                },
                {
                    "req_id": 968193730,
                    "timesteps_left": 3,
                    "zone_from": 13,
                    "zone_to": 35
                },
                {
                    "req_id": 885499889,
                    "timesteps_left": 3,
                    "zone_from": 42,
                    "zone_to": 23
                },
                {
                    "req_id": 1474805444,
                    "timesteps_left": 3,
                    "zone_from": 33,
                    "zone_to": 4
                },
                {
                    "req_id": 1647438550,
                    "timesteps_left": 3,
                    "zone_from": 61,
                    "zone_to": 12
                },
                {
                    "req_id": 1349743446,
                    "timesteps_left": 4,
                    "zone_from": 19,
                    "zone_to": 14
                },
                {
                    "req_id": 2021037898,
                    "timesteps_left": 4,
                    "zone_from": 18,
                    "zone_to": 32
                },
                {
                    "req_id": 583416295,
                    "timesteps_left": 3,
                    "zone_from": 18,
                    "zone_to": 37
                },
                {
                    "req_id": 62477712,
                    "timesteps_left": 4,
                    "zone_from": 26,
                    "zone_to": 41
                },
                {
                    "req_id": 6472159,
                    "timesteps_left": 3,
                    "zone_from": 8,
                    "zone_to": 52
                },
                {
                    "req_id": 786291636,
                    "timesteps_left": 4,
                    "zone_from": 38,
                    "zone_to": 53
                },
                {
                    "req_id": 1247021123,
                    "timesteps_left": 4,
                    "zone_from": 8,
                    "zone_to": 9
                },
                {
                    "req_id": 1087805705,
                    "timesteps_left": 3,
                    "zone_from": 8,
                    "zone_to": 51
                },
                {
                    "req_id": 473244222,
                    "timesteps_left": 3,
                    "zone_from": 8,
                    "zone_to": 58
                },
                {
                    "req_id": 722127765,
                    "timesteps_left": 4,
                    "zone_from": 8,
                    "zone_to": 59
                },
                {
                    "req_id": 398785547,
                    "timesteps_left": 4,
                    "zone_from": 41,
                    "zone_to": 62
                },
                {
                    "req_id": 1403540857,
                    "timesteps_left": 4,
                    "zone_from": 42,
                    "zone_to": 62
                },
                {
                    "req_id": 673546900,
                    "timesteps_left": 4,
                    "zone_from": 52,
                    "zone_to": 62
                },
                {
                    "req_id": 180061984,
                    "timesteps_left": 3,
                    "zone_from": 42,
                    "zone_to": 36
                },
                {
                    "req_id": 1632678651,
                    "timesteps_left": 4,
                    "zone_from": 26,
                    "zone_to": 42
                },
                {
                    "req_id": 678740083,
                    "timesteps_left": 5,
                    "zone_from": 13,
                    "zone_to": 45
                },
                {
                    "req_id": 672898476,
                    "timesteps_left": 5,
                    "zone_from": 11,
                    "zone_to": 5
                },
                {
                    "req_id": 1876192627,
                    "timesteps_left": 5,
                    "zone_from": 51,
                    "zone_to": 18
                },
                {
                    "req_id": 1514680631,
                    "timesteps_left": 5,
                    "zone_from": 32,
                    "zone_to": 32
                },
                {
                    "req_id": 1350010523,
                    "timesteps_left": 5,
                    "zone_from": 13,
                    "zone_to": 18
                },
                {
                    "req_id": 745044172,
                    "timesteps_left": 5,
                    "zone_from": 28,
                    "zone_to": 52
                },
                {
                    "req_id": 1373131216,
                    "timesteps_left": 5,
                    "zone_from": 28,
                    "zone_to": 32
                },
                {
                    "req_id": 73612756,
                    "timesteps_left": 5,
                    "zone_from": 53,
                    "zone_to": 36
                },
                {
                    "req_id": 518046548,
                    "timesteps_left": 5,
                    "zone_from": 8,
                    "zone_to": 28
                },
                {
                    "req_id": 1231929583,
                    "timesteps_left": 5,
                    "zone_from": 21,
                    "zone_to": 9
                }
            ],
            "cars": []
        },
        {
            "t": 3,
            "reqs": [
                {
                    "req_id": 1264448008,
                    "timesteps_left": 2,
                    "zone_from": 39,
                    "zone_to": 46
                },
                {
                    "req_id": 885499889,
                    "timesteps_left": 2,
                    "zone_from": 42,
                    "zone_to": 23
                },
                {
                    "req_id": 1474805444,
                    "timesteps_left": 2,
                    "zone_from": 33,
                    "zone_to": 4
                },
                {
                    "req_id": 1647438550,
                    "timesteps_left": 2,
                    "zone_from": 61,
                    "zone_to": 12
                },
                {
                    "req_id": 1349743446,
                    "timesteps_left": 3,
                    "zone_from": 19,
                    "zone_to": 14
                },
                {
                    "req_id": 672898476,
                    "timesteps_left": 4,
                    "zone_from": 11,
                    "zone_to": 5
                },
                {
                    "req_id": 1231929583,
                    "timesteps_left": 4,
                    "zone_from": 21,
                    "zone_to": 9
                },
                {
                    "req_id": 583416295,
                    "timesteps_left": 2,
                    "zone_from": 18,
                    "zone_to": 37
                },
                {
                    "req_id": 62477712,
                    "timesteps_left": 3,
                    "zone_from": 26,
                    "zone_to": 41
                },
                {
                    "req_id": 968193730,
                    "timesteps_left": 2,
                    "zone_from": 13,
                    "zone_to": 35
                },
                {
                    "req_id": 1350010523,
                    "timesteps_left": 4,
                    "zone_from": 13,
                    "zone_to": 18
                },
                {
                    "req_id": 678740083,
                    "timesteps_left": 4,
                    "zone_from": 13,
                    "zone_to": 45
                },
                {
                    "req_id": 1087805705,
                    "timesteps_left": 2,
                    "zone_from": 8,
                    "zone_to": 51
                },
                {
                    "req_id": 722127765,
                    "timesteps_left": 3,
                    "zone_from": 8,
                    "zone_to": 59
                },
                {
                    "req_id": 473244222,
                    "timesteps_left": 2,
                    "zone_from": 8,
                    "zone_to": 58
                },
                {
                    "req_id": 2021037898,
                    "timesteps_left": 3,
                    "zone_from": 18,
                    "zone_to": 32
                },
                {
                    "req_id": 1514680631,
                    "timesteps_left": 4,
                    "zone_from": 32,
                    "zone_to": 32
                },
                {
                    "req_id": 1373131216,
                    "timesteps_left": 4,
                    "zone_from": 28,
                    "zone_to": 32
                },
                {
                    "req_id": 73612756,
                    "timesteps_left": 4,
                    "zone_from": 53,
                    "zone_to": 36
                },
                {
                    "req_id": 1876192627,
                    "timesteps_left": 4,
                    "zone_from": 51,
                    "zone_to": 18
                },
                {
                    "req_id": 786291636,
                    "timesteps_left": 3,
                    "zone_from": 38,
                    "zone_to": 53
                },
                {
                    "req_id": 518046548,
                    "timesteps_left": 4,
                    "zone_from": 8,
                    "zone_to": 28
                },
                {
                    "req_id": 6472159,
                    "timesteps_left": 2,
                    "zone_from": 8,
                    "zone_to": 52
                },
                {
                    "req_id": 745044172,
                    "timesteps_left": 4,
                    "zone_from": 28,
                    "zone_to": 52
                },
                {
                    "req_id": 1247021123,
                    "timesteps_left": 3,
                    "zone_from": 8,
                    "zone_to": 9
                },
                {
                    "req_id": 398785547,
                    "timesteps_left": 3,
                    "zone_from": 41,
                    "zone_to": 62
                },
                {
                    "req_id": 1403540857,
                    "timesteps_left": 3,
                    "zone_from": 42,
                    "zone_to": 62
                },
                {
                    "req_id": 673546900,
                    "timesteps_left": 3,
                    "zone_from": 52,
                    "zone_to": 62
                },
                {
                    "req_id": 1632678651,
                    "timesteps_left": 3,
                    "zone_from": 26,
                    "zone_to": 42
                },
                {
                    "req_id": 180061984,
                    "timesteps_left": 2,
                    "zone_from": 42,
                    "zone_to": 36
                },
                {
                    "req_id": 99577443,
                    "timesteps_left": 5,
                    "zone_from": 54,
                    "zone_to": 8
                },
                {
                    "req_id": 1349798578,
                    "timesteps_left": 5,
                    "zone_from": 58,
                    "zone_to": 51
                },
                {
                    "req_id": 105648142,
                    "timesteps_left": 5,
                    "zone_from": 36,
                    "zone_to": 42
                },
                {
                    "req_id": 203033832,
                    "timesteps_left": 5,
                    "zone_from": 49,
                    "zone_to": 27
                },
                {
                    "req_id": 1511920147,
                    "timesteps_left": 5,
                    "zone_from": 27,
                    "zone_to": 58
                },
                {
                    "req_id": 1678423710,
                    "timesteps_left": 5,
                    "zone_from": 55,
                    "zone_to": 52
                },
                {
                    "req_id": 1093759783,
                    "timesteps_left": 5,
                    "zone_from": 58,
                    "zone_to": 18
                },
                {
                    "req_id": 317590519,
                    "timesteps_left": 5,
                    "zone_from": 52,
                    "zone_to": 34
                },
                {
                    "req_id": 911663545,
                    "timesteps_left": 5,
                    "zone_from": 35,
                    "zone_to": 32
                },
                {
                    "req_id": 43658368,
                    "timesteps_left": 5,
                    "zone_from": 47,
                    "zone_to": 37
                }
            ],
            "cars": []
        },
        {
            "t": 4,
            "reqs": [
                {
                    "req_id": 1264448008,
                    "timesteps_left": 1,
                    "zone_from": 39,
                    "zone_to": 46
                },
                {
                    "req_id": 885499889,
                    "timesteps_left": 1,
                    "zone_from": 42,
                    "zone_to": 23
                },
                {
                    "req_id": 1474805444,
                    "timesteps_left": 1,
                    "zone_from": 33,
                    "zone_to": 4
                },
                {
                    "req_id": 1349743446,
                    "timesteps_left": 2,
                    "zone_from": 19,
                    "zone_to": 14
                },
                {
                    "req_id": 203033832,
                    "timesteps_left": 4,
                    "zone_from": 49,
                    "zone_to": 27
                },
                {
                    "req_id": 1678423710,
                    "timesteps_left": 4,
                    "zone_from": 55,
                    "zone_to": 52
                },
                {
                    "req_id": 43658368,
                    "timesteps_left": 4,
                    "zone_from": 47,
                    "zone_to": 37
                },
                {
                    "req_id": 583416295,
                    "timesteps_left": 1,
                    "zone_from": 18,
                    "zone_to": 37
                },
                {
                    "req_id": 62477712,
                    "timesteps_left": 2,
                    "zone_from": 26,
                    "zone_to": 41
                },
                {
                    "req_id": 1647438550,
                    "timesteps_left": 1,
                    "zone_from": 61,
                    "zone_to": 12
                },
                {
                    "req_id": 317590519,
                    "timesteps_left": 4,
                    "zone_from": 52,
                    "zone_to": 34
                },
                {
                    "req_id": 672898476,
                    "timesteps_left": 3,
                    "zone_from": 11,
                    "zone_to": 5
                },
                {
                    "req_id": 1247021123,
                    "timesteps_left": 2,
                    "zone_from": 8,
                    "zone_to": 9
                },
                {
                    "req_id": 99577443,
                    "timesteps_left": 4,
                    "zone_from": 54,
                    "zone_to": 8
                },
                {
                    "req_id": 1231929583,
                    "timesteps_left": 3,
                    "zone_from": 21,
                    "zone_to": 9
                },
                {
                    "req_id": 968193730,
                    "timesteps_left": 1,
                    "zone_from": 13,
                    "zone_to": 35
                },
                {
                    "req_id": 1350010523,
                    "timesteps_left": 3,
                    "zone_from": 13,
                    "zone_to": 18
                },
                {
                    "req_id": 678740083,
                    "timesteps_left": 3,
                    "zone_from": 13,
                    "zone_to": 45
                },
                {
                    "req_id": 73612756,
                    "timesteps_left": 3,
                    "zone_from": 53,
                    "zone_to": 36
                },
                {
                    "req_id": 1511920147,
                    "timesteps_left": 4,
                    "zone_from": 27,
                    "zone_to": 58
                },
                {
                    "req_id": 105648142,
                    "timesteps_left": 4,
                    "zone_from": 36,
                    "zone_to": 42
                },
                {
                    "req_id": 786291636,
                    "timesteps_left": 2,
                    "zone_from": 38,
                    "zone_to": 53
                },
                {
                    "req_id": 518046548,
                    "timesteps_left": 3,
                    "zone_from": 8,
                    "zone_to": 28
                },
                {
                    "req_id": 6472159,
                    "timesteps_left": 1,
                    "zone_from": 8,
                    "zone_to": 52
                },
                {
                    "req_id": 745044172,
                    "timesteps_left": 3,
                    "zone_from": 28,
                    "zone_to": 52
                },
                {
                    "req_id": 1087805705,
                    "timesteps_left": 1,
                    "zone_from": 8,
                    "zone_to": 51
                },
                {
                    "req_id": 1349798578,
                    "timesteps_left": 4,
                    "zone_from": 58,
                    "zone_to": 51
                },
                {
                    "req_id": 473244222,
                    "timesteps_left": 1,
                    "zone_from": 8,
                    "zone_to": 58
                },
                {
                    "req_id": 1093759783,
                    "timesteps_left": 4,
                    "zone_from": 58,
                    "zone_to": 18
                },
                {
                    "req_id": 1876192627,
                    "timesteps_left": 3,
                    "zone_from": 51,
                    "zone_to": 18
                },
                {
                    "req_id": 2021037898,
                    "timesteps_left": 2,
                    "zone_from": 18,
                    "zone_to": 32
                },
                {
                    "req_id": 1373131216,
                    "timesteps_left": 3,
                    "zone_from": 28,
                    "zone_to": 32
                },
                {
                    "req_id": 722127765,
                    "timesteps_left": 2,
                    "zone_from": 8,
                    "zone_to": 59
                },
                {
                    "req_id": 911663545,
                    "timesteps_left": 4,
                    "zone_from": 35,
                    "zone_to": 32
                },
                {
                    "req_id": 1514680631,
                    "timesteps_left": 3,
                    "zone_from": 32,
                    "zone_to": 32
                },
                {
                    "req_id": 398785547,
                    "timesteps_left": 2,
                    "zone_from": 41,
                    "zone_to": 62
                },
                {
                    "req_id": 1403540857,
                    "timesteps_left": 2,
                    "zone_from": 42,
                    "zone_to": 62
                },
                {
                    "req_id": 673546900,
                    "timesteps_left": 2,
                    "zone_from": 52,
                    "zone_to": 62
                },
                {
                    "req_id": 1632678651,
                    "timesteps_left": 2,
                    "zone_from": 26,
                    "zone_to": 42
                },
                {
                    "req_id": 180061984,
                    "timesteps_left": 1,
                    "zone_from": 42,
                    "zone_to": 36
                },
                {
                    "req_id": 565965413,
                    "timesteps_left": 5,
                    "zone_from": 36,
                    "zone_to": 42
                },
                {
                    "req_id": 622122432,
                    "timesteps_left": 5,
                    "zone_from": 13,
                    "zone_to": 32
                },
                {
                    "req_id": 769175363,
                    "timesteps_left": 5,
                    "zone_from": 51,
                    "zone_to": 51
                },
                {
                    "req_id": 180998646,
                    "timesteps_left": 5,
                    "zone_from": 38,
                    "zone_to": 56
                },
                {
                    "req_id": 865625517,
                    "timesteps_left": 5,
                    "zone_from": 36,
                    "zone_to": 54
                },
                {
                    "req_id": 2022677212,
                    "timesteps_left": 5,
                    "zone_from": 47,
                    "zone_to": 42
                },
                {
                    "req_id": 908948847,
                    "timesteps_left": 5,
                    "zone_from": 52,
                    "zone_to": 29
                },
                {
                    "req_id": 137186700,
                    "timesteps_left": 5,
                    "zone_from": 53,
                    "zone_to": 8
                },
                {
                    "req_id": 1866077669,
                    "timesteps_left": 5,
                    "zone_from": 16,
                    "zone_to": 13
                },
                {
                    "req_id": 1078199905,
                    "timesteps_left": 5,
                    "zone_from": 59,
                    "zone_to": 61
                }
            ],
            "cars": []
        },
        {
            "t": 5,
            "reqs": [
                {
                    "req_id": 1264448008,
                    "timesteps_left": 0,
                    "zone_from": 39,
                    "zone_to": 46
                },
                {
                    "req_id": 885499889,
                    "timesteps_left": 0,
                    "zone_from": 42,
                    "zone_to": 23
                },
                {
                    "req_id": 317590519,
                    "timesteps_left": 3,
                    "zone_from": 52,
                    "zone_to": 34
                },
                {
                    "req_id": 1231929583,
                    "timesteps_left": 2,
                    "zone_from": 21,
                    "zone_to": 9
                },
                {
                    "req_id": 1373131216,
                    "timesteps_left": 2,
                    "zone_from": 28,
                    "zone_to": 32
                },
                {
                    "req_id": 722127765,
                    "timesteps_left": 1,
                    "zone_from": 8,
                    "zone_to": 59
                },
                {
                    "req_id": 583416295,
                    "timesteps_left": 0,
                    "zone_from": 18,
                    "zone_to": 37
                },
                {
                    "req_id": 62477712,
                    "timesteps_left": 1,
                    "zone_from": 26,
                    "zone_to": 41
                },
                {
                    "req_id": 203033832,
                    "timesteps_left": 3,
                    "zone_from": 49,
                    "zone_to": 27
                },
                {
                    "req_id": 1078199905,
                    "timesteps_left": 4,
                    "zone_from": 59,
                    "zone_to": 61
                },
                {
                    "req_id": 1349743446,
                    "timesteps_left": 1,
                    "zone_from": 19,
                    "zone_to": 14
                },
                {
                    "req_id": 1647438550,
                    "timesteps_left": 0,
                    "zone_from": 61,
                    "zone_to": 12
                },
                {
                    "req_id": 968193730,
                    "timesteps_left": 0,
                    "zone_from": 13,
                    "zone_to": 35
                },
                {
                    "req_id": 1350010523,
                    "timesteps_left": 2,
                    "zone_from": 13,
                    "zone_to": 18
                },
                {
                    "req_id": 769175363,
                    "timesteps_left": 4,
                    "zone_from": 51,
                    "zone_to": 51
                },
                {
                    "req_id": 678740083,
                    "timesteps_left": 2,
                    "zone_from": 13,
                    "zone_to": 45
                },
                {
                    "req_id": 786291636,
                    "timesteps_left": 1,
                    "zone_from": 38,
                    "zone_to": 53
                },
                {
                    "req_id": 518046548,
                    "timesteps_left": 2,
                    "zone_from": 8,
                    "zone_to": 28
                },
                {
                    "req_id": 6472159,
                    "timesteps_left": 0,
                    "zone_from": 8,
                    "zone_to": 52
                },
                {
                    "req_id": 745044172,
                    "timesteps_left": 2,
                    "zone_from": 28,
                    "zone_to": 52
                },
                {
                    "req_id": 180998646,
                    "timesteps_left": 4,
                    "zone_from": 38,
                    "zone_to": 56
                },
                {
                    "req_id": 865625517,
                    "timesteps_left": 4,
                    "zone_from": 36,
                    "zone_to": 54
                },
                {
                    "req_id": 1474805444,
                    "timesteps_left": 0,
                    "zone_from": 33,
                    "zone_to": 4
                },
                {
                    "req_id": 672898476,
                    "timesteps_left": 2,
                    "zone_from": 11,
                    "zone_to": 5
                },
                {
                    "req_id": 43658368,
                    "timesteps_left": 3,
                    "zone_from": 47,
                    "zone_to": 37
                },
                {
                    "req_id": 1247021123,
                    "timesteps_left": 1,
                    "zone_from": 8,
                    "zone_to": 9
                },
                {
                    "req_id": 137186700,
                    "timesteps_left": 4,
                    "zone_from": 53,
                    "zone_to": 8
                },
                {
                    "req_id": 99577443,
                    "timesteps_left": 3,
                    "zone_from": 54,
                    "zone_to": 8
                },
                {
                    "req_id": 1678423710,
                    "timesteps_left": 3,
                    "zone_from": 55,
                    "zone_to": 52
                },
                {
                    "req_id": 908948847,
                    "timesteps_left": 4,
                    "zone_from": 52,
                    "zone_to": 29
                },
                {
                    "req_id": 105648142,
                    "timesteps_left": 3,
                    "zone_from": 36,
                    "zone_to": 42
                },
                {
                    "req_id": 565965413,
                    "timesteps_left": 4,
                    "zone_from": 36,
                    "zone_to": 42
                },
                {
                    "req_id": 1511920147,
                    "timesteps_left": 3,
                    "zone_from": 27,
                    "zone_to": 58
                },
                {
                    "req_id": 73612756,
                    "timesteps_left": 2,
                    "zone_from": 53,
                    "zone_to": 36
                },
                {
                    "req_id": 2022677212,
                    "timesteps_left": 4,
                    "zone_from": 47,
                    "zone_to": 42
                },
                {
                    "req_id": 1087805705,
                    "timesteps_left": 0,
                    "zone_from": 8,
                    "zone_to": 51
                },
                {
                    "req_id": 1349798578,
                    "timesteps_left": 3,
                    "zone_from": 58,
                    "zone_to": 51
                },
                {
                    "req_id": 473244222,
                    "timesteps_left": 0,
                    "zone_from": 8,
                    "zone_to": 58
                },
                {
                    "req_id": 1093759783,
                    "timesteps_left": 3,
                    "zone_from": 58,
                    "zone_to": 18
                },
                {
                    "req_id": 1876192627,
                    "timesteps_left": 2,
                    "zone_from": 51,
                    "zone_to": 18
                },
                {
                    "req_id": 2021037898,
                    "timesteps_left": 1,
                    "zone_from": 18,
                    "zone_to": 32
                },
                {
                    "req_id": 622122432,
                    "timesteps_left": 4,
                    "zone_from": 13,
                    "zone_to": 32
                },
                {
                    "req_id": 1514680631,
                    "timesteps_left": 2,
                    "zone_from": 32,
                    "zone_to": 32
                },
                {
                    "req_id": 1866077669,
                    "timesteps_left": 4,
                    "zone_from": 16,
                    "zone_to": 13
                },
                {
                    "req_id": 911663545,
                    "timesteps_left": 3,
                    "zone_from": 35,
                    "zone_to": 32
                },
                {
                    "req_id": 398785547,
                    "timesteps_left": 1,
                    "zone_from": 41,
                    "zone_to": 62
                },
                {
                    "req_id": 1403540857,
                    "timesteps_left": 1,
                    "zone_from": 42,
                    "zone_to": 62
                },
                {
                    "req_id": 673546900,
                    "timesteps_left": 1,
                    "zone_from": 52,
                    "zone_to": 62
                },
                {
                    "req_id": 1632678651,
                    "timesteps_left": 1,
                    "zone_from": 26,
                    "zone_to": 42
                },
                {
                    "req_id": 180061984,
                    "timesteps_left": 0,
                    "zone_from": 42,
                    "zone_to": 36
                },
                {
                    "req_id": 653460015,
                    "timesteps_left": 5,
                    "zone_from": 17,
                    "zone_to": 4
                },
                {
                    "req_id": 425529614,
                    "timesteps_left": 5,
                    "zone_from": 39,
                    "zone_to": 18
                },
                {
                    "req_id": 2028937885,
                    "timesteps_left": 5,
                    "zone_from": 58,
                    "zone_to": 13
                },
                {
                    "req_id": 630673347,
                    "timesteps_left": 5,
                    "zone_from": 55,
                    "zone_to": 30
                },
                {
                    "req_id": 515883208,
                    "timesteps_left": 5,
                    "zone_from": 43,
                    "zone_to": 31
                },
                {
                    "req_id": 1979967640,
                    "timesteps_left": 5,
                    "zone_from": 16,
                    "zone_to": 26
                },
                {
                    "req_id": 2097796811,
                    "timesteps_left": 5,
                    "zone_from": 16,
                    "zone_to": 0
                },
                {
                    "req_id": 424311902,
                    "timesteps_left": 5,
                    "zone_from": 48,
                    "zone_to": 34
                },
                {
                    "req_id": 128693484,
                    "timesteps_left": 5,
                    "zone_from": 18,
                    "zone_to": 27
                },
                {
                    "req_id": 940365508,
                    "timesteps_left": 5,
                    "zone_from": 53,
                    "zone_to": 27
                }
            ],
            "cars": [
                {
                    "car_id": 1422679102,
                    "n_reqs": 3,
                    "reqs_in_car": [
                        722127765,
                        1087805705,
                        769175363
                    ],
                    "path": [
                        8,
                        8,
                        59,
                        51,
                        51,
                        51
                    ],
                    "reward": 0.478945,
                    "icds": [
                        0,
                        439,
                        0
                    ],
                    "dist_red": 2147.0
                },
                {
                    "car_id": 892824992,
                    "n_reqs": 3,
                    "reqs_in_car": [
                        1511920147,
                        473244222,
                        137186700
                    ],
                    "path": [
                        27,
                        53,
                        8,
                        8,
                        58,
                        58
                    ],
                    "reward": 0.698963,
                    "icds": [
                        269,
                        0,
                        0
                    ],
                    "dist_red": 4918.0
                },
                {
                    "car_id": 1784976540,
                    "n_reqs": 4,
                    "reqs_in_car": [
                        622122432,
                        911663545,
                        968193730,
                        1350010523
                    ],
                    "path": [
                        13,
                        13,
                        13,
                        18,
                        35,
                        35,
                        32,
                        32
                    ],
                    "reward": 0.410388,
                    "icds": [
                        2055,
                        0,
                        235,
                        0
                    ],
                    "dist_red": 3928.0
                },
                {
                    "car_id": 959963193,
                    "n_reqs": 4,
                    "reqs_in_car": [
                        786291636,
                        518046548,
                        6472159,
                        745044172
                    ],
                    "path": [
                        8,
                        8,
                        38,
                        53,
                        28,
                        28,
                        52,
                        52
                    ],
                    "reward": 0.950954,
                    "icds": [
                        0,
                        135,
                        611,
                        0
                    ],
                    "dist_red": 6248.0
                },
                {
                    "car_id": 4800456,
                    "n_reqs": 5,
                    "reqs_in_car": [
                        1264448008,
                        1078199905,
                        1647438550,
                        424311902,
                        672898476
                    ],
                    "path": [
                        48,
                        59,
                        39,
                        46,
                        61,
                        61,
                        12,
                        11,
                        5,
                        34
                    ],
                    "reward": 0.776789,
                    "icds": [
                        0,
                        674,
                        0,
                        3439,
                        0
                    ],
                    "dist_red": 11261.0
                },
                {
                    "car_id": 1427563751,
                    "n_reqs": 5,
                    "reqs_in_car": [
                        203033832,
                        128693484,
                        515883208,
                        583416295,
                        940365508
                    ],
                    "path": [
                        49,
                        43,
                        31,
                        18,
                        18,
                        37,
                        53,
                        27,
                        27,
                        27
                    ],
                    "reward": 0.750424,
                    "icds": [
                        2285,
                        864,
                        0,
                        0,
                        0
                    ],
                    "dist_red": 7998.0
                },
                {
                    "car_id": 319636628,
                    "n_reqs": 5,
                    "reqs_in_car": [
                        1474805444,
                        653460015,
                        865625517,
                        180061984,
                        1632678651
                    ],
                    "path": [
                        17,
                        26,
                        42,
                        42,
                        36,
                        36,
                        54,
                        33,
                        4,
                        4
                    ],
                    "reward": 0.847002,
                    "icds": [
                        0,
                        2614,
                        0,
                        0,
                        0
                    ],
                    "dist_red": 6909.0
                }
            ]
        },
        {
            "t": 6,
            "reqs": [
                {
                    "req_id": 1349743446,
                    "timesteps_left": 0,
                    "zone_from": 19,
                    "zone_to": 14
                },
                {
                    "req_id": 43658368,
                    "timesteps_left": 2,
                    "zone_from": 47,
                    "zone_to": 37
                },
                {
                    "req_id": 1866077669,
                    "timesteps_left": 3,
                    "zone_from": 16,
                    "zone_to": 13
                },
                {
                    "req_id": 2097796811,
                    "timesteps_left": 4,
                    "zone_from": 16,
                    "zone_to": 0
                },
                {
                    "req_id": 105648142,
                    "timesteps_left": 2,
                    "zone_from": 36,
                    "zone_to": 42
                },
                {
                    "req_id": 565965413,
                    "timesteps_left": 3,
                    "zone_from": 36,
                    "zone_to": 42
                },
                {
                    "req_id": 2022677212,
                    "timesteps_left": 3,
                    "zone_from": 47,
                    "zone_to": 42
                },
                {
                    "req_id": 317590519,
                    "timesteps_left": 2,
                    "zone_from": 52,
                    "zone_to": 34
                },
                {
                    "req_id": 180998646,
                    "timesteps_left": 3,
                    "zone_from": 38,
                    "zone_to": 56
                },
                {
                    "req_id": 1678423710,
                    "timesteps_left": 2,
                    "zone_from": 55,
                    "zone_to": 52
                },
                {
                    "req_id": 908948847,
                    "timesteps_left": 3,
                    "zone_from": 52,
                    "zone_to": 29
                },
                {
                    "req_id": 1247021123,
                    "timesteps_left": 0,
                    "zone_from": 8,
                    "zone_to": 9
                },
                {
                    "req_id": 99577443,
                    "timesteps_left": 2,
                    "zone_from": 54,
                    "zone_to": 8
                },
                {
                    "req_id": 1231929583,
                    "timesteps_left": 1,
                    "zone_from": 21,
                    "zone_to": 9
                },
                {
                    "req_id": 630673347,
                    "timesteps_left": 4,
                    "zone_from": 55,
                    "zone_to": 30
                },
                {
                    "req_id": 1373131216,
                    "timesteps_left": 1,
                    "zone_from": 28,
                    "zone_to": 32
                },
                {
                    "req_id": 1514680631,
                    "timesteps_left": 1,
                    "zone_from": 32,
                    "zone_to": 32
                },
                {
                    "req_id": 2021037898,
                    "timesteps_left": 0,
                    "zone_from": 18,
                    "zone_to": 32
                },
                {
                    "req_id": 73612756,
                    "timesteps_left": 1,
                    "zone_from": 53,
                    "zone_to": 36
                },
                {
                    "req_id": 425529614,
                    "timesteps_left": 4,
                    "zone_from": 39,
                    "zone_to": 18
                },
                {
                    "req_id": 398785547,
                    "timesteps_left": 0,
                    "zone_from": 41,
                    "zone_to": 62
                },
                {
                    "req_id": 1403540857,
                    "timesteps_left": 0,
                    "zone_from": 42,
                    "zone_to": 62
                },
                {
                    "req_id": 1979967640,
                    "timesteps_left": 4,
                    "zone_from": 16,
                    "zone_to": 26
                },
                {
                    "req_id": 673546900,
                    "timesteps_left": 0,
                    "zone_from": 52,
                    "zone_to": 62
                },
                {
                    "req_id": 62477712,
                    "timesteps_left": 0,
                    "zone_from": 26,
                    "zone_to": 41
                },
                {
                    "req_id": 1349798578,
                    "timesteps_left": 2,
                    "zone_from": 58,
                    "zone_to": 51
                },
                {
                    "req_id": 2028937885,
                    "timesteps_left": 4,
                    "zone_from": 58,
                    "zone_to": 13
                },
                {
                    "req_id": 678740083,
                    "timesteps_left": 1,
                    "zone_from": 13,
                    "zone_to": 45
                },
                {
                    "req_id": 1876192627,
                    "timesteps_left": 1,
                    "zone_from": 51,
                    "zone_to": 18
                },
                {
                    "req_id": 1093759783,
                    "timesteps_left": 2,
                    "zone_from": 58,
                    "zone_to": 18
                },
                {
                    "req_id": 1742275618,
                    "timesteps_left": 5,
                    "zone_from": 28,
                    "zone_to": 30
                },
                {
                    "req_id": 1117356518,
                    "timesteps_left": 5,
                    "zone_from": 59,
                    "zone_to": 13
                },
                {
                    "req_id": 480370728,
                    "timesteps_left": 5,
                    "zone_from": 16,
                    "zone_to": 30
                },
                {
                    "req_id": 1813377281,
                    "timesteps_left": 5,
                    "zone_from": 20,
                    "zone_to": 52
                },
                {
                    "req_id": 2013760988,
                    "timesteps_left": 5,
                    "zone_from": 42,
                    "zone_to": 36
                },
                {
                    "req_id": 1731200369,
                    "timesteps_left": 5,
                    "zone_from": 62,
                    "zone_to": 9
                },
                {
                    "req_id": 1606307752,
                    "timesteps_left": 5,
                    "zone_from": 29,
                    "zone_to": 35
                },
                {
                    "req_id": 99884849,
                    "timesteps_left": 5,
                    "zone_from": 8,
                    "zone_to": 62
                },
                {
                    "req_id": 2070498863,
                    "timesteps_left": 5,
                    "zone_from": 3,
                    "zone_to": 36
                },
                {
                    "req_id": 1127554111,
                    "timesteps_left": 5,
                    "zone_from": 62,
                    "zone_to": 24
                }
            ],
            "cars": [
                {
                    "car_id": 988265082,
                    "n_reqs": 3,
                    "reqs_in_car": [
                        908948847,
                        1731200369,
                        1247021123
                    ],
                    "path": [
                        62,
                        52,
                        29,
                        8,
                        9,
                        9
                    ],
                    "reward": 0.592312,
                    "icds": [
                        0,
                        453,
                        0
                    ],
                    "dist_red": 4288.0
                },
                {
                    "car_id": 875483326,
                    "n_reqs": 4,
                    "reqs_in_car": [
                        398785547,
                        1813377281,
                        62477712,
                        1979967640
                    ],
                    "path": [
                        20,
                        16,
                        26,
                        26,
                        41,
                        41,
                        62,
                        52
                    ],
                    "reward": 0.881926,
                    "icds": [
                        0,
                        1003,
                        0,
                        0
                    ],
                    "dist_red": 9160.0
                },
                {
                    "car_id": 1219592513,
                    "n_reqs": 5,
                    "reqs_in_car": [
                        1403540857,
                        673546900,
                        480370728,
                        630673347,
                        99884849
                    ],
                    "path": [
                        16,
                        42,
                        8,
                        52,
                        62,
                        62,
                        62,
                        55,
                        30,
                        30
                    ],
                    "reward": 0.711786,
                    "icds": [
                        591,
                        0,
                        2664,
                        0,
                        16
                    ],
                    "dist_red": 6990.0
                },
                {
                    "car_id": 1743544406,
                    "n_reqs": 5,
                    "reqs_in_car": [
                        1373131216,
                        1514680631,
                        2021037898,
                        73612756,
                        425529614
                    ],
                    "path": [
                        28,
                        53,
                        36,
                        39,
                        18,
                        18,
                        32,
                        32,
                        32,
                        32
                    ],
                    "reward": 0.995679,
                    "icds": [
                        1459,
                        0,
                        0,
                        0,
                        0
                    ],
                    "dist_red": 6259.0
                }
            ]
        },
        {
            "t": 7,
            "reqs": [
                {
                    "req_id": 317590519,
                    "timesteps_left": 1,
                    "zone_from": 52,
                    "zone_to": 34
                },
                {
                    "req_id": 1231929583,
                    "timesteps_left": 0,
                    "zone_from": 21,
                    "zone_to": 9
                },
                {
                    "req_id": 1117356518,
                    "timesteps_left": 4,
                    "zone_from": 59,
                    "zone_to": 13
                },
                {
                    "req_id": 1866077669,
                    "timesteps_left": 2,
                    "zone_from": 16,
                    "zone_to": 13
                },
                {
                    "req_id": 2097796811,
                    "timesteps_left": 3,
                    "zone_from": 16,
                    "zone_to": 0
                },
                {
                    "req_id": 105648142,
                    "timesteps_left": 1,
                    "zone_from": 36,
                    "zone_to": 42
                },
                {
                    "req_id": 565965413,
                    "timesteps_left": 2,
                    "zone_from": 36,
                    "zone_to": 42
                },
                {
                    "req_id": 2022677212,
                    "timesteps_left": 2,
                    "zone_from": 47,
                    "zone_to": 42
                },
                {
                    "req_id": 99577443,
                    "timesteps_left": 1,
                    "zone_from": 54,
                    "zone_to": 8
                },
                {
                    "req_id": 2070498863,
                    "timesteps_left": 4,
                    "zone_from": 3,
                    "zone_to": 36
                },
                {
                    "req_id": 2013760988,
                    "timesteps_left": 4,
                    "zone_from": 42,
                    "zone_to": 36
                },
                {
                    "req_id": 1606307752,
                    "timesteps_left": 4,
                    "zone_from": 29,
                    "zone_to": 35
                },
                {
                    "req_id": 180998646,
                    "timesteps_left": 2,
                    "zone_from": 38,
                    "zone_to": 56
                },
                {
                    "req_id": 1127554111,
                    "timesteps_left": 4,
                    "zone_from": 62,
                    "zone_to": 24
                },
                {
                    "req_id": 1678423710,
                    "timesteps_left": 1,
                    "zone_from": 55,
                    "zone_to": 52
                },
                {
                    "req_id": 43658368,
                    "timesteps_left": 1,
                    "zone_from": 47,
                    "zone_to": 37
                },
                {
                    "req_id": 1742275618,
                    "timesteps_left": 4,
                    "zone_from": 28,
                    "zone_to": 30
                },
                {
                    "req_id": 2028937885,
                    "timesteps_left": 3,
                    "zone_from": 58,
                    "zone_to": 13
                },
                {
                    "req_id": 1093759783,
                    "timesteps_left": 1,
                    "zone_from": 58,
                    "zone_to": 18
                },
                {
                    "req_id": 1349798578,
                    "timesteps_left": 1,
                    "zone_from": 58,
                    "zone_to": 51
                },
                {
                    "req_id": 678740083,
                    "timesteps_left": 0,
                    "zone_from": 13,
                    "zone_to": 45
                },
                {
                    "req_id": 1876192627,
                    "timesteps_left": 0,
                    "zone_from": 51,
                    "zone_to": 18
                },
                {
                    "req_id": 1881821866,
                    "timesteps_left": 5,
                    "zone_from": 47,
                    "zone_to": 42
                },
                {
                    "req_id": 1777691046,
                    "timesteps_left": 5,
                    "zone_from": 51,
                    "zone_to": 13
                },
                {
                    "req_id": 1201299015,
                    "timesteps_left": 5,
                    "zone_from": 18,
                    "zone_to": 27
                },
                {
                    "req_id": 70804042,
                    "timesteps_left": 5,
                    "zone_from": 62,
                    "zone_to": 46
                },
                {
                    "req_id": 1990364127,
                    "timesteps_left": 5,
                    "zone_from": 53,
                    "zone_to": 52
                },
                {
                    "req_id": 1788154,
                    "timesteps_left": 5,
                    "zone_from": 55,
                    "zone_to": 55
                },
                {
                    "req_id": 1606979874,
                    "timesteps_left": 5,
                    "zone_from": 41,
                    "zone_to": 8
                },
                {
                    "req_id": 1284490535,
                    "timesteps_left": 5,
                    "zone_from": 13,
                    "zone_to": 42
                },
                {
                    "req_id": 667522907,
                    "timesteps_left": 5,
                    "zone_from": 32,
                    "zone_to": 36
                },
                {
                    "req_id": 1337586520,
                    "timesteps_left": 5,
                    "zone_from": 26,
                    "zone_to": 15
                }
            ],
            "cars": [
                {
                    "car_id": 378969712,
                    "n_reqs": 4,
                    "reqs_in_car": [
                        678740083,
                        667522907,
                        1284490535,
                        2013760988
                    ],
                    "path": [
                        32,
                        13,
                        13,
                        45,
                        42,
                        42,
                        36,
                        36
                    ],
                    "reward": 0.672895,
                    "icds": [
                        0,
                        1639,
                        237,
                        0
                    ],
                    "dist_red": 6041.0
                },
                {
                    "car_id": 848320920,
                    "n_reqs": 5,
                    "reqs_in_car": [
                        2028937885,
                        1093759783,
                        1777691046,
                        1349798578,
                        1876192627
                    ],
                    "path": [
                        58,
                        58,
                        58,
                        51,
                        51,
                        51,
                        18,
                        18,
                        13,
                        13
                    ],
                    "reward": 1.23067,
                    "icds": [
                        437,
                        434,
                        218,
                        0,
                        0
                    ],
                    "dist_red": 8662.0
                }
            ]
        },
        {
            "t": 8,
            "reqs": [
                {
                    "req_id": 1117356518,
                    "timesteps_left": 3,
                    "zone_from": 59,
                    "zone_to": 13
                },
                {
                    "req_id": 1606307752,
                    "timesteps_left": 3,
                    "zone_from": 29,
                    "zone_to": 35
                },
                {
                    "req_id": 1742275618,
                    "timesteps_left": 3,
                    "zone_from": 28,
                    "zone_to": 30
                },
                {
                    "req_id": 1201299015,
                    "timesteps_left": 4,
                    "zone_from": 18,
                    "zone_to": 27
                },
                {
                    "req_id": 1606979874,
                    "timesteps_left": 4,
                    "zone_from": 41,
                    "zone_to": 8
                },
                {
                    "req_id": 1337586520,
                    "timesteps_left": 4,
                    "zone_from": 26,
                    "zone_to": 15
                },
                {
                    "req_id": 1866077669,
                    "timesteps_left": 1,
                    "zone_from": 16,
                    "zone_to": 13
                },
                {
                    "req_id": 2097796811,
                    "timesteps_left": 2,
                    "zone_from": 16,
                    "zone_to": 0
                },
                {
                    "req_id": 1678423710,
                    "timesteps_left": 0,
                    "zone_from": 55,
                    "zone_to": 52
                },
                {
                    "req_id": 1788154,
                    "timesteps_left": 4,
                    "zone_from": 55,
                    "zone_to": 55
                },
                {
                    "req_id": 99577443,
                    "timesteps_left": 0,
                    "zone_from": 54,
                    "zone_to": 8
                },
                {
                    "req_id": 2070498863,
                    "timesteps_left": 3,
                    "zone_from": 3,
                    "zone_to": 36
                },
                {
                    "req_id": 43658368,
                    "timesteps_left": 0,
                    "zone_from": 47,
                    "zone_to": 37
                },
                {
                    "req_id": 105648142,
                    "timesteps_left": 0,
                    "zone_from": 36,
                    "zone_to": 42
                },
                {
                    "req_id": 565965413,
                    "timesteps_left": 1,
                    "zone_from": 36,
                    "zone_to": 42
                },
                {
                    "req_id": 2022677212,
                    "timesteps_left": 1,
                    "zone_from": 47,
                    "zone_to": 42
                },
                {
                    "req_id": 1881821866,
                    "timesteps_left": 4,
                    "zone_from": 47,
                    "zone_to": 42
                },
                {
                    "req_id": 317590519,
                    "timesteps_left": 0,
                    "zone_from": 52,
                    "zone_to": 34
                },
                {
                    "req_id": 1127554111,
                    "timesteps_left": 3,
                    "zone_from": 62,
                    "zone_to": 24
                },
                {
                    "req_id": 1990364127,
                    "timesteps_left": 4,
                    "zone_from": 53,
                    "zone_to": 52
                },
                {
                    "req_id": 180998646,
                    "timesteps_left": 1,
                    "zone_from": 38,
                    "zone_to": 56
                },
                {
                    "req_id": 70804042,
                    "timesteps_left": 4,
                    "zone_from": 62,
                    "zone_to": 46
                },
                {
                    "req_id": 1019237213,
                    "timesteps_left": 5,
                    "zone_from": 59,
                    "zone_to": 46
                },
                {
                    "req_id": 386511489,
                    "timesteps_left": 5,
                    "zone_from": 32,
                    "zone_to": 27
                },
                {
                    "req_id": 1523736104,
                    "timesteps_left": 5,
                    "zone_from": 60,
                    "zone_to": 35
                },
                {
                    "req_id": 1333612091,
                    "timesteps_left": 5,
                    "zone_from": 14,
                    "zone_to": 13
                },
                {
                    "req_id": 1900322923,
                    "timesteps_left": 5,
                    "zone_from": 16,
                    "zone_to": 15
                },
                {
                    "req_id": 904477269,
                    "timesteps_left": 5,
                    "zone_from": 41,
                    "zone_to": 46
                },
                {
                    "req_id": 492742904,
                    "timesteps_left": 5,
                    "zone_from": 13,
                    "zone_to": 10
                },
                {
                    "req_id": 1849284021,
                    "timesteps_left": 5,
                    "zone_from": 42,
                    "zone_to": 39
                },
                {
                    "req_id": 67693567,
                    "timesteps_left": 5,
                    "zone_from": 32,
                    "zone_to": 42
                },
                {
                    "req_id": 29626775,
                    "timesteps_left": 5,
                    "zone_from": 38,
                    "zone_to": 52
                }
            ],
            "cars": [
                {
                    "car_id": 1871774604,
                    "n_reqs": 3,
                    "reqs_in_car": [
                        99577443,
                        2070498863,
                        43658368
                    ],
                    "path": [
                        3,
                        54,
                        8,
                        47,
                        37,
                        36
                    ],
                    "reward": 0.406292,
                    "icds": [
                        0,
                        1419,
                        0
                    ],
                    "dist_red": 4471.0
                },
                {
                    "car_id": 1488825149,
                    "n_reqs": 4,
                    "reqs_in_car": [
                        105648142,
                        105648142,
                        2022677212,
                        2022677212
                    ],
                    "path": [
                        36,
                        36,
                        47,
                        47,
                        42,
                        42,
                        42,
                        42
                    ],
                    "reward": 1.38312,
                    "icds": [
                        34,
                        34,
                        0,
                        0
                    ],
                    "dist_red": 4871.0
                },
                {
                    "car_id": 155138507,
                    "n_reqs": 5,
                    "reqs_in_car": [
                        1127554111,
                        180998646,
                        1678423710,
                        1788154,
                        1742275618
                    ],
                    "path": [
                        38,
                        28,
                        30,
                        55,
                        55,
                        55,
                        52,
                        62,
                        24,
                        56
                    ],
                    "reward": 0.794206,
                    "icds": [
                        0,
                        2879,
                        0,
                        0,
                        0
                    ],
                    "dist_red": 8994.0
                }
            ]
        },
        {
            "t": 9,
            "reqs": [
                {
                    "req_id": 1606307752,
                    "timesteps_left": 2,
                    "zone_from": 29,
                    "zone_to": 35
                },
                {
                    "req_id": 1606979874,
                    "timesteps_left": 3,
                    "zone_from": 41,
                    "zone_to": 8
                },
                {
                    "req_id": 70804042,
                    "timesteps_left": 3,
                    "zone_from": 62,
                    "zone_to": 46
                },
                {
                    "req_id": 1523736104,
                    "timesteps_left": 4,
                    "zone_from": 60,
                    "zone_to": 35
                },
                {
                    "req_id": 1990364127,
                    "timesteps_left": 3,
                    "zone_from": 53,
                    "zone_to": 52
                },
                {
                    "req_id": 29626775,
                    "timesteps_left": 4,
                    "zone_from": 38,
                    "zone_to": 52
                },
                {
                    "req_id": 492742904,
                    "timesteps_left": 4,
                    "zone_from": 13,
                    "zone_to": 10
                },
                {
                    "req_id": 67693567,
                    "timesteps_left": 4,
                    "zone_from": 32,
                    "zone_to": 42
                },
                {
                    "req_id": 1333612091,
                    "timesteps_left": 4,
                    "zone_from": 14,
                    "zone_to": 13
                },
                {
                    "req_id": 1117356518,
                    "timesteps_left": 2,
                    "zone_from": 59,
                    "zone_to": 13
                },
                {
                    "req_id": 1201299015,
                    "timesteps_left": 3,
                    "zone_from": 18,
                    "zone_to": 27
                },
                {
                    "req_id": 1019237213,
                    "timesteps_left": 4,
                    "zone_from": 59,
                    "zone_to": 46
                },
                {
                    "req_id": 904477269,
                    "timesteps_left": 4,
                    "zone_from": 41,
                    "zone_to": 46
                },
                {
                    "req_id": 386511489,
                    "timesteps_left": 4,
                    "zone_from": 32,
                    "zone_to": 27
                },
                {
                    "req_id": 2097796811,
                    "timesteps_left": 1,
                    "zone_from": 16,
                    "zone_to": 0
                },
                {
                    "req_id": 1900322923,
                    "timesteps_left": 4,
                    "zone_from": 16,
                    "zone_to": 15
                },
                {
                    "req_id": 1866077669,
                    "timesteps_left": 0,
                    "zone_from": 16,
                    "zone_to": 13
                },
                {
                    "req_id": 1337586520,
                    "timesteps_left": 3,
                    "zone_from": 26,
                    "zone_to": 15
                },
                {
                    "req_id": 1849284021,
                    "timesteps_left": 4,
                    "zone_from": 42,
                    "zone_to": 39
                },
                {
                    "req_id": 2095609181,
                    "timesteps_left": 5,
                    "zone_from": 18,
                    "zone_to": 49
                },
                {
                    "req_id": 1243097681,
                    "timesteps_left": 5,
                    "zone_from": 16,
                    "zone_to": 20
                },
                {
                    "req_id": 1599559796,
                    "timesteps_left": 5,
                    "zone_from": 61,
                    "zone_to": 27
                },
                {
                    "req_id": 1289332392,
                    "timesteps_left": 5,
                    "zone_from": 32,
                    "zone_to": 39
                },
                {
                    "req_id": 900746990,
                    "timesteps_left": 5,
                    "zone_from": 30,
                    "zone_to": 28
                },
                {
                    "req_id": 2060179642,
                    "timesteps_left": 5,
                    "zone_from": 0,
                    "zone_to": 50
                },
                {
                    "req_id": 1662533043,
                    "timesteps_left": 5,
                    "zone_from": 4,
                    "zone_to": 11
                },
                {
                    "req_id": 1201079108,
                    "timesteps_left": 5,
                    "zone_from": 48,
                    "zone_to": 18
                },
                {
                    "req_id": 961558018,
                    "timesteps_left": 5,
                    "zone_from": 62,
                    "zone_to": 26
                },
                {
                    "req_id": 176656754,
                    "timesteps_left": 5,
                    "zone_from": 51,
                    "zone_to": 13
                }
            ],
            "cars": [
                {
                    "car_id": 1566122292,
                    "n_reqs": 2,
                    "reqs_in_car": [
                        1990364127,
                        29626775
                    ],
                    "path": [
                        38,
                        53,
                        52,
                        52
                    ],
                    "reward": 0.322745,
                    "icds": [
                        0,
                        108
                    ],
                    "dist_red": 1519.0
                },
                {
                    "car_id": 1985701934,
                    "n_reqs": 3,
                    "reqs_in_car": [
                        70804042,
                        1599559796,
                        961558018
                    ],
                    "path": [
                        62,
                        62,
                        61,
                        27,
                        46,
                        26
                    ],
                    "reward": 0.482134,
                    "icds": [
                        224,
                        0,
                        669
                    ],
                    "dist_red": 5634.0
                },
                {
                    "car_id": 1361044305,
                    "n_reqs": 3,
                    "reqs_in_car": [
                        2097796811,
                        1866077669,
                        176656754
                    ],
                    "path": [
                        16,
                        16,
                        51,
                        13,
                        13,
                        0
                    ],
                    "reward": 0.685425,
                    "icds": [
                        253,
                        180,
                        0
                    ],
                    "dist_red": 4132.0
                },
                {
                    "car_id": 1885776048,
                    "n_reqs": 5,
                    "reqs_in_car": [
                        1900322923,
                        1243097681,
                        1337586520,
                        1849284021,
                        1606979874
                    ],
                    "path": [
                        26,
                        41,
                        8,
                        42,
                        39,
                        16,
                        16,
                        20,
                        15,
                        15
                    ],
                    "reward": 0.644444,
                    "icds": [
                        631,
                        0,
                        3645,
                        0,
                        0
                    ],
                    "dist_red": 7391.0
                },
                {
                    "car_id": 544680831,
                    "n_reqs": 5,
                    "reqs_in_car": [
                        492742904,
                        67693567,
                        1333612091,
                        1117356518,
                        1289332392
                    ],
                    "path": [
                        14,
                        32,
                        32,
                        13,
                        39,
                        42,
                        10,
                        59,
                        13,
                        13
                    ],
                    "reward": 0.883344,
                    "icds": [
                        343,
                        486,
                        280,
                        0,
                        454
                    ],
                    "dist_red": 11610.0
                },
                {
                    "car_id": 2033196950,
                    "n_reqs": 5,
                    "reqs_in_car": [
                        1201299015,
                        904477269,
                        1019237213,
                        386511489,
                        1201079108
                    ],
                    "path": [
                        32,
                        48,
                        59,
                        18,
                        18,
                        41,
                        46,
                        46,
                        27,
                        27
                    ],
                    "reward": 0.812116,
                    "icds": [
                        429,
                        0,
                        254,
                        2725,
                        295
                    ],
                    "dist_red": 13971.0
                }
            ]
        }
    ],
    "serv_rate": 90.0,
    "n_cars": 22,
    "avg_occ": 1.6181818181818184,
    "dist_red": 147.402,
    "dist_red_perc": 7,
    "trip_red": 68,
    "trip_red_perc": 13,
    "kg_co2_red": 19,
    "icd_mean": 77
}