{
    "timesteps": [
        {
            "t": 0,
            "reqs": [
                {
                    "req_id": 397161043,
                    "timesteps_left": 1,
                    "zone_from": 55,
                    "zone_to": 57
                },
                {
                    "req_id": 415841487,
                    "timesteps_left": 1,
                    "zone_from": 18,
                    "zone_to": 10
                },
                {
                    "req_id": 418224921,
                    "timesteps_left": 1,
                    "zone_from": 10,
                    "zone_to": 59
                },
                {
                    "req_id": 463421321,
                    "timesteps_left": 1,
                    "zone_from": 13,
                    "zone_to": 14
                },
                {
                    "req_id": 790906723,
                    "timesteps_left": 1,
                    "zone_from": 5,
                    "zone_to": 57
                },
                {
                    "req_id": 1378421908,
                    "timesteps_left": 1,
                    "zone_from": 47,
                    "zone_to": 40
                },
                {
                    "req_id": 463701026,
                    "timesteps_left": 1,
                    "zone_from": 13,
                    "zone_to": 38
                },
                {
                    "req_id": 1628138268,
                    "timesteps_left": 1,
                    "zone_from": 16,
                    "zone_to": 27
                },
                {
                    "req_id": 295634080,
                    "timesteps_left": 1,
                    "zone_from": 9,
                    "zone_to": 51
                },
                {
                    "req_id": 1600814960,
                    "timesteps_left": 1,
                    "zone_from": 8,
                    "zone_to": 56
                },
                {
                    "req_id": 638910763,
                    "timesteps_left": 1,
                    "zone_from": 54,
                    "zone_to": 6
                },
                {
                    "req_id": 1693471271,
                    "timesteps_left": 1,
                    "zone_from": 29,
                    "zone_to": 54
                },
                {
                    "req_id": 299709601,
                    "timesteps_left": 1,
                    "zone_from": 29,
                    "zone_to": 8
                },
                {
                    "req_id": 679454828,
                    "timesteps_left": 1,
                    "zone_from": 30,
                    "zone_to": 3
                },
                {
                    "req_id": 1434983427,
                    "timesteps_left": 1,
                    "zone_from": 17,
                    "zone_to": 17
                },
                {
                    "req_id": 549685277,
                    "timesteps_left": 1,
                    "zone_from": 48,
                    "zone_to": 39
                },
                {
                    "req_id": 1287953798,
                    "timesteps_left": 1,
                    "zone_from": 8,
                    "zone_to": 19
                },
                {
                    "req_id": 1908703966,
                    "timesteps_left": 1,
                    "zone_from": 59,
                    "zone_to": 55
                },
                {
                    "req_id": 839795604,
                    "timesteps_left": 1,
                    "zone_from": 33,
                    "zone_to": 54
                },
                {
                    "req_id": 1622352066,
                    "timesteps_left": 1,
                    "zone_from": 29,
                    "zone_to": 27
                }
            ],
            "cars": []
        },
        {
            "t": 1,
            "reqs": [
                {
                    "req_id": 463421321,
                    "timesteps_left": 0,
                    "zone_from": 13,
                    "zone_to": 14
                },
                {
                    "req_id": 1628138268,
                    "timesteps_left": 0,
                    "zone_from": 16,
                    "zone_to": 27
                },
                {
                    "req_id": 549685277,
                    "timesteps_left": 0,
                    "zone_from": 48,
                    "zone_to": 39
                },
                {
                    "req_id": 1908703966,
                    "timesteps_left": 0,
                    "zone_from": 59,
                    "zone_to": 55
                },
                {
                    "req_id": 839795604,
                    "timesteps_left": 0,
                    "zone_from": 33,
                    "zone_to": 54
                },
                {
                    "req_id": 1622352066,
                    "timesteps_left": 0,
                    "zone_from": 29,
                    "zone_to": 27
                },
                {
                    "req_id": 1378421908,
                    "timesteps_left": 0,
                    "zone_from": 47,
                    "zone_to": 40
                },
                {
                    "req_id": 679454828,
                    "timesteps_left": 0,
                    "zone_from": 30,
                    "zone_to": 3
                },
                {
                    "req_id": 415841487,
                    "timesteps_left": 0,
                    "zone_from": 18,
                    "zone_to": 10
                },
                {
                    "req_id": 463701026,
                    "timesteps_left": 0,
                    "zone_from": 13,
                    "zone_to": 38
                },
                {
                    "req_id": 1434983427,
                    "timesteps_left": 0,
                    "zone_from": 17,
                    "zone_to": 17
                },
                {
                    "req_id": 418224921,
                    "timesteps_left": 0,
                    "zone_from": 10,
                    "zone_to": 59
                },
                {
                    "req_id": 1287953798,
                    "timesteps_left": 0,
                    "zone_from": 8,
                    "zone_to": 19
                },
                {
                    "req_id": 295634080,
                    "timesteps_left": 0,
                    "zone_from": 9,
                    "zone_to": 51
                },
                {
                    "req_id": 299709601,
                    "timesteps_left": 0,
                    "zone_from": 29,
                    "zone_to": 8
                },
                {
                    "req_id": 397161043,
                    "timesteps_left": 0,
                    "zone_from": 55,
                    "zone_to": 57
                },
                {
                    "req_id": 1600814960,
                    "timesteps_left": 0,
                    "zone_from": 8,
                    "zone_to": 56
                },
                {
                    "req_id": 1693471271,
                    "timesteps_left": 0,
                    "zone_from": 29,
                    "zone_to": 54
                },
                {
                    "req_id": 790906723,
                    "timesteps_left": 0,
                    "zone_from": 5,
                    "zone_to": 57
                },
                {
                    "req_id": 638910763,
                    "timesteps_left": 0,
                    "zone_from": 54,
                    "zone_to": 6
                },
                {
                    "req_id": 95053828,
                    "timesteps_left": 1,
                    "zone_from": 58,
                    "zone_to": 57
                },
                {
                    "req_id": 1639436806,
                    "timesteps_left": 1,
                    "zone_from": 17,
                    "zone_to": 45
                },
                {
                    "req_id": 1124660342,
                    "timesteps_left": 1,
                    "zone_from": 47,
                    "zone_to": 32
                },
                {
                    "req_id": 1682865377,
                    "timesteps_left": 1,
                    "zone_from": 39,
                    "zone_to": 38
                },
                {
                    "req_id": 875295249,
                    "timesteps_left": 1,
                    "zone_from": 36,
                    "zone_to": 42
                },
                {
                    "req_id": 1879224088,
                    "timesteps_left": 1,
                    "zone_from": 15,
                    "zone_to": 13
                },
                {
                    "req_id": 1627675490,
                    "timesteps_left": 1,
                    "zone_from": 18,
                    "zone_to": 18
                },
                {
                    "req_id": 1504791928,
                    "timesteps_left": 1,
                    "zone_from": 47,
                    "zone_to": 51
                },
                {
                    "req_id": 1535799438,
                    "timesteps_left": 1,
                    "zone_from": 39,
                    "zone_to": 32
                },
                {
                    "req_id": 1782463181,
                    "timesteps_left": 1,
                    "zone_from": 10,
                    "zone_to": 32
                },
                {
                    "req_id": 1335790074,
                    "timesteps_left": 1,
                    "zone_from": 9,
                    "zone_to": 8
                },
                {
                    "req_id": 6880157,
                    "timesteps_left": 1,
                    "zone_from": 46,
                    "zone_to": 18
                },
                {
                    "req_id": 1513088952,
                    "timesteps_left": 1,
                    "zone_from": 44,
                    "zone_to": 62
                },
                {
                    "req_id": 1337208629,
                    "timesteps_left": 1,
                    "zone_from": 59,
                    "zone_to": 27
                },
                {
                    "req_id": 528738981,
                    "timesteps_left": 1,
                    "zone_from": 18,
                    "zone_to": 42
                },
                {
                    "req_id": 302505246,
                    "timesteps_left": 1,
                    "zone_from": 18,
                    "zone_to": 18
                },
                {
                    "req_id": 926984040,
                    "timesteps_left": 1,
                    "zone_from": 29,
                    "zone_to": 14
                },
                {
                    "req_id": 1025235068,
                    "timesteps_left": 1,
                    "zone_from": 8,
                    "zone_to": 9
                },
                {
                    "req_id": 442385900,
                    "timesteps_left": 1,
                    "zone_from": 33,
                    "zone_to": 57
                },
                {
                    "req_id": 699989092,
                    "timesteps_left": 1,
                    "zone_from": 13,
                    "zone_to": 27
                }
            ],
            "cars": [
                {
                    "car_id": 1818924725,
                    "n_reqs": 2,
                    "reqs_in_car": [
                        1378421908,
                        679454828
                    ],
                    "path": [
                        47,
                        30,
                        3,
                        40
                    ],
                    "reward": 0.313697,
                    "icds": [
                        181,
                        0
                    ],
                    "dist_red": 3434.0
                },
                {
                    "car_id": 1231468469,
                    "n_reqs": 2,
                    "reqs_in_car": [
                        415841487,
                        528738981
                    ],
                    "path": [
                        18,
                        18,
                        42,
                        10
                    ],
                    "reward": 0.347762,
                    "icds": [
                        178,
                        0
                    ],
                    "dist_red": 2048.0
                },
                {
                    "car_id": 960111398,
                    "n_reqs": 5,
                    "reqs_in_car": [
                        463421321,
                        926984040,
                        299709601,
                        1434983427,
                        1639436806
                    ],
                    "path": [
                        29,
                        29,
                        8,
                        17,
                        17,
                        17,
                        45,
                        13,
                        14,
                        14
                    ],
                    "reward": 1.16125,
                    "icds": [
                        0,
                        1470,
                        0,
                        0,
                        0
                    ],
                    "dist_red": 10015.0
                },
                {
                    "car_id": 1555802626,
                    "n_reqs": 5,
                    "reqs_in_car": [
                        1337208629,
                        699989092,
                        1627675490,
                        1628138268,
                        1627675490
                    ],
                    "path": [
                        59,
                        16,
                        18,
                        18,
                        18,
                        18,
                        13,
                        27,
                        27,
                        27
                    ],
                    "reward": 1.0617,
                    "icds": [
                        862,
                        0,
                        0,
                        608,
                        0
                    ],
                    "dist_red": 8274.0
                },
                {
                    "car_id": 961246384,
                    "n_reqs": 5,
                    "reqs_in_car": [
                        463701026,
                        1513088952,
                        1622352066,
                        1879224088,
                        549685277
                    ],
                    "path": [
                        44,
                        48,
                        15,
                        13,
                        13,
                        39,
                        38,
                        29,
                        27,
                        62
                    ],
                    "reward": 0.573301,
                    "icds": [
                        344,
                        3555,
                        0,
                        0,
                        967
                    ],
                    "dist_red": 11087.0
                },
                {
                    "car_id": 454585924,
                    "n_reqs": 5,
                    "reqs_in_car": [
                        397161043,
                        442385900,
                        95053828,
                        1908703966,
                        418224921
                    ],
                    "path": [
                        58,
                        10,
                        59,
                        59,
                        55,
                        55,
                        33,
                        57,
                        57,
                        57
                    ],
                    "reward": 1.06794,
                    "icds": [
                        310,
                        0,
                        1992,
                        0,
                        0
                    ],
                    "dist_red": 19785.0
                },
                {
                    "car_id": 544659736,
                    "n_reqs": 5,
                    "reqs_in_car": [
                        1600814960,
                        1693471271,
                        790906723,
                        638910763,
                        839795604
                    ],
                    "path": [
                        8,
                        29,
                        33,
                        54,
                        54,
                        54,
                        6,
                        5,
                        57,
                        56
                    ],
                    "reward": 0.636686,
                    "icds": [
                        2521,
                        359,
                        0,
                        0,
                        0
                    ],
                    "dist_red": 7419.0
                },
                {
                    "car_id": 1199651855,
                    "n_reqs": 5,
                    "reqs_in_car": [
                        295634080,
                        1504791928,
                        1335790074,
                        1025235068,
                        1287953798
                    ],
                    "path": [
                        8,
                        8,
                        9,
                        9,
                        9,
                        8,
                        47,
                        51,
                        51,
                        19
                    ],
                    "reward": 1.06209,
                    "icds": [
                        550,
                        0,
                        0,
                        0,
                        1177
                    ],
                    "dist_red": 6972.0
                }
            ]
        },
        {
            "t": 2,
            "reqs": [
                {
                    "req_id": 6880157,
                    "timesteps_left": 0,
                    "zone_from": 46,
                    "zone_to": 18
                },
                {
                    "req_id": 1124660342,
                    "timesteps_left": 0,
                    "zone_from": 47,
                    "zone_to": 32
                },
                {
                    "req_id": 1535799438,
                    "timesteps_left": 0,
                    "zone_from": 39,
                    "zone_to": 32
                },
                {
                    "req_id": 1782463181,
                    "timesteps_left": 0,
                    "zone_from": 10,
                    "zone_to": 32
                },
                {
                    "req_id": 875295249,
                    "timesteps_left": 0,
                    "zone_from": 36,
                    "zone_to": 42
                },
                {
                    "req_id": 1682865377,
                    "timesteps_left": 0,
                    "zone_from": 39,
                    "zone_to": 38
                },
                {
                    "req_id": 1174372481,
                    "timesteps_left": 1,
                    "zone_from": 19,
                    "zone_to": 41
                },
                {
                    "req_id": 318127562,
                    "timesteps_left": 1,
                    "zone_from": 0,
                    "zone_to": 13
                },
                {
                    "req_id": 1449154614,
                    "timesteps_left": 1,
                    "zone_from": 62,
                    "zone_to": 62
                },
                {
                    "req_id": 1738048249,
                    "timesteps_left": 1,
                    "zone_from": 13,
                    "zone_to": 37
                },
                {
                    "req_id": 340555167,
                    "timesteps_left": 1,
                    "zone_from": 59,
                    "zone_to": 35
                },
                {
                    "req_id": 1971696825,
                    "timesteps_left": 1,
                    "zone_from": 51,
                    "zone_to": 48
                },
                {
                    "req_id": 1264403779,
                    "timesteps_left": 1,
                    "zone_from": 55,
                    "zone_to": 33
                },
                {
                    "req_id": 47902934,
                    "timesteps_left": 1,
                    "zone_from": 44,
                    "zone_to": 13
                },
                {
                    "req_id": 1006300546,
                    "timesteps_left": 1,
                    "zone_from": 58,
                    "zone_to": 10
                },
                {
                    "req_id": 175772101,
                    "timesteps_left": 1,
                    "zone_from": 6,
                    "zone_to": 17
                },
                {
                    "req_id": 1478566857,
                    "timesteps_left": 1,
                    "zone_from": 39,
                    "zone_to": 13
                },
                {
                    "req_id": 1600182748,
                    "timesteps_left": 1,
                    "zone_from": 59,
                    "zone_to": 35
                },
                {
                    "req_id": 1420030162,
                    "timesteps_left": 1,
                    "zone_from": 62,
                    "zone_to": 52
                },
                {
                    "req_id": 1095874314,
                    "timesteps_left": 1,
                    "zone_from": 13,
                    "zone_to": 26
                },
                {
                    "req_id": 47014307,
                    "timesteps_left": 1,
                    "zone_from": 29,
                    "zone_to": 24
                },
                {
                    "req_id": 1595713878,
                    "timesteps_left": 1,
                    "zone_from": 18,
                    "zone_to": 33
                },
                {
                    "req_id": 2088602213,
                    "timesteps_left": 1,
                    "zone_from": 41,
                    "zone_to": 35
                },
                {
                    "req_id": 1831638272,
                    "timesteps_left": 1,
                    "zone_from": 17,
                    "zone_to": 37
                },
                {
                    "req_id": 1266897914,
                    "timesteps_left": 1,
                    "zone_from": 42,
                    "zone_to": 41
                },
                {
                    "req_id": 932721684,
                    "timesteps_left": 1,
                    "zone_from": 9,
                    "zone_to": 8
                }
            ],
            "cars": [
                {
                    "car_id": 937987340,
                    "n_reqs": 4,
                    "reqs_in_car": [
                        1682865377,
                        1595713878,
                        1264403779,
                        1174372481
                    ],
                    "path": [
                        18,
                        19,
                        41,
                        39,
                        38,
                        55,
                        33,
                        33
                    ],
                    "reward": 0.509975,
                    "icds": [
                        0,
                        1985,
                        0,
                        0
                    ],
                    "dist_red": 3734.0
                },
                {
                    "car_id": 408991945,
                    "n_reqs": 5,
                    "reqs_in_car": [
                        875295249,
                        175772101,
                        6880157,
                        1266897914,
                        1831638272
                    ],
                    "path": [
                        46,
                        6,
                        36,
                        42,
                        42,
                        17,
                        17,
                        41,
                        37,
                        18
                    ],
                    "reward": 0.223643,
                    "icds": [
                        0,
                        584,
                        2798,
                        241,
                        180
                    ],
                    "dist_red": 3213.0
                },
                {
                    "car_id": 1826641955,
                    "n_reqs": 5,
                    "reqs_in_car": [
                        1535799438,
                        1782463181,
                        1124660342,
                        1006300546,
                        932721684
                    ],
                    "path": [
                        47,
                        9,
                        8,
                        58,
                        10,
                        10,
                        39,
                        32,
                        32,
                        32
                    ],
                    "reward": 0.987949,
                    "icds": [
                        0,
                        225,
                        1642,
                        0,
                        0
                    ],
                    "dist_red": 8992.0
                }
            ]
        },
        {
            "t": 3,
            "reqs": [
                {
                    "req_id": 1971696825,
                    "timesteps_left": 0,
                    "zone_from": 51,
                    "zone_to": 48
                },
                {
                    "req_id": 47014307,
                    "timesteps_left": 0,
                    "zone_from": 29,
                    "zone_to": 24
                },
                {
                    "req_id": 2088602213,
                    "timesteps_left": 0,
                    "zone_from": 41,
                    "zone_to": 35
                },
                {
                    "req_id": 1449154614,
                    "timesteps_left": 0,
                    "zone_from": 62,
                    "zone_to": 62
                },
                {
                    "req_id": 1420030162,
                    "timesteps_left": 0,
                    "zone_from": 62,
                    "zone_to": 52
                },
                {
                    "req_id": 340555167,
                    "timesteps_left": 0,
                    "zone_from": 59,
                    "zone_to": 35
                },
                {
                    "req_id": 1600182748,
                    "timesteps_left": 0,
                    "zone_from": 59,
                    "zone_to": 35
                },
                {
                    "req_id": 1738048249,
                    "timesteps_left": 0,
                    "zone_from": 13,
                    "zone_to": 37
                },
                {
                    "req_id": 1095874314,
                    "timesteps_left": 0,
                    "zone_from": 13,
                    "zone_to": 26
                },
                {
                    "req_id": 318127562,
                    "timesteps_left": 0,
                    "zone_from": 0,
                    "zone_to": 13
                },
                {
                    "req_id": 1478566857,
                    "timesteps_left": 0,
                    "zone_from": 39,
                    "zone_to": 13
                },
                {
                    "req_id": 47902934,
                    "timesteps_left": 0,
                    "zone_from": 44,
                    "zone_to": 13
                },
                {
                    "req_id": 991950726,
                    "timesteps_left": 1,
                    "zone_from": 39,
                    "zone_to": 41
                },
                {
                    "req_id": 511959791,
                    "timesteps_left": 1,
                    "zone_from": 14,
                    "zone_to": 35
                },
                {
                    "req_id": 355564773,
                    "timesteps_left": 1,
                    "zone_from": 23,
                    "zone_to": 49
                },
                {
                    "req_id": 1137737963,
                    "timesteps_left": 1,
                    "zone_from": 38,
                    "zone_to": 42
                },
                {
                    "req_id": 534099900,
                    "timesteps_left": 1,
                    "zone_from": 16,
                    "zone_to": 58
                },
                {
                    "req_id": 788477731,
                    "timesteps_left": 1,
                    "zone_from": 36,
                    "zone_to": 42
                },
                {
                    "req_id": 1115192022,
                    "timesteps_left": 1,
                    "zone_from": 47,
                    "zone_to": 53
                },
                {
                    "req_id": 2084601670,
                    "timesteps_left": 1,
                    "zone_from": 51,
                    "zone_to": 13
                },
                {
                    "req_id": 1505200587,
                    "timesteps_left": 1,
                    "zone_from": 26,
                    "zone_to": 13
                },
                {
                    "req_id": 803949706,
                    "timesteps_left": 1,
                    "zone_from": 8,
                    "zone_to": 8
                },
                {
                    "req_id": 1013523616,
                    "timesteps_left": 1,
                    "zone_from": 53,
                    "zone_to": 41
                },
                {
                    "req_id": 419055943,
                    "timesteps_left": 1,
                    "zone_from": 36,
                    "zone_to": 61
                },
                {
                    "req_id": 32243816,
                    "timesteps_left": 1,
                    "zone_from": 23,
                    "zone_to": 58
                },
                {
                    "req_id": 1837456175,
                    "timesteps_left": 1,
                    "zone_from": 55,
                    "zone_to": 54
                },
                {
                    "req_id": 1105551278,
                    "timesteps_left": 1,
                    "zone_from": 36,
                    "zone_to": 46
                },
                {
                    "req_id": 1467690910,
                    "timesteps_left": 1,
                    "zone_from": 39,
                    "zone_to": 2
                },
                {
                    "req_id": 1758425168,
                    "timesteps_left": 1,
                    "zone_from": 27,
                    "zone_to": 7
                },
                {
                    "req_id": 515407265,
                    "timesteps_left": 1,
                    "zone_from": 31,
                    "zone_to": 0
                },
                {
                    "req_id": 2054062482,
                    "timesteps_left": 1,
                    "zone_from": 62,
                    "zone_to": 3
                },
                {
                    "req_id": 497903610,
                    "timesteps_left": 1,
                    "zone_from": 30,
                    "zone_to": 52
                }
            ],
            "cars": [
                {
                    "car_id": 1346587474,
                    "n_reqs": 2,
                    "reqs_in_car": [
                        47014307,
                        1837456175
                    ],
                    "path": [
                        29,
                        55,
                        54,
                        24
                    ],
                    "reward": 0.0379488,
                    "icds": [
                        558,
                        0
                    ],
                    "dist_red": 909.0
                },
                {
                    "car_id": 1996614491,
                    "n_reqs": 2,
                    "reqs_in_car": [
                        1420030162,
                        2054062482
                    ],
                    "path": [
                        62,
                        62,
                        52,
                        3
                    ],
                    "reward": 0.215912,
                    "icds": [
                        0,
                        35
                    ],
                    "dist_red": 452.0
                },
                {
                    "car_id": 673951556,
                    "n_reqs": 2,
                    "reqs_in_car": [
                        340555167,
                        340555167
                    ],
                    "path": [
                        59,
                        59,
                        35,
                        35
                    ],
                    "reward": 0.5,
                    "icds": [
                        0,
                        0
                    ],
                    "dist_red": 792.0
                },
                {
                    "car_id": 762420290,
                    "n_reqs": 2,
                    "reqs_in_car": [
                        1738048249,
                        1095874314
                    ],
                    "path": [
                        13,
                        13,
                        26,
                        37
                    ],
                    "reward": 0.323076,
                    "icds": [
                        208,
                        0
                    ],
                    "dist_red": 2541.0
                },
                {
                    "car_id": 837910325,
                    "n_reqs": 2,
                    "reqs_in_car": [
                        47902934,
                        515407265
                    ],
                    "path": [
                        31,
                        44,
                        13,
                        0
                    ],
                    "reward": 0.223924,
                    "icds": [
                        0,
                        318
                    ],
                    "dist_red": 1537.0
                },
                {
                    "car_id": 380314693,
                    "n_reqs": 3,
                    "reqs_in_car": [
                        534099900,
                        32243816,
                        1971696825
                    ],
                    "path": [
                        16,
                        51,
                        48,
                        23,
                        58,
                        58
                    ],
                    "reward": 0.117779,
                    "icds": [
                        1332,
                        0,
                        0
                    ],
                    "dist_red": 1047.0
                },
                {
                    "car_id": 158628526,
                    "n_reqs": 4,
                    "reqs_in_car": [
                        318127562,
                        1478566857,
                        1505200587,
                        991950726
                    ],
                    "path": [
                        39,
                        39,
                        41,
                        26,
                        0,
                        13,
                        13,
                        13
                    ],
                    "reward": 0.823918,
                    "icds": [
                        0,
                        406,
                        0,
                        0
                    ],
                    "dist_red": 2696.0
                },
                {
                    "car_id": 727487757,
                    "n_reqs": 5,
                    "reqs_in_car": [
                        2088602213,
                        1467690910,
                        1013523616,
                        1758425168,
                        355564773
                    ],
                    "path": [
                        27,
                        53,
                        41,
                        41,
                        39,
                        35,
                        2,
                        23,
                        49,
                        7
                    ],
                    "reward": 0.72714,
                    "icds": [
                        57,
                        413,
                        0,
                        3975,
                        0
                    ],
                    "dist_red": 10755.0
                },
                {
                    "car_id": 1082585919,
                    "n_reqs": 5,
                    "reqs_in_car": [
                        1449154614,
                        419055943,
                        497903610,
                        803949706,
                        1115192022
                    ],
                    "path": [
                        36,
                        47,
                        8,
                        8,
                        30,
                        53,
                        52,
                        62,
                        62,
                        61
                    ],
                    "reward": 0.722917,
                    "icds": [
                        0,
                        1349,
                        108,
                        0,
                        511
                    ],
                    "dist_red": 4875.0
                }
            ]
        },
        {
            "t": 4,
            "reqs": [
                {
                    "req_id": 511959791,
                    "timesteps_left": 0,
                    "zone_from": 14,
                    "zone_to": 35
                },
                {
                    "req_id": 2084601670,
                    "timesteps_left": 0,
                    "zone_from": 51,
                    "zone_to": 13
                },
                {
                    "req_id": 1105551278,
                    "timesteps_left": 0,
                    "zone_from": 36,
                    "zone_to": 46
                },
                {
                    "req_id": 1137737963,
                    "timesteps_left": 0,
                    "zone_from": 38,
                    "zone_to": 42
                },
                {
                    "req_id": 788477731,
                    "timesteps_left": 0,
                    "zone_from": 36,
                    "zone_to": 42
                },
                {
                    "req_id": 1084669836,
                    "timesteps_left": 1,
                    "zone_from": 9,
                    "zone_to": 9
                },
                {
                    "req_id": 1196389719,
                    "timesteps_left": 1,
                    "zone_from": 59,
                    "zone_to": 10
                },
                {
                    "req_id": 2039888711,
                    "timesteps_left": 1,
                    "zone_from": 51,
                    "zone_to": 13
                },
                {
                    "req_id": 998421516,
                    "timesteps_left": 1,
                    "zone_from": 53,
                    "zone_to": 52
                },
                {
                    "req_id": 1700297245,
                    "timesteps_left": 1,
                    "zone_from": 9,
                    "zone_to": 58
                },
                {
                    "req_id": 1298689900,
                    "timesteps_left": 1,
                    "zone_from": 36,
                    "zone_to": 36
                },
                {
                    "req_id": 1716068093,
                    "timesteps_left": 1,
                    "zone_from": 55,
                    "zone_to": 61
                },
                {
                    "req_id": 2098420467,
                    "timesteps_left": 1,
                    "zone_from": 37,
                    "zone_to": 46
                },
                {
                    "req_id": 8138572,
                    "timesteps_left": 1,
                    "zone_from": 36,
                    "zone_to": 17
                },
                {
                    "req_id": 741836503,
                    "timesteps_left": 1,
                    "zone_from": 52,
                    "zone_to": 12
                },
                {
                    "req_id": 1430724841,
                    "timesteps_left": 1,
                    "zone_from": 41,
                    "zone_to": 32
                },
                {
                    "req_id": 1306781703,
                    "timesteps_left": 1,
                    "zone_from": 32,
                    "zone_to": 33
                },
                {
                    "req_id": 1804723031,
                    "timesteps_left": 1,
                    "zone_from": 19,
                    "zone_to": 41
                },
                {
                    "req_id": 995028776,
                    "timesteps_left": 1,
                    "zone_from": 44,
                    "zone_to": 17
                },
                {
                    "req_id": 762887211,
                    "timesteps_left": 1,
                    "zone_from": 46,
                    "zone_to": 61
                },
                {
                    "req_id": 1494698309,
                    "timesteps_left": 1,
                    "zone_from": 40,
                    "zone_to": 54
                },
                {
                    "req_id": 176051597,
                    "timesteps_left": 1,
                    "zone_from": 20,
                    "zone_to": 48
                },
                {
                    "req_id": 1534567762,
                    "timesteps_left": 1,
                    "zone_from": 26,
                    "zone_to": 13
                },
                {
                    "req_id": 673803695,
                    "timesteps_left": 1,
                    "zone_from": 59,
                    "zone_to": 33
                },
                {
                    "req_id": 1331875388,
                    "timesteps_left": 1,
                    "zone_from": 48,
                    "zone_to": 41
                }
            ],
            "cars": [
                {
                    "car_id": 524225389,
                    "n_reqs": 2,
                    "reqs_in_car": [
                        1105551278,
                        2098420467
                    ],
                    "path": [
                        36,
                        37,
                        46,
                        46
                    ],
                    "reward": 0.294042,
                    "icds": [
                        108,
                        0
                    ],
                    "dist_red": 981.0
                },
                {
                    "car_id": 1564064777,
                    "n_reqs": 3,
                    "reqs_in_car": [
                        2084601670,
                        2084601670,
                        1534567762
                    ],
                    "path": [
                        26,
                        51,
                        51,
                        13,
                        13,
                        13
                    ],
                    "reward": 0.593563,
                    "icds": [
                        0,
                        0,
                        524
                    ],
                    "dist_red": 3320.0
                },
                {
                    "car_id": 1040876802,
                    "n_reqs": 3,
                    "reqs_in_car": [
                        1137737963,
                        788477731,
                        1298689900
                    ],
                    "path": [
                        38,
                        36,
                        36,
                        36,
                        42,
                        42
                    ],
                    "reward": 0.582684,
                    "icds": [
                        197,
                        0,
                        0
                    ],
                    "dist_red": 1674.0
                }
            ]
        },
        {
            "t": 5,
            "reqs": [
                {
                    "req_id": 1716068093,
                    "timesteps_left": 0,
                    "zone_from": 55,
                    "zone_to": 61
                },
                {
                    "req_id": 1430724841,
                    "timesteps_left": 0,
                    "zone_from": 41,
                    "zone_to": 32
                },
                {
                    "req_id": 762887211,
                    "timesteps_left": 0,
                    "zone_from": 46,
                    "zone_to": 61
                },
                {
                    "req_id": 1494698309,
                    "timesteps_left": 0,
                    "zone_from": 40,
                    "zone_to": 54
                },
                {
                    "req_id": 1084669836,
                    "timesteps_left": 0,
                    "zone_from": 9,
                    "zone_to": 9
                },
                {
                    "req_id": 1700297245,
                    "timesteps_left": 0,
                    "zone_from": 9,
                    "zone_to": 58
                },
                {
                    "req_id": 998421516,
                    "timesteps_left": 0,
                    "zone_from": 53,
                    "zone_to": 52
                },
                {
                    "req_id": 1306781703,
                    "timesteps_left": 0,
                    "zone_from": 32,
                    "zone_to": 33
                },
                {
                    "req_id": 741836503,
                    "timesteps_left": 0,
                    "zone_from": 52,
                    "zone_to": 12
                },
                {
                    "req_id": 673803695,
                    "timesteps_left": 0,
                    "zone_from": 59,
                    "zone_to": 33
                },
                {
                    "req_id": 1196389719,
                    "timesteps_left": 0,
                    "zone_from": 59,
                    "zone_to": 10
                },
                {
                    "req_id": 995028776,
                    "timesteps_left": 0,
                    "zone_from": 44,
                    "zone_to": 17
                },
                {
                    "req_id": 1331875388,
                    "timesteps_left": 0,
                    "zone_from": 48,
                    "zone_to": 41
                },
                {
                    "req_id": 1804723031,
                    "timesteps_left": 0,
                    "zone_from": 19,
                    "zone_to": 41
                },
                {
                    "req_id": 176051597,
                    "timesteps_left": 0,
                    "zone_from": 20,
                    "zone_to": 48
                },
                {
                    "req_id": 8138572,
                    "timesteps_left": 0,
                    "zone_from": 36,
                    "zone_to": 17
                },
                {
                    "req_id": 490343045,
                    "timesteps_left": 1,
                    "zone_from": 13,
                    "zone_to": 37
                },
                {
                    "req_id": 762967517,
                    "timesteps_left": 1,
                    "zone_from": 32,
                    "zone_to": 36
                },
                {
                    "req_id": 906228119,
                    "timesteps_left": 1,
                    "zone_from": 55,
                    "zone_to": 55
                },
                {
                    "req_id": 1343276365,
                    "timesteps_left": 1,
                    "zone_from": 51,
                    "zone_to": 13
                },
                {
                    "req_id": 2106971743,
                    "timesteps_left": 1,
                    "zone_from": 8,
                    "zone_to": 29
                },
                {
                    "req_id": 1900023794,
                    "timesteps_left": 1,
                    "zone_from": 41,
                    "zone_to": 45
                },
                {
                    "req_id": 1684104028,
                    "timesteps_left": 1,
                    "zone_from": 32,
                    "zone_to": 0
                },
                {
                    "req_id": 2018952597,
                    "timesteps_left": 1,
                    "zone_from": 32,
                    "zone_to": 38
                },
                {
                    "req_id": 20341770,
                    "timesteps_left": 1,
                    "zone_from": 51,
                    "zone_to": 14
                },
                {
                    "req_id": 2031644433,
                    "timesteps_left": 1,
                    "zone_from": 51,
                    "zone_to": 42
                },
                {
                    "req_id": 473591756,
                    "timesteps_left": 1,
                    "zone_from": 35,
                    "zone_to": 16
                },
                {
                    "req_id": 807393646,
                    "timesteps_left": 1,
                    "zone_from": 36,
                    "zone_to": 35
                },
                {
                    "req_id": 646738243,
                    "timesteps_left": 1,
                    "zone_from": 11,
                    "zone_to": 12
                },
                {
                    "req_id": 2119459645,
                    "timesteps_left": 1,
                    "zone_from": 10,
                    "zone_to": 31
                },
                {
                    "req_id": 890636913,
                    "timesteps_left": 1,
                    "zone_from": 48,
                    "zone_to": 39
                },
                {
                    "req_id": 92108983,
                    "timesteps_left": 1,
                    "zone_from": 10,
                    "zone_to": 48
                },
                {
                    "req_id": 1348812143,
                    "timesteps_left": 1,
                    "zone_from": 30,
                    "zone_to": 5
                },
                {
                    "req_id": 2062816235,
                    "timesteps_left": 1,
                    "zone_from": 16,
                    "zone_to": 31
                },
                {
                    "req_id": 1381800550,
                    "timesteps_left": 1,
                    "zone_from": 19,
                    "zone_to": 55
                },
                {
                    "req_id": 598260862,
                    "timesteps_left": 1,
                    "zone_from": 51,
                    "zone_to": 29
                }
            ],
            "cars": [
                {
                    "car_id": 926055059,
                    "n_reqs": 2,
                    "reqs_in_car": [
                        1430724841,
                        1900023794
                    ],
                    "path": [
                        41,
                        41,
                        45,
                        32
                    ],
                    "reward": 0.0317883,
                    "icds": [
                        686,
                        0
                    ],
                    "dist_red": 1502.0
                },
                {
                    "car_id": 1428812001,
                    "n_reqs": 2,
                    "reqs_in_car": [
                        1084669836,
                        1700297245
                    ],
                    "path": [
                        9,
                        9,
                        9,
                        58
                    ],
                    "reward": 0.166667,
                    "icds": [
                        0,
                        0
                    ],
                    "dist_red": 0.0
                },
                {
                    "car_id": 1039565633,
                    "n_reqs": 2,
                    "reqs_in_car": [
                        8138572,
                        807393646
                    ],
                    "path": [
                        36,
                        36,
                        17,
                        35
                    ],
                    "reward": 0.290898,
                    "icds": [
                        0,
                        112
                    ],
                    "dist_red": 1525.0
                },
                {
                    "car_id": 670597139,
                    "n_reqs": 5,
                    "reqs_in_car": [
                        998421516,
                        1306781703,
                        741836503,
                        890636913,
                        673803695
                    ],
                    "path": [
                        32,
                        48,
                        59,
                        39,
                        53,
                        52,
                        52,
                        12,
                        33,
                        33
                    ],
                    "reward": 0.630049,
                    "icds": [
                        0,
                        3331,
                        0,
                        279,
                        1991
                    ],
                    "dist_red": 12654.0
                },
                {
                    "car_id": 1069895711,
                    "n_reqs": 5,
                    "reqs_in_car": [
                        2119459645,
                        2062816235,
                        473591756,
                        20341770,
                        1196389719
                    ],
                    "path": [
                        51,
                        59,
                        35,
                        10,
                        10,
                        16,
                        16,
                        31,
                        31,
                        14
                    ],
                    "reward": 0.668171,
                    "icds": [
                        346,
                        0,
                        139,
                        2180,
                        178
                    ],
                    "dist_red": 6735.0
                },
                {
                    "car_id": 1823430264,
                    "n_reqs": 5,
                    "reqs_in_car": [
                        995028776,
                        1331875388,
                        1804723031,
                        176051597,
                        92108983
                    ],
                    "path": [
                        20,
                        48,
                        44,
                        19,
                        41,
                        41,
                        17,
                        10,
                        48,
                        48
                    ],
                    "reward": 0.95999,
                    "icds": [
                        802,
                        454,
                        0,
                        0,
                        0
                    ],
                    "dist_red": 9633.0
                }
            ]
        },
        {
            "t": 6,
            "reqs": [
                {
                    "req_id": 1343276365,
                    "timesteps_left": 0,
                    "zone_from": 51,
                    "zone_to": 13
                },
                {
                    "req_id": 646738243,
                    "timesteps_left": 0,
                    "zone_from": 11,
                    "zone_to": 12
                },
                {
                    "req_id": 1348812143,
                    "timesteps_left": 0,
                    "zone_from": 30,
                    "zone_to": 5
                },
                {
                    "req_id": 762967517,
                    "timesteps_left": 0,
                    "zone_from": 32,
                    "zone_to": 36
                },
                {
                    "req_id": 2018952597,
                    "timesteps_left": 0,
                    "zone_from": 32,
                    "zone_to": 38
                },
                {
                    "req_id": 1684104028,
                    "timesteps_left": 0,
                    "zone_from": 32,
                    "zone_to": 0
                },
                {
                    "req_id": 490343045,
                    "timesteps_left": 0,
                    "zone_from": 13,
                    "zone_to": 37
                },
                {
                    "req_id": 2106971743,
                    "timesteps_left": 0,
                    "zone_from": 8,
                    "zone_to": 29
                },
                {
                    "req_id": 598260862,
                    "timesteps_left": 0,
                    "zone_from": 51,
                    "zone_to": 29
                },
                {
                    "req_id": 2031644433,
                    "timesteps_left": 0,
                    "zone_from": 51,
                    "zone_to": 42
                },
                {
                    "req_id": 1381800550,
                    "timesteps_left": 0,
                    "zone_from": 19,
                    "zone_to": 55
                },
                {
                    "req_id": 906228119,
                    "timesteps_left": 0,
                    "zone_from": 55,
                    "zone_to": 55
                },
                {
                    "req_id": 1879463760,
                    "timesteps_left": 1,
                    "zone_from": 18,
                    "zone_to": 27
                },
                {
                    "req_id": 1897598233,
                    "timesteps_left": 1,
                    "zone_from": 59,
                    "zone_to": 10
                },
                {
                    "req_id": 1754011668,
                    "timesteps_left": 1,
                    "zone_from": 28,
                    "zone_to": 61
                },
                {
                    "req_id": 2124281324,
                    "timesteps_left": 1,
                    "zone_from": 48,
                    "zone_to": 13
                },
                {
                    "req_id": 1553612134,
                    "timesteps_left": 1,
                    "zone_from": 61,
                    "zone_to": 27
                },
                {
                    "req_id": 484778515,
                    "timesteps_left": 1,
                    "zone_from": 55,
                    "zone_to": 57
                },
                {
                    "req_id": 128819643,
                    "timesteps_left": 1,
                    "zone_from": 53,
                    "zone_to": 37
                },
                {
                    "req_id": 1725055940,
                    "timesteps_left": 1,
                    "zone_from": 47,
                    "zone_to": 41
                },
                {
                    "req_id": 1400188185,
                    "timesteps_left": 1,
                    "zone_from": 47,
                    "zone_to": 56
                },
                {
                    "req_id": 1973021288,
                    "timesteps_left": 1,
                    "zone_from": 39,
                    "zone_to": 8
                },
                {
                    "req_id": 885788405,
                    "timesteps_left": 1,
                    "zone_from": 41,
                    "zone_to": 31
                },
                {
                    "req_id": 1642008847,
                    "timesteps_left": 1,
                    "zone_from": 30,
                    "zone_to": 41
                },
                {
                    "req_id": 585453521,
                    "timesteps_left": 1,
                    "zone_from": 32,
                    "zone_to": 42
                },
                {
                    "req_id": 519444309,
                    "timesteps_left": 1,
                    "zone_from": 53,
                    "zone_to": 52
                },
                {
                    "req_id": 1330035288,
                    "timesteps_left": 1,
                    "zone_from": 36,
                    "zone_to": 28
                },
                {
                    "req_id": 452625079,
                    "timesteps_left": 1,
                    "zone_from": 48,
                    "zone_to": 14
                },
                {
                    "req_id": 1239325985,
                    "timesteps_left": 1,
                    "zone_from": 23,
                    "zone_to": 31
                },
                {
                    "req_id": 415964819,
                    "timesteps_left": 1,
                    "zone_from": 39,
                    "zone_to": 36
                },
                {
                    "req_id": 1972311096,
                    "timesteps_left": 1,
                    "zone_from": 32,
                    "zone_to": 16
                },
                {
                    "req_id": 1438565608,
                    "timesteps_left": 1,
                    "zone_from": 10,
                    "zone_to": 42
                }
            ],
            "cars": [
                {
                    "car_id": 2073401804,
                    "n_reqs": 4,
                    "reqs_in_car": [
                        2124281324,
                        452625079,
                        1343276365,
                        1972311096
                    ],
                    "path": [
                        48,
                        48,
                        14,
                        32,
                        16,
                        51,
                        13,
                        13
                    ],
                    "reward": 0.515707,
                    "icds": [
                        2267,
                        0,
                        0,
                        0
                    ],
                    "dist_red": 4264.0
                },
                {
                    "car_id": 1537662197,
                    "n_reqs": 4,
                    "reqs_in_car": [
                        762967517,
                        2018952597,
                        1684104028,
                        490343045
                    ],
                    "path": [
                        32,
                        32,
                        32,
                        0,
                        13,
                        37,
                        36,
                        38
                    ],
                    "reward": 0.965103,
                    "icds": [
                        702,
                        824,
                        0,
                        0
                    ],
                    "dist_red": 14464.0
                },
                {
                    "car_id": 1259319506,
                    "n_reqs": 4,
                    "reqs_in_car": [
                        1381800550,
                        1879463760,
                        906228119,
                        519444309
                    ],
                    "path": [
                        19,
                        18,
                        27,
                        53,
                        52,
                        55,
                        55,
                        55
                    ],
                    "reward": 0.603285,
                    "icds": [
                        984,
                        0,
                        0,
                        0
                    ],
                    "dist_red": 3247.0
                },
                {
                    "car_id": 180053318,
                    "n_reqs": 5,
                    "reqs_in_car": [
                        598260862,
                        2031644433,
                        1973021288,
                        415964819,
                        2106971743
                    ],
                    "path": [
                        51,
                        51,
                        42,
                        39,
                        39,
                        36,
                        8,
                        8,
                        29,
                        29
                    ],
                    "reward": 0.988316,
                    "icds": [
                        1281,
                        0,
                        301,
                        0,
                        0
                    ],
                    "dist_red": 6519.0
                }
            ]
        },
        {
            "t": 7,
            "reqs": [
                {
                    "req_id": 885788405,
                    "timesteps_left": 0,
                    "zone_from": 41,
                    "zone_to": 31
                },
                {
                    "req_id": 1239325985,
                    "timesteps_left": 0,
                    "zone_from": 23,
                    "zone_to": 31
                },
                {
                    "req_id": 1897598233,
                    "timesteps_left": 0,
                    "zone_from": 59,
                    "zone_to": 10
                },
                {
                    "req_id": 585453521,
                    "timesteps_left": 0,
                    "zone_from": 32,
                    "zone_to": 42
                },
                {
                    "req_id": 1438565608,
                    "timesteps_left": 0,
                    "zone_from": 10,
                    "zone_to": 42
                },
                {
                    "req_id": 128819643,
                    "timesteps_left": 0,
                    "zone_from": 53,
                    "zone_to": 37
                },
                {
                    "req_id": 1642008847,
                    "timesteps_left": 0,
                    "zone_from": 30,
                    "zone_to": 41
                },
                {
                    "req_id": 1725055940,
                    "timesteps_left": 0,
                    "zone_from": 47,
                    "zone_to": 41
                },
                {
                    "req_id": 484778515,
                    "timesteps_left": 0,
                    "zone_from": 55,
                    "zone_to": 57
                },
                {
                    "req_id": 1400188185,
                    "timesteps_left": 0,
                    "zone_from": 47,
                    "zone_to": 56
                },
                {
                    "req_id": 1754011668,
                    "timesteps_left": 0,
                    "zone_from": 28,
                    "zone_to": 61
                },
                {
                    "req_id": 1553612134,
                    "timesteps_left": 0,
                    "zone_from": 61,
                    "zone_to": 27
                },
                {
                    "req_id": 1330035288,
                    "timesteps_left": 0,
                    "zone_from": 36,
                    "zone_to": 28
                },
                {
                    "req_id": 970083184,
                    "timesteps_left": 1,
                    "zone_from": 47,
                    "zone_to": 41
                },
                {
                    "req_id": 484580737,
                    "timesteps_left": 1,
                    "zone_from": 27,
                    "zone_to": 61
                },
                {
                    "req_id": 882702217,
                    "timesteps_left": 1,
                    "zone_from": 36,
                    "zone_to": 27
                },
                {
                    "req_id": 686836749,
                    "timesteps_left": 1,
                    "zone_from": 48,
                    "zone_to": 30
                },
                {
                    "req_id": 916006851,
                    "timesteps_left": 1,
                    "zone_from": 32,
                    "zone_to": 51
                },
                {
                    "req_id": 1892981977,
                    "timesteps_left": 1,
                    "zone_from": 47,
                    "zone_to": 8
                },
                {
                    "req_id": 1553707511,
                    "timesteps_left": 1,
                    "zone_from": 39,
                    "zone_to": 58
                },
                {
                    "req_id": 599026841,
                    "timesteps_left": 1,
                    "zone_from": 28,
                    "zone_to": 37
                },
                {
                    "req_id": 1968202878,
                    "timesteps_left": 1,
                    "zone_from": 19,
                    "zone_to": 28
                },
                {
                    "req_id": 2083073507,
                    "timesteps_left": 1,
                    "zone_from": 47,
                    "zone_to": 62
                },
                {
                    "req_id": 75930221,
                    "timesteps_left": 1,
                    "zone_from": 53,
                    "zone_to": 19
                },
                {
                    "req_id": 840115844,
                    "timesteps_left": 1,
                    "zone_from": 51,
                    "zone_to": 33
                },
                {
                    "req_id": 1777110019,
                    "timesteps_left": 1,
                    "zone_from": 41,
                    "zone_to": 37
                },
                {
                    "req_id": 307846840,
                    "timesteps_left": 1,
                    "zone_from": 29,
                    "zone_to": 28
                },
                {
                    "req_id": 907405383,
                    "timesteps_left": 1,
                    "zone_from": 38,
                    "zone_to": 52
                },
                {
                    "req_id": 1738303110,
                    "timesteps_left": 1,
                    "zone_from": 58,
                    "zone_to": 13
                },
                {
                    "req_id": 1002775561,
                    "timesteps_left": 1,
                    "zone_from": 20,
                    "zone_to": 55
                },
                {
                    "req_id": 474185959,
                    "timesteps_left": 1,
                    "zone_from": 42,
                    "zone_to": 13
                },
                {
                    "req_id": 1605831985,
                    "timesteps_left": 1,
                    "zone_from": 8,
                    "zone_to": 8
                },
                {
                    "req_id": 655266993,
                    "timesteps_left": 1,
                    "zone_from": 48,
                    "zone_to": 39
                }
            ],
            "cars": [
                {
                    "car_id": 1194969116,
                    "n_reqs": 2,
                    "reqs_in_car": [
                        128819643,
                        75930221
                    ],
                    "path": [
                        53,
                        53,
                        37,
                        19
                    ],
                    "reward": 0.277643,
                    "icds": [
                        0,
                        70
                    ],
                    "dist_red": 1351.0
                },
                {
                    "car_id": 1193829758,
                    "n_reqs": 2,
                    "reqs_in_car": [
                        1725055940,
                        1725055940
                    ],
                    "path": [
                        47,
                        47,
                        41,
                        41
                    ],
                    "reward": 0.5,
                    "icds": [
                        0,
                        0
                    ],
                    "dist_red": 2010.0
                },
                {
                    "car_id": 921968889,
                    "n_reqs": 4,
                    "reqs_in_car": [
                        1968202878,
                        1002775561,
                        840115844,
                        1239325985
                    ],
                    "path": [
                        51,
                        23,
                        31,
                        20,
                        19,
                        28,
                        55,
                        33
                    ],
                    "reward": 0.348308,
                    "icds": [
                        0,
                        955,
                        3204,
                        0
                    ],
                    "dist_red": 7573.0
                },
                {
                    "car_id": 1823105693,
                    "n_reqs": 4,
                    "reqs_in_car": [
                        585453521,
                        916006851,
                        1438565608,
                        1897598233
                    ],
                    "path": [
                        32,
                        32,
                        51,
                        59,
                        10,
                        10,
                        42,
                        42
                    ],
                    "reward": 0.769384,
                    "icds": [
                        1372,
                        0,
                        0,
                        0
                    ],
                    "dist_red": 5659.0
                },
                {
                    "car_id": 2061892921,
                    "n_reqs": 4,
                    "reqs_in_car": [
                        484778515,
                        1400188185,
                        1892981977,
                        1605831985
                    ],
                    "path": [
                        47,
                        47,
                        8,
                        8,
                        8,
                        55,
                        57,
                        56
                    ],
                    "reward": 0.774796,
                    "icds": [
                        0,
                        1119,
                        0,
                        0
                    ],
                    "dist_red": 9554.0
                },
                {
                    "car_id": 1082836373,
                    "n_reqs": 5,
                    "reqs_in_car": [
                        1738303110,
                        474185959,
                        1553707511,
                        885788405,
                        1777110019
                    ],
                    "path": [
                        41,
                        41,
                        37,
                        39,
                        58,
                        58,
                        42,
                        13,
                        13,
                        31
                    ],
                    "reward": 0.727724,
                    "icds": [
                        437,
                        0,
                        0,
                        3007,
                        0
                    ],
                    "dist_red": 6529.0
                },
                {
                    "car_id": 179079025,
                    "n_reqs": 5,
                    "reqs_in_car": [
                        686836749,
                        655266993,
                        1642008847,
                        307846840,
                        599026841
                    ],
                    "path": [
                        48,
                        48,
                        30,
                        30,
                        29,
                        28,
                        28,
                        37,
                        41,
                        39
                    ],
                    "reward": 0.65431,
                    "icds": [
                        0,
                        2421,
                        635,
                        0,
                        0
                    ],
                    "dist_red": 6321.0
                },
                {
                    "car_id": 1265280798,
                    "n_reqs": 5,
                    "reqs_in_car": [
                        1330035288,
                        882702217,
                        484580737,
                        1553612134,
                        1754011668
                    ],
                    "path": [
                        36,
                        36,
                        28,
                        28,
                        27,
                        61,
                        61,
                        61,
                        27,
                        27
                    ],
                    "reward": 1.15902,
                    "icds": [
                        0,
                        244,
                        0,
                        0,
                        151
                    ],
                    "dist_red": 4828.0
                }
            ]
        },
        {
            "t": 8,
            "reqs": [
                {
                    "req_id": 2083073507,
                    "timesteps_left": 0,
                    "zone_from": 47,
                    "zone_to": 62
                },
                {
                    "req_id": 907405383,
                    "timesteps_left": 0,
                    "zone_from": 38,
                    "zone_to": 52
                },
                {
                    "req_id": 582080202,
                    "timesteps_left": 1,
                    "zone_from": 18,
                    "zone_to": 58
                },
                {
                    "req_id": 1127503802,
                    "timesteps_left": 1,
                    "zone_from": 4,
                    "zone_to": 40
                },
                {
                    "req_id": 889138436,
                    "timesteps_left": 1,
                    "zone_from": 50,
                    "zone_to": 13
                },
                {
                    "req_id": 285295028,
                    "timesteps_left": 1,
                    "zone_from": 35,
                    "zone_to": 13
                },
                {
                    "req_id": 70550521,
                    "timesteps_left": 1,
                    "zone_from": 51,
                    "zone_to": 61
                },
                {
                    "req_id": 1939910973,
                    "timesteps_left": 1,
                    "zone_from": 47,
                    "zone_to": 42
                },
                {
                    "req_id": 508028586,
                    "timesteps_left": 1,
                    "zone_from": 31,
                    "zone_to": 14
                },
                {
                    "req_id": 1187720084,
                    "timesteps_left": 1,
                    "zone_from": 19,
                    "zone_to": 49
                },
                {
                    "req_id": 459011586,
                    "timesteps_left": 1,
                    "zone_from": 42,
                    "zone_to": 10
                },
                {
                    "req_id": 1318106503,
                    "timesteps_left": 1,
                    "zone_from": 47,
                    "zone_to": 9
                },
                {
                    "req_id": 1628644904,
                    "timesteps_left": 1,
                    "zone_from": 13,
                    "zone_to": 20
                },
                {
                    "req_id": 1695114061,
                    "timesteps_left": 1,
                    "zone_from": 10,
                    "zone_to": 10
                },
                {
                    "req_id": 2049509071,
                    "timesteps_left": 1,
                    "zone_from": 61,
                    "zone_to": 52
                },
                {
                    "req_id": 953069568,
                    "timesteps_left": 1,
                    "zone_from": 59,
                    "zone_to": 47
                },
                {
                    "req_id": 1072899812,
                    "timesteps_left": 1,
                    "zone_from": 8,
                    "zone_to": 10
                },
                {
                    "req_id": 2039969193,
                    "timesteps_left": 1,
                    "zone_from": 58,
                    "zone_to": 13
                },
                {
                    "req_id": 88157890,
                    "timesteps_left": 1,
                    "zone_from": 59,
                    "zone_to": 59
                },
                {
                    "req_id": 564233457,
                    "timesteps_left": 1,
                    "zone_from": 28,
                    "zone_to": 42
                },
                {
                    "req_id": 7761397,
                    "timesteps_left": 1,
                    "zone_from": 48,
                    "zone_to": 48
                },
                {
                    "req_id": 1753120781,
                    "timesteps_left": 1,
                    "zone_from": 51,
                    "zone_to": 59
                }
            ],
            "cars": [
                {
                    "car_id": 1941569943,
                    "n_reqs": 5,
                    "reqs_in_car": [
                        2083073507,
                        907405383,
                        70550521,
                        953069568,
                        1753120781
                    ],
                    "path": [
                        51,
                        51,
                        59,
                        59,
                        47,
                        47,
                        38,
                        52,
                        62,
                        61
                    ],
                    "reward": 1.19748,
                    "icds": [
                        144,
                        0,
                        1816,
                        0,
                        0
                    ],
                    "dist_red": 11985.0
                }
            ]
        },
        {
            "t": 9,
            "reqs": [
                {
                    "req_id": 1127503802,
                    "timesteps_left": 0,
                    "zone_from": 4,
                    "zone_to": 40
                },
                {
                    "req_id": 508028586,
                    "timesteps_left": 0,
                    "zone_from": 31,
                    "zone_to": 14
                },
                {
                    "req_id": 1187720084,
                    "timesteps_left": 0,
                    "zone_from": 19,
                    "zone_to": 49
                },
                {
                    "req_id": 1318106503,
                    "timesteps_left": 0,
                    "zone_from": 47,
                    "zone_to": 9
                },
                {
                    "req_id": 1628644904,
                    "timesteps_left": 0,
                    "zone_from": 13,
                    "zone_to": 20
                },
                {
                    "req_id": 2049509071,
                    "timesteps_left": 0,
                    "zone_from": 61,
                    "zone_to": 52
                },
                {
                    "req_id": 1072899812,
                    "timesteps_left": 0,
                    "zone_from": 8,
                    "zone_to": 10
                },
                {
                    "req_id": 7761397,
                    "timesteps_left": 0,
                    "zone_from": 48,
                    "zone_to": 48
                },
                {
                    "req_id": 1939910973,
                    "timesteps_left": 0,
                    "zone_from": 47,
                    "zone_to": 42
                },
                {
                    "req_id": 564233457,
                    "timesteps_left": 0,
                    "zone_from": 28,
                    "zone_to": 42
                },
                {
                    "req_id": 459011586,
                    "timesteps_left": 0,
                    "zone_from": 42,
                    "zone_to": 10
                },
                {
                    "req_id": 1695114061,
                    "timesteps_left": 0,
                    "zone_from": 10,
                    "zone_to": 10
                },
                {
                    "req_id": 889138436,
                    "timesteps_left": 0,
                    "zone_from": 50,
                    "zone_to": 13
                },
                {
                    "req_id": 2039969193,
                    "timesteps_left": 0,
                    "zone_from": 58,
                    "zone_to": 13
                },
                {
                    "req_id": 285295028,
                    "timesteps_left": 0,
                    "zone_from": 35,
                    "zone_to": 13
                },
                {
                    "req_id": 582080202,
                    "timesteps_left": 0,
                    "zone_from": 18,
                    "zone_to": 58
                },
                {
                    "req_id": 88157890,
                    "timesteps_left": 0,
                    "zone_from": 59,
                    "zone_to": 59
                },
                {
                    "req_id": 1388927712,
                    "timesteps_left": 1,
                    "zone_from": 13,
                    "zone_to": 10
                },
                {
                    "req_id": 1159349235,
                    "timesteps_left": 1,
                    "zone_from": 58,
                    "zone_to": 17
                },
                {
                    "req_id": 546817331,
                    "timesteps_left": 1,
                    "zone_from": 36,
                    "zone_to": 42
                },
                {
                    "req_id": 1685612605,
                    "timesteps_left": 1,
                    "zone_from": 17,
                    "zone_to": 16
                },
                {
                    "req_id": 989283781,
                    "timesteps_left": 1,
                    "zone_from": 61,
                    "zone_to": 0
                },
                {
                    "req_id": 1466087260,
                    "timesteps_left": 1,
                    "zone_from": 29,
                    "zone_to": 54
                },
                {
                    "req_id": 785299290,
                    "timesteps_left": 1,
                    "zone_from": 3,
                    "zone_to": 12
                },
                {
                    "req_id": 1414529878,
                    "timesteps_left": 1,
                    "zone_from": 59,
                    "zone_to": 48
                },
                {
                    "req_id": 322765488,
                    "timesteps_left": 1,
                    "zone_from": 16,
                    "zone_to": 0
                },
                {
                    "req_id": 1391694070,
                    "timesteps_left": 1,
                    "zone_from": 53,
                    "zone_to": 27
                },
                {
                    "req_id": 1114624252,
                    "timesteps_left": 1,
                    "zone_from": 28,
                    "zone_to": 10
                },
                {
                    "req_id": 1500248383,
                    "timesteps_left": 1,
                    "zone_from": 39,
                    "zone_to": 59
                },
                {
                    "req_id": 407962535,
                    "timesteps_left": 1,
                    "zone_from": 54,
                    "zone_to": 35
                },
                {
                    "req_id": 863252335,
                    "timesteps_left": 1,
                    "zone_from": 52,
                    "zone_to": 53
                },
                {
                    "req_id": 350902641,
                    "timesteps_left": 1,
                    "zone_from": 18,
                    "zone_to": 49
                },
                {
                    "req_id": 2080559398,
                    "timesteps_left": 1,
                    "zone_from": 29,
                    "zone_to": 12
                },
                {
                    "req_id": 164694128,
                    "timesteps_left": 1,
                    "zone_from": 35,
                    "zone_to": 33
                },
                {
                    "req_id": 1189000511,
                    "timesteps_left": 1,
                    "zone_from": 13,
                    "zone_to": 62
                },
                {
                    "req_id": 1395053538,
                    "timesteps_left": 1,
                    "zone_from": 23,
                    "zone_to": 2
                },
                {
                    "req_id": 1567336351,
                    "timesteps_left": 1,
                    "zone_from": 38,
                    "zone_to": 10
                }
            ],
            "cars": [
                {
                    "car_id": 1032282704,
                    "n_reqs": 3,
                    "reqs_in_car": [
                        1628644904,
                        1388927712,
                        582080202
                    ],
                    "path": [
                        13,
                        13,
                        20,
                        18,
                        58,
                        10
                    ],
                    "reward": 0.233184,
                    "icds": [
                        0,
                        1206,
                        0
                    ],
                    "dist_red": 1450.0
                },
                {
                    "car_id": 115132666,
                    "n_reqs": 3,
                    "reqs_in_car": [
                        785299290,
                        2080559398,
                        1466087260
                    ],
                    "path": [
                        29,
                        29,
                        54,
                        3,
                        12,
                        12
                    ],
                    "reward": 0.471207,
                    "icds": [
                        0,
                        737,
                        0
                    ],
                    "dist_red": 3791.0
                },
                {
                    "car_id": 1478078730,
                    "n_reqs": 4,
                    "reqs_in_car": [
                        1072899812,
                        1567336351,
                        1695114061,
                        407962535
                    ],
                    "path": [
                        54,
                        38,
                        8,
                        10,
                        10,
                        10,
                        10,
                        35
                    ],
                    "reward": 0.775592,
                    "icds": [
                        0,
                        0,
                        0,
                        1025
                    ],
                    "dist_red": 5123.0
                },
                {
                    "car_id": 1729250416,
                    "n_reqs": 4,
                    "reqs_in_car": [
                        2039969193,
                        322765488,
                        1685612605,
                        1159349235
                    ],
                    "path": [
                        58,
                        58,
                        17,
                        17,
                        16,
                        16,
                        0,
                        13
                    ],
                    "reward": 0.873694,
                    "icds": [
                        669,
                        0,
                        0,
                        0
                    ],
                    "dist_red": 4655.0
                },
                {
                    "car_id": 465481577,
                    "n_reqs": 5,
                    "reqs_in_car": [
                        88157890,
                        1414529878,
                        7761397,
                        350902641,
                        1187720084
                    ],
                    "path": [
                        18,
                        19,
                        59,
                        59,
                        59,
                        48,
                        48,
                        48,
                        49,
                        49
                    ],
                    "reward": 0.784324,
                    "icds": [
                        0,
                        0,
                        0,
                        1305,
                        725
                    ],
                    "dist_red": 4519.0
                },
                {
                    "car_id": 991044054,
                    "n_reqs": 5,
                    "reqs_in_car": [
                        889138436,
                        989283781,
                        863252335,
                        2049509071,
                        1391694070
                    ],
                    "path": [
                        61,
                        61,
                        52,
                        52,
                        53,
                        53,
                        27,
                        50,
                        13,
                        0
                    ],
                    "reward": 0.678189,
                    "icds": [
                        0,
                        1830,
                        0,
                        0,
                        0
                    ],
                    "dist_red": 2934.0
                },
                {
                    "car_id": 1494437501,
                    "n_reqs": 5,
                    "reqs_in_car": [
                        564233457,
                        1114624252,
                        546817331,
                        459011586,
                        1939910973
                    ],
                    "path": [
                        28,
                        28,
                        36,
                        47,
                        42,
                        42,
                        42,
                        42,
                        10,
                        10
                    ],
                    "reward": 1.56677,
                    "icds": [
                        103,
                        259,
                        34,
                        0,
                        0
                    ],
                    "dist_red": 8928.0
                }
            ]
        }
    ],
    "serv_rate": 93.0,
    "n_cars": 49,
    "avg_occ": 2.118367346938775,
    "dist_red": 264.305,
    "dist_red_perc": 13,
    "trip_red": 137,
    "trip_red_perc": 27,
    "kg_co2_red": 34,
    "icd_mean": 150
}