{
    "timesteps": [
        {
            "t": 0,
            "reqs": [
                {
                    "req_id": 1636530215,
                    "timesteps_left": 1,
                    "zone_from": 42,
                    "zone_to": 52
                },
                {
                    "req_id": 1155635180,
                    "timesteps_left": 1,
                    "zone_from": 47,
                    "zone_to": 38
                },
                {
                    "req_id": 772516135,
                    "timesteps_left": 1,
                    "zone_from": 6,
                    "zone_to": 37
                },
                {
                    "req_id": 955363121,
                    "timesteps_left": 1,
                    "zone_from": 44,
                    "zone_to": 39
                },
                {
                    "req_id": 1731270553,
                    "timesteps_left": 1,
                    "zone_from": 42,
                    "zone_to": 8
                },
                {
                    "req_id": 551117306,
                    "timesteps_left": 1,
                    "zone_from": 18,
                    "zone_to": 11
                },
                {
                    "req_id": 125247363,
                    "timesteps_left": 1,
                    "zone_from": 39,
                    "zone_to": 61
                },
                {
                    "req_id": 1456307824,
                    "timesteps_left": 1,
                    "zone_from": 30,
                    "zone_to": 58
                },
                {
                    "req_id": 1622496848,
                    "timesteps_left": 1,
                    "zone_from": 55,
                    "zone_to": 62
                },
                {
                    "req_id": 1794899007,
                    "timesteps_left": 1,
                    "zone_from": 29,
                    "zone_to": 46
                }
            ],
            "cars": []
        },
        {
            "t": 1,
            "reqs": [
                {
                    "req_id": 1155635180,
                    "timesteps_left": 0,
                    "zone_from": 47,
                    "zone_to": 38
                },
                {
                    "req_id": 955363121,
                    "timesteps_left": 0,
                    "zone_from": 44,
                    "zone_to": 39
                },
                {
                    "req_id": 551117306,
                    "timesteps_left": 0,
                    "zone_from": 18,
                    "zone_to": 11
                },
                {
                    "req_id": 1456307824,
                    "timesteps_left": 0,
                    "zone_from": 30,
                    "zone_to": 58
                },
                {
                    "req_id": 772516135,
                    "timesteps_left": 0,
                    "zone_from": 6,
                    "zone_to": 37
                },
                {
                    "req_id": 1794899007,
                    "timesteps_left": 0,
                    "zone_from": 29,
                    "zone_to": 46
                },
                {
                    "req_id": 1636530215,
                    "timesteps_left": 0,
                    "zone_from": 42,
                    "zone_to": 52
                },
                {
                    "req_id": 125247363,
                    "timesteps_left": 0,
                    "zone_from": 39,
                    "zone_to": 61
                },
                {
                    "req_id": 1622496848,
                    "timesteps_left": 0,
                    "zone_from": 55,
                    "zone_to": 62
                },
                {
                    "req_id": 1731270553,
                    "timesteps_left": 0,
                    "zone_from": 42,
                    "zone_to": 8
                },
                {
                    "req_id": 1365256662,
                    "timesteps_left": 1,
                    "zone_from": 42,
                    "zone_to": 13
                },
                {
                    "req_id": 1497979597,
                    "timesteps_left": 1,
                    "zone_from": 29,
                    "zone_to": 8
                },
                {
                    "req_id": 170849719,
                    "timesteps_left": 1,
                    "zone_from": 31,
                    "zone_to": 48
                },
                {
                    "req_id": 845534064,
                    "timesteps_left": 1,
                    "zone_from": 16,
                    "zone_to": 30
                },
                {
                    "req_id": 1771924847,
                    "timesteps_left": 1,
                    "zone_from": 28,
                    "zone_to": 41
                },
                {
                    "req_id": 1523423659,
                    "timesteps_left": 1,
                    "zone_from": 8,
                    "zone_to": 55
                },
                {
                    "req_id": 634738546,
                    "timesteps_left": 1,
                    "zone_from": 3,
                    "zone_to": 21
                },
                {
                    "req_id": 1815352891,
                    "timesteps_left": 1,
                    "zone_from": 3,
                    "zone_to": 51
                },
                {
                    "req_id": 654799907,
                    "timesteps_left": 1,
                    "zone_from": 38,
                    "zone_to": 55
                },
                {
                    "req_id": 1323898421,
                    "timesteps_left": 1,
                    "zone_from": 55,
                    "zone_to": 8
                }
            ],
            "cars": [
                {
                    "car_id": 1331041874,
                    "n_reqs": 2,
                    "reqs_in_car": [
                        772516135,
                        1815352891
                    ],
                    "path": [
                        3,
                        6,
                        37,
                        51
                    ],
                    "reward": 0.518006,
                    "icds": [
                        0,
                        0
                    ],
                    "dist_red": 5961.0
                },
                {
                    "car_id": 65762965,
                    "n_reqs": 5,
                    "reqs_in_car": [
                        1155635180,
                        845534064,
                        654799907,
                        551117306,
                        634738546
                    ],
                    "path": [
                        18,
                        16,
                        47,
                        38,
                        38,
                        30,
                        55,
                        3,
                        21,
                        11
                    ],
                    "reward": 0.425665,
                    "icds": [
                        0,
                        707,
                        149,
                        3577,
                        0
                    ],
                    "dist_red": 5747.0
                },
                {
                    "car_id": 742729122,
                    "n_reqs": 5,
                    "reqs_in_car": [
                        1636530215,
                        125247363,
                        1731270553,
                        1523423659,
                        1622496848
                    ],
                    "path": [
                        39,
                        42,
                        42,
                        8,
                        8,
                        55,
                        55,
                        52,
                        62,
                        61
                    ],
                    "reward": 1.05293,
                    "icds": [
                        500,
                        1708,
                        0,
                        0,
                        16
                    ],
                    "dist_red": 11387.0
                }
            ]
        },
        {
            "t": 2,
            "reqs": [
                {
                    "req_id": 1365256662,
                    "timesteps_left": 0,
                    "zone_from": 42,
                    "zone_to": 13
                },
                {
                    "req_id": 170849719,
                    "timesteps_left": 0,
                    "zone_from": 31,
                    "zone_to": 48
                },
                {
                    "req_id": 1771924847,
                    "timesteps_left": 0,
                    "zone_from": 28,
                    "zone_to": 41
                },
                {
                    "req_id": 1497979597,
                    "timesteps_left": 0,
                    "zone_from": 29,
                    "zone_to": 8
                },
                {
                    "req_id": 1323898421,
                    "timesteps_left": 0,
                    "zone_from": 55,
                    "zone_to": 8
                },
                {
                    "req_id": 1988397233,
                    "timesteps_left": 1,
                    "zone_from": 8,
                    "zone_to": 33
                },
                {
                    "req_id": 57263665,
                    "timesteps_left": 1,
                    "zone_from": 8,
                    "zone_to": 9
                },
                {
                    "req_id": 1981427380,
                    "timesteps_left": 1,
                    "zone_from": 23,
                    "zone_to": 38
                },
                {
                    "req_id": 1649784567,
                    "timesteps_left": 1,
                    "zone_from": 36,
                    "zone_to": 19
                },
                {
                    "req_id": 1593354404,
                    "timesteps_left": 1,
                    "zone_from": 42,
                    "zone_to": 37
                },
                {
                    "req_id": 1594168146,
                    "timesteps_left": 1,
                    "zone_from": 53,
                    "zone_to": 37
                },
                {
                    "req_id": 538513305,
                    "timesteps_left": 1,
                    "zone_from": 42,
                    "zone_to": 18
                },
                {
                    "req_id": 575302841,
                    "timesteps_left": 1,
                    "zone_from": 58,
                    "zone_to": 18
                },
                {
                    "req_id": 746787559,
                    "timesteps_left": 1,
                    "zone_from": 42,
                    "zone_to": 29
                },
                {
                    "req_id": 313210721,
                    "timesteps_left": 1,
                    "zone_from": 44,
                    "zone_to": 32
                }
            ],
            "cars": [
                {
                    "car_id": 612686753,
                    "n_reqs": 2,
                    "reqs_in_car": [
                        1365256662,
                        538513305
                    ],
                    "path": [
                        42,
                        42,
                        18,
                        13
                    ],
                    "reward": 0.396992,
                    "icds": [
                        3,
                        0
                    ],
                    "dist_red": 2014.0
                },
                {
                    "car_id": 1882719593,
                    "n_reqs": 2,
                    "reqs_in_car": [
                        1771924847,
                        1594168146
                    ],
                    "path": [
                        28,
                        53,
                        37,
                        41
                    ],
                    "reward": 0.200881,
                    "icds": [
                        282,
                        0
                    ],
                    "dist_red": 1122.0
                },
                {
                    "car_id": 800614138,
                    "n_reqs": 2,
                    "reqs_in_car": [
                        1497979597,
                        1323898421
                    ],
                    "path": [
                        55,
                        29,
                        8,
                        8
                    ],
                    "reward": 0.387162,
                    "icds": [
                        0,
                        0
                    ],
                    "dist_red": 1447.0
                }
            ]
        },
        {
            "t": 3,
            "reqs": [
                {
                    "req_id": 1981427380,
                    "timesteps_left": 0,
                    "zone_from": 23,
                    "zone_to": 38
                },
                {
                    "req_id": 1649784567,
                    "timesteps_left": 0,
                    "zone_from": 36,
                    "zone_to": 19
                },
                {
                    "req_id": 575302841,
                    "timesteps_left": 0,
                    "zone_from": 58,
                    "zone_to": 18
                },
                {
                    "req_id": 313210721,
                    "timesteps_left": 0,
                    "zone_from": 44,
                    "zone_to": 32
                },
                {
                    "req_id": 1988397233,
                    "timesteps_left": 0,
                    "zone_from": 8,
                    "zone_to": 33
                },
                {
                    "req_id": 57263665,
                    "timesteps_left": 0,
                    "zone_from": 8,
                    "zone_to": 9
                },
                {
                    "req_id": 1593354404,
                    "timesteps_left": 0,
                    "zone_from": 42,
                    "zone_to": 37
                },
                {
                    "req_id": 746787559,
                    "timesteps_left": 0,
                    "zone_from": 42,
                    "zone_to": 29
                },
                {
                    "req_id": 306108670,
                    "timesteps_left": 1,
                    "zone_from": 53,
                    "zone_to": 29
                },
                {
                    "req_id": 1669039761,
                    "timesteps_left": 1,
                    "zone_from": 48,
                    "zone_to": 16
                },
                {
                    "req_id": 716701399,
                    "timesteps_left": 1,
                    "zone_from": 47,
                    "zone_to": 53
                },
                {
                    "req_id": 1431362286,
                    "timesteps_left": 1,
                    "zone_from": 13,
                    "zone_to": 26
                },
                {
                    "req_id": 789171353,
                    "timesteps_left": 1,
                    "zone_from": 26,
                    "zone_to": 18
                },
                {
                    "req_id": 1209221587,
                    "timesteps_left": 1,
                    "zone_from": 28,
                    "zone_to": 52
                },
                {
                    "req_id": 1885418134,
                    "timesteps_left": 1,
                    "zone_from": 48,
                    "zone_to": 16
                },
                {
                    "req_id": 1193584981,
                    "timesteps_left": 1,
                    "zone_from": 3,
                    "zone_to": 4
                },
                {
                    "req_id": 2051236222,
                    "timesteps_left": 1,
                    "zone_from": 62,
                    "zone_to": 2
                },
                {
                    "req_id": 990005037,
                    "timesteps_left": 1,
                    "zone_from": 20,
                    "zone_to": 13
                }
            ],
            "cars": [
                {
                    "car_id": 375106142,
                    "n_reqs": 2,
                    "reqs_in_car": [
                        575302841,
                        789171353
                    ],
                    "path": [
                        58,
                        26,
                        18,
                        18
                    ],
                    "reward": 0.0402364,
                    "icds": [
                        480,
                        0
                    ],
                    "dist_red": 336.0
                },
                {
                    "car_id": 1835259412,
                    "n_reqs": 2,
                    "reqs_in_car": [
                        1988397233,
                        57263665
                    ],
                    "path": [
                        8,
                        8,
                        9,
                        33
                    ],
                    "reward": 0.127201,
                    "icds": [
                        190,
                        0
                    ],
                    "dist_red": 652.0
                },
                {
                    "car_id": 1474649611,
                    "n_reqs": 3,
                    "reqs_in_car": [
                        1649784567,
                        2051236222,
                        1209221587
                    ],
                    "path": [
                        62,
                        28,
                        52,
                        36,
                        19,
                        2
                    ],
                    "reward": 0.216137,
                    "icds": [
                        0,
                        2517,
                        0
                    ],
                    "dist_red": 4169.0
                },
                {
                    "car_id": 1355251048,
                    "n_reqs": 3,
                    "reqs_in_car": [
                        746787559,
                        306108670,
                        716701399
                    ],
                    "path": [
                        42,
                        47,
                        53,
                        53,
                        29,
                        29
                    ],
                    "reward": 0.372101,
                    "icds": [
                        894,
                        0,
                        0
                    ],
                    "dist_red": 2563.0
                },
                {
                    "car_id": 193302112,
                    "n_reqs": 4,
                    "reqs_in_car": [
                        1981427380,
                        1593354404,
                        1431362286,
                        990005037
                    ],
                    "path": [
                        23,
                        20,
                        13,
                        13,
                        26,
                        42,
                        37,
                        38
                    ],
                    "reward": 0.395212,
                    "icds": [
                        2428,
                        0,
                        0,
                        0
                    ],
                    "dist_red": 2308.0
                }
            ]
        },
        {
            "t": 4,
            "reqs": [
                {
                    "req_id": 1193584981,
                    "timesteps_left": 0,
                    "zone_from": 3,
                    "zone_to": 4
                },
                {
                    "req_id": 1669039761,
                    "timesteps_left": 0,
                    "zone_from": 48,
                    "zone_to": 16
                },
                {
                    "req_id": 1885418134,
                    "timesteps_left": 0,
                    "zone_from": 48,
                    "zone_to": 16
                },
                {
                    "req_id": 955941822,
                    "timesteps_left": 1,
                    "zone_from": 29,
                    "zone_to": 8
                },
                {
                    "req_id": 1547796321,
                    "timesteps_left": 1,
                    "zone_from": 13,
                    "zone_to": 13
                },
                {
                    "req_id": 462652573,
                    "timesteps_left": 1,
                    "zone_from": 44,
                    "zone_to": 7
                },
                {
                    "req_id": 318923578,
                    "timesteps_left": 1,
                    "zone_from": 42,
                    "zone_to": 39
                },
                {
                    "req_id": 590139765,
                    "timesteps_left": 1,
                    "zone_from": 8,
                    "zone_to": 39
                },
                {
                    "req_id": 982466026,
                    "timesteps_left": 1,
                    "zone_from": 38,
                    "zone_to": 8
                },
                {
                    "req_id": 1705831761,
                    "timesteps_left": 1,
                    "zone_from": 40,
                    "zone_to": 54
                },
                {
                    "req_id": 62403984,
                    "timesteps_left": 1,
                    "zone_from": 16,
                    "zone_to": 13
                },
                {
                    "req_id": 605002014,
                    "timesteps_left": 1,
                    "zone_from": 53,
                    "zone_to": 30
                },
                {
                    "req_id": 1617348412,
                    "timesteps_left": 1,
                    "zone_from": 55,
                    "zone_to": 16
                }
            ],
            "cars": [
                {
                    "car_id": 56528429,
                    "n_reqs": 2,
                    "reqs_in_car": [
                        1669039761,
                        1669039761
                    ],
                    "path": [
                        48,
                        48,
                        16,
                        16
                    ],
                    "reward": 0.5,
                    "icds": [
                        0,
                        0
                    ],
                    "dist_red": 4078.0
                }
            ]
        },
        {
            "t": 5,
            "reqs": [
                {
                    "req_id": 462652573,
                    "timesteps_left": 0,
                    "zone_from": 44,
                    "zone_to": 7
                },
                {
                    "req_id": 318923578,
                    "timesteps_left": 0,
                    "zone_from": 42,
                    "zone_to": 39
                },
                {
                    "req_id": 982466026,
                    "timesteps_left": 0,
                    "zone_from": 38,
                    "zone_to": 8
                },
                {
                    "req_id": 1705831761,
                    "timesteps_left": 0,
                    "zone_from": 40,
                    "zone_to": 54
                },
                {
                    "req_id": 605002014,
                    "timesteps_left": 0,
                    "zone_from": 53,
                    "zone_to": 30
                },
                {
                    "req_id": 1547796321,
                    "timesteps_left": 0,
                    "zone_from": 13,
                    "zone_to": 13
                },
                {
                    "req_id": 62403984,
                    "timesteps_left": 0,
                    "zone_from": 16,
                    "zone_to": 13
                },
                {
                    "req_id": 590139765,
                    "timesteps_left": 0,
                    "zone_from": 8,
                    "zone_to": 39
                },
                {
                    "req_id": 1617348412,
                    "timesteps_left": 0,
                    "zone_from": 55,
                    "zone_to": 16
                },
                {
                    "req_id": 955941822,
                    "timesteps_left": 0,
                    "zone_from": 29,
                    "zone_to": 8
                },
                {
                    "req_id": 331171268,
                    "timesteps_left": 1,
                    "zone_from": 43,
                    "zone_to": 13
                },
                {
                    "req_id": 2127256836,
                    "timesteps_left": 1,
                    "zone_from": 17,
                    "zone_to": 35
                },
                {
                    "req_id": 1079086236,
                    "timesteps_left": 1,
                    "zone_from": 28,
                    "zone_to": 12
                },
                {
                    "req_id": 2091935901,
                    "timesteps_left": 1,
                    "zone_from": 46,
                    "zone_to": 19
                },
                {
                    "req_id": 983929255,
                    "timesteps_left": 1,
                    "zone_from": 39,
                    "zone_to": 62
                },
                {
                    "req_id": 599527951,
                    "timesteps_left": 1,
                    "zone_from": 42,
                    "zone_to": 13
                },
                {
                    "req_id": 1184777502,
                    "timesteps_left": 1,
                    "zone_from": 38,
                    "zone_to": 29
                },
                {
                    "req_id": 1539996490,
                    "timesteps_left": 1,
                    "zone_from": 41,
                    "zone_to": 18
                },
                {
                    "req_id": 1135007784,
                    "timesteps_left": 1,
                    "zone_from": 43,
                    "zone_to": 13
                },
                {
                    "req_id": 1058634193,
                    "timesteps_left": 1,
                    "zone_from": 42,
                    "zone_to": 36
                }
            ],
            "cars": [
                {
                    "car_id": 401277068,
                    "n_reqs": 3,
                    "reqs_in_car": [
                        62403984,
                        599527951,
                        318923578
                    ],
                    "path": [
                        42,
                        42,
                        39,
                        16,
                        13,
                        13
                    ],
                    "reward": 0.523919,
                    "icds": [
                        0,
                        491,
                        0
                    ],
                    "dist_red": 2607.0
                },
                {
                    "car_id": 1576065694,
                    "n_reqs": 3,
                    "reqs_in_car": [
                        331171268,
                        331171268,
                        1547796321
                    ],
                    "path": [
                        43,
                        43,
                        13,
                        13,
                        13,
                        13
                    ],
                    "reward": 0.833333,
                    "icds": [
                        0,
                        0,
                        0
                    ],
                    "dist_red": 4706.0
                },
                {
                    "car_id": 1166873287,
                    "n_reqs": 3,
                    "reqs_in_car": [
                        590139765,
                        1617348412,
                        955941822
                    ],
                    "path": [
                        55,
                        29,
                        8,
                        8,
                        39,
                        16
                    ],
                    "reward": 0.669218,
                    "icds": [
                        0,
                        117,
                        0
                    ],
                    "dist_red": 3684.0
                }
            ]
        },
        {
            "t": 6,
            "reqs": [
                {
                    "req_id": 2127256836,
                    "timesteps_left": 0,
                    "zone_from": 17,
                    "zone_to": 35
                },
                {
                    "req_id": 2091935901,
                    "timesteps_left": 0,
                    "zone_from": 46,
                    "zone_to": 19
                },
                {
                    "req_id": 1539996490,
                    "timesteps_left": 0,
                    "zone_from": 41,
                    "zone_to": 18
                },
                {
                    "req_id": 983929255,
                    "timesteps_left": 0,
                    "zone_from": 39,
                    "zone_to": 62
                },
                {
                    "req_id": 1184777502,
                    "timesteps_left": 0,
                    "zone_from": 38,
                    "zone_to": 29
                },
                {
                    "req_id": 1058634193,
                    "timesteps_left": 0,
                    "zone_from": 42,
                    "zone_to": 36
                },
                {
                    "req_id": 1079086236,
                    "timesteps_left": 0,
                    "zone_from": 28,
                    "zone_to": 12
                },
                {
                    "req_id": 1326824182,
                    "timesteps_left": 1,
                    "zone_from": 32,
                    "zone_to": 3
                },
                {
                    "req_id": 99731895,
                    "timesteps_left": 1,
                    "zone_from": 48,
                    "zone_to": 36
                },
                {
                    "req_id": 621340700,
                    "timesteps_left": 1,
                    "zone_from": 13,
                    "zone_to": 38
                },
                {
                    "req_id": 1762055347,
                    "timesteps_left": 1,
                    "zone_from": 35,
                    "zone_to": 31
                },
                {
                    "req_id": 435391973,
                    "timesteps_left": 1,
                    "zone_from": 59,
                    "zone_to": 18
                },
                {
                    "req_id": 1268250142,
                    "timesteps_left": 1,
                    "zone_from": 52,
                    "zone_to": 52
                },
                {
                    "req_id": 52961340,
                    "timesteps_left": 1,
                    "zone_from": 39,
                    "zone_to": 8
                },
                {
                    "req_id": 812972090,
                    "timesteps_left": 1,
                    "zone_from": 49,
                    "zone_to": 13
                },
                {
                    "req_id": 1011757667,
                    "timesteps_left": 1,
                    "zone_from": 46,
                    "zone_to": 8
                },
                {
                    "req_id": 358727319,
                    "timesteps_left": 1,
                    "zone_from": 48,
                    "zone_to": 59
                }
            ],
            "cars": [
                {
                    "car_id": 1538414362,
                    "n_reqs": 3,
                    "reqs_in_car": [
                        983929255,
                        1268250142,
                        52961340
                    ],
                    "path": [
                        39,
                        39,
                        8,
                        52,
                        52,
                        62
                    ],
                    "reward": 0.310374,
                    "icds": [
                        945,
                        0,
                        0
                    ],
                    "dist_red": 2172.0
                },
                {
                    "car_id": 1596087982,
                    "n_reqs": 4,
                    "reqs_in_car": [
                        2091935901,
                        1011757667,
                        2127256836,
                        1762055347
                    ],
                    "path": [
                        46,
                        46,
                        8,
                        17,
                        35,
                        35,
                        31,
                        19
                    ],
                    "reward": 0.444711,
                    "icds": [
                        2418,
                        0,
                        0,
                        0
                    ],
                    "dist_red": 3306.0
                },
                {
                    "car_id": 665010812,
                    "n_reqs": 4,
                    "reqs_in_car": [
                        99731895,
                        358727319,
                        1058634193,
                        435391973
                    ],
                    "path": [
                        48,
                        48,
                        59,
                        59,
                        18,
                        42,
                        36,
                        36
                    ],
                    "reward": 0.915479,
                    "icds": [
                        1551,
                        0,
                        0,
                        0
                    ],
                    "dist_red": 9551.0
                },
                {
                    "car_id": 1783436641,
                    "n_reqs": 5,
                    "reqs_in_car": [
                        1184777502,
                        621340700,
                        1326824182,
                        812972090,
                        1079086236
                    ],
                    "path": [
                        32,
                        49,
                        13,
                        13,
                        38,
                        38,
                        29,
                        28,
                        12,
                        3
                    ],
                    "reward": 0.669147,
                    "icds": [
                        0,
                        0,
                        3350,
                        0,
                        0
                    ],
                    "dist_red": 5823.0
                }
            ]
        },
        {
            "t": 7,
            "reqs": [
                {
                    "req_id": 921440826,
                    "timesteps_left": 1,
                    "zone_from": 39,
                    "zone_to": 0
                },
                {
                    "req_id": 282814657,
                    "timesteps_left": 1,
                    "zone_from": 23,
                    "zone_to": 42
                },
                {
                    "req_id": 1978696127,
                    "timesteps_left": 1,
                    "zone_from": 36,
                    "zone_to": 55
                },
                {
                    "req_id": 1285376119,
                    "timesteps_left": 1,
                    "zone_from": 8,
                    "zone_to": 8
                },
                {
                    "req_id": 862470603,
                    "timesteps_left": 1,
                    "zone_from": 37,
                    "zone_to": 62
                },
                {
                    "req_id": 1972347704,
                    "timesteps_left": 1,
                    "zone_from": 41,
                    "zone_to": 13
                },
                {
                    "req_id": 1747885856,
                    "timesteps_left": 1,
                    "zone_from": 13,
                    "zone_to": 38
                },
                {
                    "req_id": 895001328,
                    "timesteps_left": 1,
                    "zone_from": 38,
                    "zone_to": 28
                },
                {
                    "req_id": 15032028,
                    "timesteps_left": 1,
                    "zone_from": 42,
                    "zone_to": 41
                },
                {
                    "req_id": 676654809,
                    "timesteps_left": 1,
                    "zone_from": 36,
                    "zone_to": 17
                }
            ],
            "cars": []
        },
        {
            "t": 8,
            "reqs": [
                {
                    "req_id": 862470603,
                    "timesteps_left": 0,
                    "zone_from": 37,
                    "zone_to": 62
                },
                {
                    "req_id": 895001328,
                    "timesteps_left": 0,
                    "zone_from": 38,
                    "zone_to": 28
                },
                {
                    "req_id": 1978696127,
                    "timesteps_left": 0,
                    "zone_from": 36,
                    "zone_to": 55
                },
                {
                    "req_id": 1285376119,
                    "timesteps_left": 0,
                    "zone_from": 8,
                    "zone_to": 8
                },
                {
                    "req_id": 676654809,
                    "timesteps_left": 0,
                    "zone_from": 36,
                    "zone_to": 17
                },
                {
                    "req_id": 921440826,
                    "timesteps_left": 0,
                    "zone_from": 39,
                    "zone_to": 0
                },
                {
                    "req_id": 1972347704,
                    "timesteps_left": 0,
                    "zone_from": 41,
                    "zone_to": 13
                },
                {
                    "req_id": 15032028,
                    "timesteps_left": 0,
                    "zone_from": 42,
                    "zone_to": 41
                },
                {
                    "req_id": 1747885856,
                    "timesteps_left": 0,
                    "zone_from": 13,
                    "zone_to": 38
                },
                {
                    "req_id": 282814657,
                    "timesteps_left": 0,
                    "zone_from": 23,
                    "zone_to": 42
                },
                {
                    "req_id": 157823799,
                    "timesteps_left": 1,
                    "zone_from": 29,
                    "zone_to": 8
                },
                {
                    "req_id": 1112421733,
                    "timesteps_left": 1,
                    "zone_from": 28,
                    "zone_to": 30
                },
                {
                    "req_id": 933583259,
                    "timesteps_left": 1,
                    "zone_from": 18,
                    "zone_to": 45
                },
                {
                    "req_id": 1240069175,
                    "timesteps_left": 1,
                    "zone_from": 46,
                    "zone_to": 30
                },
                {
                    "req_id": 1108009762,
                    "timesteps_left": 1,
                    "zone_from": 13,
                    "zone_to": 42
                },
                {
                    "req_id": 1075635724,
                    "timesteps_left": 1,
                    "zone_from": 26,
                    "zone_to": 27
                },
                {
                    "req_id": 2042444075,
                    "timesteps_left": 1,
                    "zone_from": 51,
                    "zone_to": 59
                },
                {
                    "req_id": 330006837,
                    "timesteps_left": 1,
                    "zone_from": 47,
                    "zone_to": 17
                },
                {
                    "req_id": 2123701931,
                    "timesteps_left": 1,
                    "zone_from": 16,
                    "zone_to": 15
                },
                {
                    "req_id": 133753344,
                    "timesteps_left": 1,
                    "zone_from": 8,
                    "zone_to": 54
                }
            ],
            "cars": [
                {
                    "car_id": 1882754151,
                    "n_reqs": 2,
                    "reqs_in_car": [
                        676654809,
                        330006837
                    ],
                    "path": [
                        36,
                        47,
                        17,
                        17
                    ],
                    "reward": 0.381382,
                    "icds": [
                        50,
                        0
                    ],
                    "dist_red": 1175.0
                },
                {
                    "car_id": 1975910024,
                    "n_reqs": 4,
                    "reqs_in_car": [
                        1285376119,
                        133753344,
                        1978696127,
                        862470603
                    ],
                    "path": [
                        37,
                        36,
                        8,
                        8,
                        8,
                        55,
                        54,
                        62
                    ],
                    "reward": 0.360461,
                    "icds": [
                        0,
                        239,
                        106,
                        1557
                    ],
                    "dist_red": 3622.0
                },
                {
                    "car_id": 963840365,
                    "n_reqs": 5,
                    "reqs_in_car": [
                        1112421733,
                        1240069175,
                        895001328,
                        1747885856,
                        1075635724
                    ],
                    "path": [
                        13,
                        26,
                        38,
                        46,
                        27,
                        28,
                        28,
                        30,
                        30,
                        38
                    ],
                    "reward": 0.419655,
                    "icds": [
                        0,
                        377,
                        434,
                        262,
                        1051
                    ],
                    "dist_red": 5281.0
                },
                {
                    "car_id": 1590120124,
                    "n_reqs": 5,
                    "reqs_in_car": [
                        921440826,
                        1972347704,
                        15032028,
                        1108009762,
                        282814657
                    ],
                    "path": [
                        23,
                        42,
                        39,
                        41,
                        41,
                        0,
                        13,
                        13,
                        42,
                        42
                    ],
                    "reward": 0.771331,
                    "icds": [
                        208,
                        0,
                        163,
                        0,
                        0
                    ],
                    "dist_red": 2829.0
                }
            ]
        },
        {
            "t": 9,
            "reqs": [
                {
                    "req_id": 157823799,
                    "timesteps_left": 0,
                    "zone_from": 29,
                    "zone_to": 8
                },
                {
                    "req_id": 933583259,
                    "timesteps_left": 0,
                    "zone_from": 18,
                    "zone_to": 45
                },
                {
                    "req_id": 2042444075,
                    "timesteps_left": 0,
                    "zone_from": 51,
                    "zone_to": 59
                },
                {
                    "req_id": 2123701931,
                    "timesteps_left": 0,
                    "zone_from": 16,
                    "zone_to": 15
                },
                {
                    "req_id": 121442384,
                    "timesteps_left": 1,
                    "zone_from": 51,
                    "zone_to": 36
                },
                {
                    "req_id": 1469388998,
                    "timesteps_left": 1,
                    "zone_from": 38,
                    "zone_to": 54
                },
                {
                    "req_id": 881113226,
                    "timesteps_left": 1,
                    "zone_from": 18,
                    "zone_to": 20
                },
                {
                    "req_id": 149177646,
                    "timesteps_left": 1,
                    "zone_from": 57,
                    "zone_to": 48
                },
                {
                    "req_id": 1110613710,
                    "timesteps_left": 1,
                    "zone_from": 9,
                    "zone_to": 0
                },
                {
                    "req_id": 1285204325,
                    "timesteps_left": 1,
                    "zone_from": 46,
                    "zone_to": 20
                },
                {
                    "req_id": 172994573,
                    "timesteps_left": 1,
                    "zone_from": 46,
                    "zone_to": 38
                },
                {
                    "req_id": 1977075387,
                    "timesteps_left": 1,
                    "zone_from": 39,
                    "zone_to": 9
                },
                {
                    "req_id": 440429274,
                    "timesteps_left": 1,
                    "zone_from": 41,
                    "zone_to": 13
                },
                {
                    "req_id": 788962333,
                    "timesteps_left": 1,
                    "zone_from": 16,
                    "zone_to": 60
                }
            ],
            "cars": [
                {
                    "car_id": 85120175,
                    "n_reqs": 3,
                    "reqs_in_car": [
                        2123701931,
                        788962333,
                        2042444075
                    ],
                    "path": [
                        16,
                        16,
                        51,
                        59,
                        60,
                        15
                    ],
                    "reward": 0.554784,
                    "icds": [
                        963,
                        461,
                        0
                    ],
                    "dist_red": 10700.0
                },
                {
                    "car_id": 1313734969,
                    "n_reqs": 3,
                    "reqs_in_car": [
                        881113226,
                        1285204325,
                        172994573
                    ],
                    "path": [
                        46,
                        46,
                        38,
                        18,
                        20,
                        20
                    ],
                    "reward": 0.499948,
                    "icds": [
                        0,
                        949,
                        0
                    ],
                    "dist_red": 4528.0
                },
                {
                    "car_id": 559340024,
                    "n_reqs": 5,
                    "reqs_in_car": [
                        157823799,
                        149177646,
                        440429274,
                        1110613710,
                        1977075387
                    ],
                    "path": [
                        57,
                        29,
                        8,
                        39,
                        9,
                        9,
                        41,
                        0,
                        13,
                        48
                    ],
                    "reward": 0.509257,
                    "icds": [
                        0,
                        4064,
                        0,
                        79,
                        0
                    ],
                    "dist_red": 3900.0
                }
            ]
        }
    ],
    "serv_rate": 86.0,
    "n_cars": 26,
    "avg_occ": 3.307692307692308,
    "dist_red": 105.668,
    "dist_red_perc": 27,
    "trip_red": 60,
    "trip_red_perc": 60,
    "kg_co2_red": 13,
    "icd_mean": 387
}