{
    "timesteps": [
        {
            "t": 0,
            "reqs": [
                {
                    "req_id": 2143556537,
                    "timesteps_left": 1,
                    "zone_from": 0,
                    "zone_to": 14
                },
                {
                    "req_id": 1453091632,
                    "timesteps_left": 1,
                    "zone_from": 26,
                    "zone_to": 42
                },
                {
                    "req_id": 428978247,
                    "timesteps_left": 1,
                    "zone_from": 52,
                    "zone_to": 52
                },
                {
                    "req_id": 1818940737,
                    "timesteps_left": 1,
                    "zone_from": 51,
                    "zone_to": 49
                },
                {
                    "req_id": 832619152,
                    "timesteps_left": 1,
                    "zone_from": 47,
                    "zone_to": 51
                },
                {
                    "req_id": 998220231,
                    "timesteps_left": 1,
                    "zone_from": 37,
                    "zone_to": 41
                },
                {
                    "req_id": 1782207979,
                    "timesteps_left": 1,
                    "zone_from": 16,
                    "zone_to": 10
                },
                {
                    "req_id": 438605543,
                    "timesteps_left": 1,
                    "zone_from": 37,
                    "zone_to": 18
                },
                {
                    "req_id": 1002325105,
                    "timesteps_left": 1,
                    "zone_from": 51,
                    "zone_to": 55
                },
                {
                    "req_id": 1737389389,
                    "timesteps_left": 1,
                    "zone_from": 32,
                    "zone_to": 13
                },
                {
                    "req_id": 1461566326,
                    "timesteps_left": 1,
                    "zone_from": 42,
                    "zone_to": 60
                },
                {
                    "req_id": 1054637669,
                    "timesteps_left": 1,
                    "zone_from": 42,
                    "zone_to": 32
                },
                {
                    "req_id": 1105017314,
                    "timesteps_left": 1,
                    "zone_from": 33,
                    "zone_to": 54
                },
                {
                    "req_id": 1664878798,
                    "timesteps_left": 1,
                    "zone_from": 47,
                    "zone_to": 9
                },
                {
                    "req_id": 796098066,
                    "timesteps_left": 1,
                    "zone_from": 39,
                    "zone_to": 42
                },
                {
                    "req_id": 1157587905,
                    "timesteps_left": 1,
                    "zone_from": 32,
                    "zone_to": 29
                },
                {
                    "req_id": 1576807244,
                    "timesteps_left": 1,
                    "zone_from": 62,
                    "zone_to": 4
                },
                {
                    "req_id": 1540664205,
                    "timesteps_left": 1,
                    "zone_from": 14,
                    "zone_to": 14
                },
                {
                    "req_id": 2085315818,
                    "timesteps_left": 1,
                    "zone_from": 37,
                    "zone_to": 46
                },
                {
                    "req_id": 1681724448,
                    "timesteps_left": 1,
                    "zone_from": 16,
                    "zone_to": 10
                }
            ],
            "cars": []
        },
        {
            "t": 1,
            "reqs": [
                {
                    "req_id": 1453091632,
                    "timesteps_left": 0,
                    "zone_from": 26,
                    "zone_to": 42
                },
                {
                    "req_id": 428978247,
                    "timesteps_left": 0,
                    "zone_from": 52,
                    "zone_to": 52
                },
                {
                    "req_id": 1818940737,
                    "timesteps_left": 0,
                    "zone_from": 51,
                    "zone_to": 49
                },
                {
                    "req_id": 832619152,
                    "timesteps_left": 0,
                    "zone_from": 47,
                    "zone_to": 51
                },
                {
                    "req_id": 998220231,
                    "timesteps_left": 0,
                    "zone_from": 37,
                    "zone_to": 41
                },
                {
                    "req_id": 438605543,
                    "timesteps_left": 0,
                    "zone_from": 37,
                    "zone_to": 18
                },
                {
                    "req_id": 1002325105,
                    "timesteps_left": 0,
                    "zone_from": 51,
                    "zone_to": 55
                },
                {
                    "req_id": 1737389389,
                    "timesteps_left": 0,
                    "zone_from": 32,
                    "zone_to": 13
                },
                {
                    "req_id": 1461566326,
                    "timesteps_left": 0,
                    "zone_from": 42,
                    "zone_to": 60
                },
                {
                    "req_id": 1054637669,
                    "timesteps_left": 0,
                    "zone_from": 42,
                    "zone_to": 32
                },
                {
                    "req_id": 1105017314,
                    "timesteps_left": 0,
                    "zone_from": 33,
                    "zone_to": 54
                },
                {
                    "req_id": 1664878798,
                    "timesteps_left": 0,
                    "zone_from": 47,
                    "zone_to": 9
                },
                {
                    "req_id": 796098066,
                    "timesteps_left": 0,
                    "zone_from": 39,
                    "zone_to": 42
                },
                {
                    "req_id": 1157587905,
                    "timesteps_left": 0,
                    "zone_from": 32,
                    "zone_to": 29
                },
                {
                    "req_id": 1576807244,
                    "timesteps_left": 0,
                    "zone_from": 62,
                    "zone_to": 4
                },
                {
                    "req_id": 2085315818,
                    "timesteps_left": 0,
                    "zone_from": 37,
                    "zone_to": 46
                },
                {
                    "req_id": 2143556537,
                    "timesteps_left": 0,
                    "zone_from": 0,
                    "zone_to": 14
                },
                {
                    "req_id": 1540664205,
                    "timesteps_left": 0,
                    "zone_from": 14,
                    "zone_to": 14
                },
                {
                    "req_id": 1782207979,
                    "timesteps_left": 0,
                    "zone_from": 16,
                    "zone_to": 10
                },
                {
                    "req_id": 1681724448,
                    "timesteps_left": 0,
                    "zone_from": 16,
                    "zone_to": 10
                },
                {
                    "req_id": 1465525522,
                    "timesteps_left": 1,
                    "zone_from": 6,
                    "zone_to": 26
                },
                {
                    "req_id": 798376009,
                    "timesteps_left": 1,
                    "zone_from": 18,
                    "zone_to": 28
                },
                {
                    "req_id": 1531633738,
                    "timesteps_left": 1,
                    "zone_from": 46,
                    "zone_to": 32
                },
                {
                    "req_id": 685933202,
                    "timesteps_left": 1,
                    "zone_from": 13,
                    "zone_to": 59
                },
                {
                    "req_id": 1576742515,
                    "timesteps_left": 1,
                    "zone_from": 39,
                    "zone_to": 56
                },
                {
                    "req_id": 747530343,
                    "timesteps_left": 1,
                    "zone_from": 39,
                    "zone_to": 17
                },
                {
                    "req_id": 1222778145,
                    "timesteps_left": 1,
                    "zone_from": 20,
                    "zone_to": 31
                },
                {
                    "req_id": 1227818990,
                    "timesteps_left": 1,
                    "zone_from": 47,
                    "zone_to": 27
                },
                {
                    "req_id": 1377486013,
                    "timesteps_left": 1,
                    "zone_from": 51,
                    "zone_to": 41
                },
                {
                    "req_id": 375413770,
                    "timesteps_left": 1,
                    "zone_from": 0,
                    "zone_to": 20
                },
                {
                    "req_id": 1635912255,
                    "timesteps_left": 1,
                    "zone_from": 47,
                    "zone_to": 58
                },
                {
                    "req_id": 1911268568,
                    "timesteps_left": 1,
                    "zone_from": 44,
                    "zone_to": 37
                },
                {
                    "req_id": 759220302,
                    "timesteps_left": 1,
                    "zone_from": 18,
                    "zone_to": 39
                },
                {
                    "req_id": 2012860765,
                    "timesteps_left": 1,
                    "zone_from": 31,
                    "zone_to": 59
                },
                {
                    "req_id": 1101113060,
                    "timesteps_left": 1,
                    "zone_from": 33,
                    "zone_to": 50
                },
                {
                    "req_id": 2044568634,
                    "timesteps_left": 1,
                    "zone_from": 30,
                    "zone_to": 29
                },
                {
                    "req_id": 219800641,
                    "timesteps_left": 1,
                    "zone_from": 10,
                    "zone_to": 13
                },
                {
                    "req_id": 790548430,
                    "timesteps_left": 1,
                    "zone_from": 17,
                    "zone_to": 37
                },
                {
                    "req_id": 1841618621,
                    "timesteps_left": 1,
                    "zone_from": 47,
                    "zone_to": 5
                },
                {
                    "req_id": 427449216,
                    "timesteps_left": 1,
                    "zone_from": 12,
                    "zone_to": 4
                }
            ],
            "cars": [
                {
                    "car_id": 1602983340,
                    "n_reqs": 2,
                    "reqs_in_car": [
                        1664878798,
                        1841618621
                    ],
                    "path": [
                        47,
                        47,
                        9,
                        5
                    ],
                    "reward": 0.0330635,
                    "icds": [
                        0,
                        190
                    ],
                    "dist_red": 1139.0
                },
                {
                    "car_id": 1508450926,
                    "n_reqs": 2,
                    "reqs_in_car": [
                        1576807244,
                        427449216
                    ],
                    "path": [
                        62,
                        12,
                        4,
                        4
                    ],
                    "reward": 0.208549,
                    "icds": [
                        0,
                        0
                    ],
                    "dist_red": 2394.0
                },
                {
                    "car_id": 279897067,
                    "n_reqs": 2,
                    "reqs_in_car": [
                        2143556537,
                        1540664205
                    ],
                    "path": [
                        0,
                        14,
                        14,
                        14
                    ],
                    "reward": 0.0833333,
                    "icds": [
                        0,
                        0
                    ],
                    "dist_red": 0.0
                },
                {
                    "car_id": 1208852904,
                    "n_reqs": 2,
                    "reqs_in_car": [
                        1782207979,
                        1782207979
                    ],
                    "path": [
                        16,
                        16,
                        10,
                        10
                    ],
                    "reward": 0.25,
                    "icds": [
                        0,
                        0
                    ],
                    "dist_red": 2031.0
                },
                {
                    "car_id": 371986901,
                    "n_reqs": 4,
                    "reqs_in_car": [
                        998220231,
                        1465525522,
                        1101113060,
                        1105017314
                    ],
                    "path": [
                        33,
                        33,
                        54,
                        6,
                        37,
                        41,
                        26,
                        50
                    ],
                    "reward": 0.250413,
                    "icds": [
                        0,
                        165,
                        647,
                        0
                    ],
                    "dist_red": 7189.0
                },
                {
                    "car_id": 286951761,
                    "n_reqs": 4,
                    "reqs_in_car": [
                        2085315818,
                        1911268568,
                        1531633738,
                        790548430
                    ],
                    "path": [
                        17,
                        37,
                        46,
                        46,
                        32,
                        44,
                        37,
                        37
                    ],
                    "reward": 0.174539,
                    "icds": [
                        0,
                        0,
                        0,
                        0
                    ],
                    "dist_red": -1946.0
                }
            ]
        },
        {
            "t": 2,
            "reqs": [
                {
                    "req_id": 798376009,
                    "timesteps_left": 0,
                    "zone_from": 18,
                    "zone_to": 28
                },
                {
                    "req_id": 685933202,
                    "timesteps_left": 0,
                    "zone_from": 13,
                    "zone_to": 59
                },
                {
                    "req_id": 1576742515,
                    "timesteps_left": 0,
                    "zone_from": 39,
                    "zone_to": 56
                },
                {
                    "req_id": 747530343,
                    "timesteps_left": 0,
                    "zone_from": 39,
                    "zone_to": 17
                },
                {
                    "req_id": 1222778145,
                    "timesteps_left": 0,
                    "zone_from": 20,
                    "zone_to": 31
                },
                {
                    "req_id": 1227818990,
                    "timesteps_left": 0,
                    "zone_from": 47,
                    "zone_to": 27
                },
                {
                    "req_id": 1377486013,
                    "timesteps_left": 0,
                    "zone_from": 51,
                    "zone_to": 41
                },
                {
                    "req_id": 375413770,
                    "timesteps_left": 0,
                    "zone_from": 0,
                    "zone_to": 20
                },
                {
                    "req_id": 1635912255,
                    "timesteps_left": 0,
                    "zone_from": 47,
                    "zone_to": 58
                },
                {
                    "req_id": 759220302,
                    "timesteps_left": 0,
                    "zone_from": 18,
                    "zone_to": 39
                },
                {
                    "req_id": 2012860765,
                    "timesteps_left": 0,
                    "zone_from": 31,
                    "zone_to": 59
                },
                {
                    "req_id": 2044568634,
                    "timesteps_left": 0,
                    "zone_from": 30,
                    "zone_to": 29
                },
                {
                    "req_id": 219800641,
                    "timesteps_left": 0,
                    "zone_from": 10,
                    "zone_to": 13
                },
                {
                    "req_id": 221747995,
                    "timesteps_left": 1,
                    "zone_from": 37,
                    "zone_to": 42
                },
                {
                    "req_id": 2012936373,
                    "timesteps_left": 1,
                    "zone_from": 55,
                    "zone_to": 33
                },
                {
                    "req_id": 10912692,
                    "timesteps_left": 1,
                    "zone_from": 59,
                    "zone_to": 46
                },
                {
                    "req_id": 1335525214,
                    "timesteps_left": 1,
                    "zone_from": 55,
                    "zone_to": 33
                },
                {
                    "req_id": 1789701385,
                    "timesteps_left": 1,
                    "zone_from": 10,
                    "zone_to": 29
                },
                {
                    "req_id": 1994172142,
                    "timesteps_left": 1,
                    "zone_from": 61,
                    "zone_to": 39
                },
                {
                    "req_id": 1182088432,
                    "timesteps_left": 1,
                    "zone_from": 51,
                    "zone_to": 39
                },
                {
                    "req_id": 1764031601,
                    "timesteps_left": 1,
                    "zone_from": 32,
                    "zone_to": 13
                },
                {
                    "req_id": 248795366,
                    "timesteps_left": 1,
                    "zone_from": 13,
                    "zone_to": 16
                },
                {
                    "req_id": 59057355,
                    "timesteps_left": 1,
                    "zone_from": 59,
                    "zone_to": 16
                },
                {
                    "req_id": 657978328,
                    "timesteps_left": 1,
                    "zone_from": 51,
                    "zone_to": 16
                },
                {
                    "req_id": 1596158185,
                    "timesteps_left": 1,
                    "zone_from": 31,
                    "zone_to": 58
                },
                {
                    "req_id": 962529850,
                    "timesteps_left": 1,
                    "zone_from": 47,
                    "zone_to": 38
                },
                {
                    "req_id": 270375052,
                    "timesteps_left": 1,
                    "zone_from": 8,
                    "zone_to": 58
                },
                {
                    "req_id": 865886656,
                    "timesteps_left": 1,
                    "zone_from": 52,
                    "zone_to": 33
                },
                {
                    "req_id": 953726217,
                    "timesteps_left": 1,
                    "zone_from": 12,
                    "zone_to": 28
                },
                {
                    "req_id": 1299340060,
                    "timesteps_left": 1,
                    "zone_from": 37,
                    "zone_to": 9
                },
                {
                    "req_id": 1763691324,
                    "timesteps_left": 1,
                    "zone_from": 6,
                    "zone_to": 38
                },
                {
                    "req_id": 1832637183,
                    "timesteps_left": 1,
                    "zone_from": 61,
                    "zone_to": 52
                },
                {
                    "req_id": 2005234719,
                    "timesteps_left": 1,
                    "zone_from": 0,
                    "zone_to": 8
                }
            ],
            "cars": [
                {
                    "car_id": 320858116,
                    "n_reqs": 2,
                    "reqs_in_car": [
                        1227818990,
                        962529850
                    ],
                    "path": [
                        47,
                        47,
                        38,
                        27
                    ],
                    "reward": 0.115963,
                    "icds": [
                        108,
                        0
                    ],
                    "dist_red": 1657.0
                },
                {
                    "car_id": 2113783658,
                    "n_reqs": 2,
                    "reqs_in_car": [
                        1635912255,
                        270375052
                    ],
                    "path": [
                        47,
                        8,
                        58,
                        58
                    ],
                    "reward": 0.0884147,
                    "icds": [
                        116,
                        0
                    ],
                    "dist_red": 1552.0
                },
                {
                    "car_id": 1314841079,
                    "n_reqs": 2,
                    "reqs_in_car": [
                        2012860765,
                        1596158185
                    ],
                    "path": [
                        31,
                        31,
                        59,
                        58
                    ],
                    "reward": 0.0150805,
                    "icds": [
                        0,
                        304
                    ],
                    "dist_red": 2149.0
                },
                {
                    "car_id": 740486567,
                    "n_reqs": 3,
                    "reqs_in_car": [
                        747530343,
                        2005234719,
                        759220302
                    ],
                    "path": [
                        0,
                        18,
                        39,
                        39,
                        17,
                        8
                    ],
                    "reward": 0.220206,
                    "icds": [
                        0,
                        387,
                        0
                    ],
                    "dist_red": 4415.0
                }
            ]
        },
        {
            "t": 3,
            "reqs": [
                {
                    "req_id": 221747995,
                    "timesteps_left": 0,
                    "zone_from": 37,
                    "zone_to": 42
                },
                {
                    "req_id": 1789701385,
                    "timesteps_left": 0,
                    "zone_from": 10,
                    "zone_to": 29
                },
                {
                    "req_id": 1994172142,
                    "timesteps_left": 0,
                    "zone_from": 61,
                    "zone_to": 39
                },
                {
                    "req_id": 1182088432,
                    "timesteps_left": 0,
                    "zone_from": 51,
                    "zone_to": 39
                },
                {
                    "req_id": 1764031601,
                    "timesteps_left": 0,
                    "zone_from": 32,
                    "zone_to": 13
                },
                {
                    "req_id": 248795366,
                    "timesteps_left": 0,
                    "zone_from": 13,
                    "zone_to": 16
                },
                {
                    "req_id": 657978328,
                    "timesteps_left": 0,
                    "zone_from": 51,
                    "zone_to": 16
                },
                {
                    "req_id": 865886656,
                    "timesteps_left": 0,
                    "zone_from": 52,
                    "zone_to": 33
                },
                {
                    "req_id": 953726217,
                    "timesteps_left": 0,
                    "zone_from": 12,
                    "zone_to": 28
                },
                {
                    "req_id": 1299340060,
                    "timesteps_left": 0,
                    "zone_from": 37,
                    "zone_to": 9
                },
                {
                    "req_id": 1763691324,
                    "timesteps_left": 0,
                    "zone_from": 6,
                    "zone_to": 38
                },
                {
                    "req_id": 1832637183,
                    "timesteps_left": 0,
                    "zone_from": 61,
                    "zone_to": 52
                },
                {
                    "req_id": 2012936373,
                    "timesteps_left": 0,
                    "zone_from": 55,
                    "zone_to": 33
                },
                {
                    "req_id": 1335525214,
                    "timesteps_left": 0,
                    "zone_from": 55,
                    "zone_to": 33
                },
                {
                    "req_id": 10912692,
                    "timesteps_left": 0,
                    "zone_from": 59,
                    "zone_to": 46
                },
                {
                    "req_id": 59057355,
                    "timesteps_left": 0,
                    "zone_from": 59,
                    "zone_to": 16
                },
                {
                    "req_id": 1639677177,
                    "timesteps_left": 1,
                    "zone_from": 28,
                    "zone_to": 62
                },
                {
                    "req_id": 1155800041,
                    "timesteps_left": 1,
                    "zone_from": 18,
                    "zone_to": 46
                },
                {
                    "req_id": 1387524143,
                    "timesteps_left": 1,
                    "zone_from": 58,
                    "zone_to": 55
                },
                {
                    "req_id": 1634061940,
                    "timesteps_left": 1,
                    "zone_from": 8,
                    "zone_to": 42
                },
                {
                    "req_id": 40955694,
                    "timesteps_left": 1,
                    "zone_from": 4,
                    "zone_to": 4
                },
                {
                    "req_id": 2004761842,
                    "timesteps_left": 1,
                    "zone_from": 8,
                    "zone_to": 29
                },
                {
                    "req_id": 797165638,
                    "timesteps_left": 1,
                    "zone_from": 35,
                    "zone_to": 19
                },
                {
                    "req_id": 1346085119,
                    "timesteps_left": 1,
                    "zone_from": 20,
                    "zone_to": 16
                },
                {
                    "req_id": 330514018,
                    "timesteps_left": 1,
                    "zone_from": 38,
                    "zone_to": 45
                },
                {
                    "req_id": 1997221353,
                    "timesteps_left": 1,
                    "zone_from": 16,
                    "zone_to": 47
                },
                {
                    "req_id": 816584156,
                    "timesteps_left": 1,
                    "zone_from": 35,
                    "zone_to": 58
                },
                {
                    "req_id": 624348134,
                    "timesteps_left": 1,
                    "zone_from": 28,
                    "zone_to": 27
                },
                {
                    "req_id": 1138974183,
                    "timesteps_left": 1,
                    "zone_from": 44,
                    "zone_to": 23
                },
                {
                    "req_id": 421201617,
                    "timesteps_left": 1,
                    "zone_from": 10,
                    "zone_to": 48
                },
                {
                    "req_id": 1061961024,
                    "timesteps_left": 1,
                    "zone_from": 51,
                    "zone_to": 14
                },
                {
                    "req_id": 395007181,
                    "timesteps_left": 1,
                    "zone_from": 39,
                    "zone_to": 41
                },
                {
                    "req_id": 48428884,
                    "timesteps_left": 1,
                    "zone_from": 32,
                    "zone_to": 13
                },
                {
                    "req_id": 1821947753,
                    "timesteps_left": 1,
                    "zone_from": 26,
                    "zone_to": 13
                },
                {
                    "req_id": 216994271,
                    "timesteps_left": 1,
                    "zone_from": 36,
                    "zone_to": 42
                },
                {
                    "req_id": 674201928,
                    "timesteps_left": 1,
                    "zone_from": 29,
                    "zone_to": 16
                }
            ],
            "cars": [
                {
                    "car_id": 453288711,
                    "n_reqs": 2,
                    "reqs_in_car": [
                        221747995,
                        216994271
                    ],
                    "path": [
                        37,
                        36,
                        42,
                        42
                    ],
                    "reward": 0.229445,
                    "icds": [
                        0,
                        0
                    ],
                    "dist_red": 2097.0
                },
                {
                    "car_id": 676999102,
                    "n_reqs": 2,
                    "reqs_in_car": [
                        1789701385,
                        2004761842
                    ],
                    "path": [
                        10,
                        8,
                        29,
                        29
                    ],
                    "reward": 0.031284,
                    "icds": [
                        221,
                        0
                    ],
                    "dist_red": 1760.0
                },
                {
                    "car_id": 1968970326,
                    "n_reqs": 2,
                    "reqs_in_car": [
                        1994172142,
                        395007181
                    ],
                    "path": [
                        61,
                        39,
                        41,
                        39
                    ],
                    "reward": 0.0215645,
                    "icds": [
                        0,
                        0
                    ],
                    "dist_red": -1246.0
                },
                {
                    "car_id": 1984862814,
                    "n_reqs": 2,
                    "reqs_in_car": [
                        1764031601,
                        1764031601
                    ],
                    "path": [
                        32,
                        32,
                        13,
                        13
                    ],
                    "reward": 0.25,
                    "icds": [
                        0,
                        0
                    ],
                    "dist_red": 1490.0
                },
                {
                    "car_id": 279465831,
                    "n_reqs": 2,
                    "reqs_in_car": [
                        953726217,
                        624348134
                    ],
                    "path": [
                        12,
                        28,
                        27,
                        28
                    ],
                    "reward": 0.0230966,
                    "icds": [
                        0,
                        0
                    ],
                    "dist_red": -682.0
                },
                {
                    "car_id": 1734553399,
                    "n_reqs": 2,
                    "reqs_in_car": [
                        2012936373,
                        2012936373
                    ],
                    "path": [
                        55,
                        55,
                        33,
                        33
                    ],
                    "reward": 0.25,
                    "icds": [
                        0,
                        0
                    ],
                    "dist_red": 1803.0
                },
                {
                    "car_id": 1280035012,
                    "n_reqs": 3,
                    "reqs_in_car": [
                        10912692,
                        59057355,
                        1155800041
                    ],
                    "path": [
                        59,
                        59,
                        16,
                        18,
                        46,
                        46
                    ],
                    "reward": 0.267721,
                    "icds": [
                        279,
                        0,
                        0
                    ],
                    "dist_red": 6202.0
                }
            ]
        },
        {
            "t": 4,
            "reqs": [
                {
                    "req_id": 1639677177,
                    "timesteps_left": 0,
                    "zone_from": 28,
                    "zone_to": 62
                },
                {
                    "req_id": 1387524143,
                    "timesteps_left": 0,
                    "zone_from": 58,
                    "zone_to": 55
                },
                {
                    "req_id": 40955694,
                    "timesteps_left": 0,
                    "zone_from": 4,
                    "zone_to": 4
                },
                {
                    "req_id": 797165638,
                    "timesteps_left": 0,
                    "zone_from": 35,
                    "zone_to": 19
                },
                {
                    "req_id": 1346085119,
                    "timesteps_left": 0,
                    "zone_from": 20,
                    "zone_to": 16
                },
                {
                    "req_id": 330514018,
                    "timesteps_left": 0,
                    "zone_from": 38,
                    "zone_to": 45
                },
                {
                    "req_id": 1997221353,
                    "timesteps_left": 0,
                    "zone_from": 16,
                    "zone_to": 47
                },
                {
                    "req_id": 816584156,
                    "timesteps_left": 0,
                    "zone_from": 35,
                    "zone_to": 58
                },
                {
                    "req_id": 1138974183,
                    "timesteps_left": 0,
                    "zone_from": 44,
                    "zone_to": 23
                },
                {
                    "req_id": 421201617,
                    "timesteps_left": 0,
                    "zone_from": 10,
                    "zone_to": 48
                },
                {
                    "req_id": 1061961024,
                    "timesteps_left": 0,
                    "zone_from": 51,
                    "zone_to": 14
                },
                {
                    "req_id": 1821947753,
                    "timesteps_left": 0,
                    "zone_from": 26,
                    "zone_to": 13
                },
                {
                    "req_id": 1634061940,
                    "timesteps_left": 0,
                    "zone_from": 8,
                    "zone_to": 42
                },
                {
                    "req_id": 674201928,
                    "timesteps_left": 0,
                    "zone_from": 29,
                    "zone_to": 16
                },
                {
                    "req_id": 937456413,
                    "timesteps_left": 1,
                    "zone_from": 44,
                    "zone_to": 45
                },
                {
                    "req_id": 485266446,
                    "timesteps_left": 1,
                    "zone_from": 29,
                    "zone_to": 61
                },
                {
                    "req_id": 610737548,
                    "timesteps_left": 1,
                    "zone_from": 54,
                    "zone_to": 55
                },
                {
                    "req_id": 1654635859,
                    "timesteps_left": 1,
                    "zone_from": 59,
                    "zone_to": 58
                },
                {
                    "req_id": 1684040220,
                    "timesteps_left": 1,
                    "zone_from": 32,
                    "zone_to": 13
                },
                {
                    "req_id": 1578010811,
                    "timesteps_left": 1,
                    "zone_from": 32,
                    "zone_to": 38
                },
                {
                    "req_id": 642985807,
                    "timesteps_left": 1,
                    "zone_from": 58,
                    "zone_to": 16
                },
                {
                    "req_id": 496096943,
                    "timesteps_left": 1,
                    "zone_from": 29,
                    "zone_to": 55
                },
                {
                    "req_id": 643381574,
                    "timesteps_left": 1,
                    "zone_from": 58,
                    "zone_to": 47
                },
                {
                    "req_id": 681999080,
                    "timesteps_left": 1,
                    "zone_from": 46,
                    "zone_to": 62
                },
                {
                    "req_id": 1503998465,
                    "timesteps_left": 1,
                    "zone_from": 50,
                    "zone_to": 35
                },
                {
                    "req_id": 161407045,
                    "timesteps_left": 1,
                    "zone_from": 32,
                    "zone_to": 42
                },
                {
                    "req_id": 562786622,
                    "timesteps_left": 1,
                    "zone_from": 36,
                    "zone_to": 13
                },
                {
                    "req_id": 1600891936,
                    "timesteps_left": 1,
                    "zone_from": 41,
                    "zone_to": 19
                },
                {
                    "req_id": 52030946,
                    "timesteps_left": 1,
                    "zone_from": 62,
                    "zone_to": 6
                },
                {
                    "req_id": 1913201422,
                    "timesteps_left": 1,
                    "zone_from": 41,
                    "zone_to": 20
                },
                {
                    "req_id": 179218210,
                    "timesteps_left": 1,
                    "zone_from": 32,
                    "zone_to": 38
                },
                {
                    "req_id": 604199168,
                    "timesteps_left": 1,
                    "zone_from": 47,
                    "zone_to": 9
                },
                {
                    "req_id": 1441671757,
                    "timesteps_left": 1,
                    "zone_from": 31,
                    "zone_to": 0
                },
                {
                    "req_id": 627816378,
                    "timesteps_left": 1,
                    "zone_from": 13,
                    "zone_to": 30
                }
            ],
            "cars": [
                {
                    "car_id": 1738740313,
                    "n_reqs": 2,
                    "reqs_in_car": [
                        816584156,
                        1654635859
                    ],
                    "path": [
                        59,
                        35,
                        58,
                        58
                    ],
                    "reward": 0.0936984,
                    "icds": [
                        0,
                        159
                    ],
                    "dist_red": 2777.0
                },
                {
                    "car_id": 997269387,
                    "n_reqs": 2,
                    "reqs_in_car": [
                        1821947753,
                        562786622
                    ],
                    "path": [
                        36,
                        26,
                        13,
                        13
                    ],
                    "reward": 0.0200228,
                    "icds": [
                        0,
                        312
                    ],
                    "dist_red": 2184.0
                },
                {
                    "car_id": 533969595,
                    "n_reqs": 2,
                    "reqs_in_car": [
                        1634061940,
                        674201928
                    ],
                    "path": [
                        29,
                        8,
                        42,
                        16
                    ],
                    "reward": 0.0889037,
                    "icds": [
                        0,
                        179
                    ],
                    "dist_red": 1984.0
                }
            ]
        },
        {
            "t": 5,
            "reqs": [
                {
                    "req_id": 937456413,
                    "timesteps_left": 0,
                    "zone_from": 44,
                    "zone_to": 45
                },
                {
                    "req_id": 485266446,
                    "timesteps_left": 0,
                    "zone_from": 29,
                    "zone_to": 61
                },
                {
                    "req_id": 610737548,
                    "timesteps_left": 0,
                    "zone_from": 54,
                    "zone_to": 55
                },
                {
                    "req_id": 642985807,
                    "timesteps_left": 0,
                    "zone_from": 58,
                    "zone_to": 16
                },
                {
                    "req_id": 496096943,
                    "timesteps_left": 0,
                    "zone_from": 29,
                    "zone_to": 55
                },
                {
                    "req_id": 643381574,
                    "timesteps_left": 0,
                    "zone_from": 58,
                    "zone_to": 47
                },
                {
                    "req_id": 681999080,
                    "timesteps_left": 0,
                    "zone_from": 46,
                    "zone_to": 62
                },
                {
                    "req_id": 1503998465,
                    "timesteps_left": 0,
                    "zone_from": 50,
                    "zone_to": 35
                },
                {
                    "req_id": 52030946,
                    "timesteps_left": 0,
                    "zone_from": 62,
                    "zone_to": 6
                },
                {
                    "req_id": 604199168,
                    "timesteps_left": 0,
                    "zone_from": 47,
                    "zone_to": 9
                },
                {
                    "req_id": 1441671757,
                    "timesteps_left": 0,
                    "zone_from": 31,
                    "zone_to": 0
                },
                {
                    "req_id": 627816378,
                    "timesteps_left": 0,
                    "zone_from": 13,
                    "zone_to": 30
                },
                {
                    "req_id": 1684040220,
                    "timesteps_left": 0,
                    "zone_from": 32,
                    "zone_to": 13
                },
                {
                    "req_id": 161407045,
                    "timesteps_left": 0,
                    "zone_from": 32,
                    "zone_to": 42
                },
                {
                    "req_id": 1578010811,
                    "timesteps_left": 0,
                    "zone_from": 32,
                    "zone_to": 38
                },
                {
                    "req_id": 179218210,
                    "timesteps_left": 0,
                    "zone_from": 32,
                    "zone_to": 38
                },
                {
                    "req_id": 1600891936,
                    "timesteps_left": 0,
                    "zone_from": 41,
                    "zone_to": 19
                },
                {
                    "req_id": 1913201422,
                    "timesteps_left": 0,
                    "zone_from": 41,
                    "zone_to": 20
                },
                {
                    "req_id": 1602057009,
                    "timesteps_left": 1,
                    "zone_from": 10,
                    "zone_to": 35
                },
                {
                    "req_id": 1698505703,
                    "timesteps_left": 1,
                    "zone_from": 51,
                    "zone_to": 10
                },
                {
                    "req_id": 1161529714,
                    "timesteps_left": 1,
                    "zone_from": 37,
                    "zone_to": 29
                },
                {
                    "req_id": 100580598,
                    "timesteps_left": 1,
                    "zone_from": 59,
                    "zone_to": 41
                },
                {
                    "req_id": 200982206,
                    "timesteps_left": 1,
                    "zone_from": 40,
                    "zone_to": 3
                },
                {
                    "req_id": 2046866671,
                    "timesteps_left": 1,
                    "zone_from": 29,
                    "zone_to": 45
                },
                {
                    "req_id": 827630504,
                    "timesteps_left": 1,
                    "zone_from": 59,
                    "zone_to": 48
                },
                {
                    "req_id": 1878058901,
                    "timesteps_left": 1,
                    "zone_from": 27,
                    "zone_to": 8
                },
                {
                    "req_id": 676519562,
                    "timesteps_left": 1,
                    "zone_from": 8,
                    "zone_to": 38
                },
                {
                    "req_id": 1899520782,
                    "timesteps_left": 1,
                    "zone_from": 37,
                    "zone_to": 42
                },
                {
                    "req_id": 743973403,
                    "timesteps_left": 1,
                    "zone_from": 37,
                    "zone_to": 11
                },
                {
                    "req_id": 1524529967,
                    "timesteps_left": 1,
                    "zone_from": 35,
                    "zone_to": 10
                },
                {
                    "req_id": 711245846,
                    "timesteps_left": 1,
                    "zone_from": 26,
                    "zone_to": 41
                },
                {
                    "req_id": 1910057458,
                    "timesteps_left": 1,
                    "zone_from": 46,
                    "zone_to": 59
                },
                {
                    "req_id": 1654519035,
                    "timesteps_left": 1,
                    "zone_from": 18,
                    "zone_to": 53
                },
                {
                    "req_id": 2077038857,
                    "timesteps_left": 1,
                    "zone_from": 9,
                    "zone_to": 16
                },
                {
                    "req_id": 1627322159,
                    "timesteps_left": 1,
                    "zone_from": 47,
                    "zone_to": 46
                },
                {
                    "req_id": 2144496551,
                    "timesteps_left": 1,
                    "zone_from": 9,
                    "zone_to": 10
                },
                {
                    "req_id": 278957448,
                    "timesteps_left": 1,
                    "zone_from": 36,
                    "zone_to": 10
                },
                {
                    "req_id": 1763407282,
                    "timesteps_left": 1,
                    "zone_from": 48,
                    "zone_to": 20
                }
            ],
            "cars": [
                {
                    "car_id": 634421931,
                    "n_reqs": 2,
                    "reqs_in_car": [
                        52030946,
                        1878058901
                    ],
                    "path": [
                        27,
                        62,
                        6,
                        8
                    ],
                    "reward": 0.000399582,
                    "icds": [
                        0,
                        193
                    ],
                    "dist_red": 377.0
                },
                {
                    "car_id": 865359342,
                    "n_reqs": 2,
                    "reqs_in_car": [
                        1684040220,
                        161407045
                    ],
                    "path": [
                        32,
                        32,
                        13,
                        42
                    ],
                    "reward": 0.0586885,
                    "icds": [
                        0,
                        324
                    ],
                    "dist_red": 3219.0
                },
                {
                    "car_id": 814017139,
                    "n_reqs": 2,
                    "reqs_in_car": [
                        1578010811,
                        1578010811
                    ],
                    "path": [
                        32,
                        32,
                        38,
                        38
                    ],
                    "reward": 0.25,
                    "icds": [
                        0,
                        0
                    ],
                    "dist_red": 9062.0
                },
                {
                    "car_id": 511925076,
                    "n_reqs": 2,
                    "reqs_in_car": [
                        1600891936,
                        1913201422
                    ],
                    "path": [
                        41,
                        41,
                        19,
                        20
                    ],
                    "reward": 0.078788,
                    "icds": [
                        0,
                        209
                    ],
                    "dist_red": 2612.0
                },
                {
                    "car_id": 2120697959,
                    "n_reqs": 3,
                    "reqs_in_car": [
                        642985807,
                        2077038857,
                        2144496551
                    ],
                    "path": [
                        9,
                        9,
                        58,
                        10,
                        16,
                        16
                    ],
                    "reward": 0.392734,
                    "icds": [
                        28,
                        29,
                        0
                    ],
                    "dist_red": 5146.0
                },
                {
                    "car_id": 1765374955,
                    "n_reqs": 3,
                    "reqs_in_car": [
                        1503998465,
                        1524529967,
                        1602057009
                    ],
                    "path": [
                        50,
                        35,
                        10,
                        10,
                        35,
                        35
                    ],
                    "reward": 0.166667,
                    "icds": [
                        0,
                        0,
                        0
                    ],
                    "dist_red": 0.0
                },
                {
                    "car_id": 1741990216,
                    "n_reqs": 3,
                    "reqs_in_car": [
                        627816378,
                        1161529714,
                        711245846
                    ],
                    "path": [
                        13,
                        26,
                        41,
                        37,
                        29,
                        30
                    ],
                    "reward": 0.0827636,
                    "icds": [
                        752,
                        0,
                        0
                    ],
                    "dist_red": 3651.0
                }
            ]
        },
        {
            "t": 6,
            "reqs": [
                {
                    "req_id": 1698505703,
                    "timesteps_left": 0,
                    "zone_from": 51,
                    "zone_to": 10
                },
                {
                    "req_id": 100580598,
                    "timesteps_left": 0,
                    "zone_from": 59,
                    "zone_to": 41
                },
                {
                    "req_id": 200982206,
                    "timesteps_left": 0,
                    "zone_from": 40,
                    "zone_to": 3
                },
                {
                    "req_id": 2046866671,
                    "timesteps_left": 0,
                    "zone_from": 29,
                    "zone_to": 45
                },
                {
                    "req_id": 676519562,
                    "timesteps_left": 0,
                    "zone_from": 8,
                    "zone_to": 38
                },
                {
                    "req_id": 743973403,
                    "timesteps_left": 0,
                    "zone_from": 37,
                    "zone_to": 11
                },
                {
                    "req_id": 1654519035,
                    "timesteps_left": 0,
                    "zone_from": 18,
                    "zone_to": 53
                },
                {
                    "req_id": 1627322159,
                    "timesteps_left": 0,
                    "zone_from": 47,
                    "zone_to": 46
                },
                {
                    "req_id": 1899520782,
                    "timesteps_left": 0,
                    "zone_from": 37,
                    "zone_to": 42
                },
                {
                    "req_id": 1910057458,
                    "timesteps_left": 0,
                    "zone_from": 46,
                    "zone_to": 59
                },
                {
                    "req_id": 278957448,
                    "timesteps_left": 0,
                    "zone_from": 36,
                    "zone_to": 10
                },
                {
                    "req_id": 827630504,
                    "timesteps_left": 0,
                    "zone_from": 59,
                    "zone_to": 48
                },
                {
                    "req_id": 1763407282,
                    "timesteps_left": 0,
                    "zone_from": 48,
                    "zone_to": 20
                },
                {
                    "req_id": 942783647,
                    "timesteps_left": 1,
                    "zone_from": 29,
                    "zone_to": 47
                },
                {
                    "req_id": 37458297,
                    "timesteps_left": 1,
                    "zone_from": 41,
                    "zone_to": 10
                },
                {
                    "req_id": 1718546031,
                    "timesteps_left": 1,
                    "zone_from": 13,
                    "zone_to": 13
                },
                {
                    "req_id": 429722192,
                    "timesteps_left": 1,
                    "zone_from": 55,
                    "zone_to": 28
                },
                {
                    "req_id": 524338040,
                    "timesteps_left": 1,
                    "zone_from": 55,
                    "zone_to": 31
                },
                {
                    "req_id": 1232584742,
                    "timesteps_left": 1,
                    "zone_from": 13,
                    "zone_to": 44
                },
                {
                    "req_id": 1840709305,
                    "timesteps_left": 1,
                    "zone_from": 32,
                    "zone_to": 26
                },
                {
                    "req_id": 1256183646,
                    "timesteps_left": 1,
                    "zone_from": 14,
                    "zone_to": 51
                },
                {
                    "req_id": 1552592651,
                    "timesteps_left": 1,
                    "zone_from": 32,
                    "zone_to": 2
                },
                {
                    "req_id": 308185056,
                    "timesteps_left": 1,
                    "zone_from": 36,
                    "zone_to": 53
                },
                {
                    "req_id": 299547267,
                    "timesteps_left": 1,
                    "zone_from": 59,
                    "zone_to": 32
                },
                {
                    "req_id": 841147028,
                    "timesteps_left": 1,
                    "zone_from": 36,
                    "zone_to": 62
                },
                {
                    "req_id": 1146540307,
                    "timesteps_left": 1,
                    "zone_from": 51,
                    "zone_to": 10
                },
                {
                    "req_id": 1957220192,
                    "timesteps_left": 1,
                    "zone_from": 8,
                    "zone_to": 29
                },
                {
                    "req_id": 65039633,
                    "timesteps_left": 1,
                    "zone_from": 36,
                    "zone_to": 50
                },
                {
                    "req_id": 807817730,
                    "timesteps_left": 1,
                    "zone_from": 13,
                    "zone_to": 20
                },
                {
                    "req_id": 855549916,
                    "timesteps_left": 1,
                    "zone_from": 61,
                    "zone_to": 26
                },
                {
                    "req_id": 724193596,
                    "timesteps_left": 1,
                    "zone_from": 26,
                    "zone_to": 13
                },
                {
                    "req_id": 801441628,
                    "timesteps_left": 1,
                    "zone_from": 30,
                    "zone_to": 55
                },
                {
                    "req_id": 1146546980,
                    "timesteps_left": 1,
                    "zone_from": 29,
                    "zone_to": 29
                }
            ],
            "cars": [
                {
                    "car_id": 1089891684,
                    "n_reqs": 2,
                    "reqs_in_car": [
                        1698505703,
                        1698505703
                    ],
                    "path": [
                        51,
                        51,
                        10,
                        10
                    ],
                    "reward": 0.25,
                    "icds": [
                        0,
                        0
                    ],
                    "dist_red": 2723.0
                },
                {
                    "car_id": 1697639835,
                    "n_reqs": 2,
                    "reqs_in_car": [
                        2046866671,
                        1146546980
                    ],
                    "path": [
                        29,
                        29,
                        29,
                        45
                    ],
                    "reward": 0.0833333,
                    "icds": [
                        0,
                        0
                    ],
                    "dist_red": 0.0
                },
                {
                    "car_id": 325244914,
                    "n_reqs": 5,
                    "reqs_in_car": [
                        1899520782,
                        1910057458,
                        278957448,
                        827630504,
                        1763407282
                    ],
                    "path": [
                        46,
                        37,
                        36,
                        42,
                        10,
                        59,
                        48,
                        48,
                        20,
                        59
                    ],
                    "reward": 0.275026,
                    "icds": [
                        0,
                        588,
                        95,
                        0,
                        0
                    ],
                    "dist_red": 4974.0
                }
            ]
        },
        {
            "t": 7,
            "reqs": [
                {
                    "req_id": 942783647,
                    "timesteps_left": 0,
                    "zone_from": 29,
                    "zone_to": 47
                },
                {
                    "req_id": 37458297,
                    "timesteps_left": 0,
                    "zone_from": 41,
                    "zone_to": 10
                },
                {
                    "req_id": 429722192,
                    "timesteps_left": 0,
                    "zone_from": 55,
                    "zone_to": 28
                },
                {
                    "req_id": 524338040,
                    "timesteps_left": 0,
                    "zone_from": 55,
                    "zone_to": 31
                },
                {
                    "req_id": 1840709305,
                    "timesteps_left": 0,
                    "zone_from": 32,
                    "zone_to": 26
                },
                {
                    "req_id": 1256183646,
                    "timesteps_left": 0,
                    "zone_from": 14,
                    "zone_to": 51
                },
                {
                    "req_id": 1552592651,
                    "timesteps_left": 0,
                    "zone_from": 32,
                    "zone_to": 2
                },
                {
                    "req_id": 299547267,
                    "timesteps_left": 0,
                    "zone_from": 59,
                    "zone_to": 32
                },
                {
                    "req_id": 1957220192,
                    "timesteps_left": 0,
                    "zone_from": 8,
                    "zone_to": 29
                },
                {
                    "req_id": 65039633,
                    "timesteps_left": 0,
                    "zone_from": 36,
                    "zone_to": 50
                },
                {
                    "req_id": 855549916,
                    "timesteps_left": 0,
                    "zone_from": 61,
                    "zone_to": 26
                },
                {
                    "req_id": 724193596,
                    "timesteps_left": 0,
                    "zone_from": 26,
                    "zone_to": 13
                },
                {
                    "req_id": 801441628,
                    "timesteps_left": 0,
                    "zone_from": 30,
                    "zone_to": 55
                },
                {
                    "req_id": 308185056,
                    "timesteps_left": 0,
                    "zone_from": 36,
                    "zone_to": 53
                },
                {
                    "req_id": 841147028,
                    "timesteps_left": 0,
                    "zone_from": 36,
                    "zone_to": 62
                },
                {
                    "req_id": 1718546031,
                    "timesteps_left": 0,
                    "zone_from": 13,
                    "zone_to": 13
                },
                {
                    "req_id": 1232584742,
                    "timesteps_left": 0,
                    "zone_from": 13,
                    "zone_to": 44
                },
                {
                    "req_id": 807817730,
                    "timesteps_left": 0,
                    "zone_from": 13,
                    "zone_to": 20
                },
                {
                    "req_id": 73803645,
                    "timesteps_left": 1,
                    "zone_from": 29,
                    "zone_to": 13
                },
                {
                    "req_id": 1960124055,
                    "timesteps_left": 1,
                    "zone_from": 39,
                    "zone_to": 36
                },
                {
                    "req_id": 417677911,
                    "timesteps_left": 1,
                    "zone_from": 18,
                    "zone_to": 16
                },
                {
                    "req_id": 836789695,
                    "timesteps_left": 1,
                    "zone_from": 38,
                    "zone_to": 53
                },
                {
                    "req_id": 652121619,
                    "timesteps_left": 1,
                    "zone_from": 8,
                    "zone_to": 36
                },
                {
                    "req_id": 391710584,
                    "timesteps_left": 1,
                    "zone_from": 59,
                    "zone_to": 13
                },
                {
                    "req_id": 214689957,
                    "timesteps_left": 1,
                    "zone_from": 47,
                    "zone_to": 21
                },
                {
                    "req_id": 748568348,
                    "timesteps_left": 1,
                    "zone_from": 10,
                    "zone_to": 55
                },
                {
                    "req_id": 1152689864,
                    "timesteps_left": 1,
                    "zone_from": 41,
                    "zone_to": 17
                },
                {
                    "req_id": 1696393093,
                    "timesteps_left": 1,
                    "zone_from": 18,
                    "zone_to": 51
                },
                {
                    "req_id": 1953233838,
                    "timesteps_left": 1,
                    "zone_from": 59,
                    "zone_to": 16
                },
                {
                    "req_id": 757423993,
                    "timesteps_left": 1,
                    "zone_from": 55,
                    "zone_to": 62
                },
                {
                    "req_id": 518513454,
                    "timesteps_left": 1,
                    "zone_from": 32,
                    "zone_to": 42
                },
                {
                    "req_id": 1621086807,
                    "timesteps_left": 1,
                    "zone_from": 20,
                    "zone_to": 13
                },
                {
                    "req_id": 1167648819,
                    "timesteps_left": 1,
                    "zone_from": 37,
                    "zone_to": 33
                },
                {
                    "req_id": 603008232,
                    "timesteps_left": 1,
                    "zone_from": 59,
                    "zone_to": 32
                },
                {
                    "req_id": 891211813,
                    "timesteps_left": 1,
                    "zone_from": 54,
                    "zone_to": 33
                },
                {
                    "req_id": 1398176996,
                    "timesteps_left": 1,
                    "zone_from": 32,
                    "zone_to": 18
                },
                {
                    "req_id": 403087115,
                    "timesteps_left": 1,
                    "zone_from": 17,
                    "zone_to": 42
                },
                {
                    "req_id": 1415330302,
                    "timesteps_left": 1,
                    "zone_from": 51,
                    "zone_to": 10
                }
            ],
            "cars": [
                {
                    "car_id": 770970453,
                    "n_reqs": 2,
                    "reqs_in_car": [
                        299547267,
                        299547267
                    ],
                    "path": [
                        59,
                        59,
                        32,
                        32
                    ],
                    "reward": 0.25,
                    "icds": [
                        0,
                        0
                    ],
                    "dist_red": 4099.0
                },
                {
                    "car_id": 167993490,
                    "n_reqs": 2,
                    "reqs_in_car": [
                        801441628,
                        748568348
                    ],
                    "path": [
                        10,
                        30,
                        55,
                        55
                    ],
                    "reward": 0.053622,
                    "icds": [
                        0,
                        188
                    ],
                    "dist_red": 1776.0
                },
                {
                    "car_id": 907997737,
                    "n_reqs": 2,
                    "reqs_in_car": [
                        308185056,
                        841147028
                    ],
                    "path": [
                        36,
                        36,
                        53,
                        62
                    ],
                    "reward": 0.155701,
                    "icds": [
                        0,
                        52
                    ],
                    "dist_red": 1998.0
                },
                {
                    "car_id": 803861033,
                    "n_reqs": 3,
                    "reqs_in_car": [
                        37458297,
                        1152689864,
                        403087115
                    ],
                    "path": [
                        41,
                        41,
                        17,
                        17,
                        42,
                        10
                    ],
                    "reward": 0.157584,
                    "icds": [
                        313,
                        0,
                        0
                    ],
                    "dist_red": 2094.0
                },
                {
                    "car_id": 423929751,
                    "n_reqs": 5,
                    "reqs_in_car": [
                        1718546031,
                        807817730,
                        1621086807,
                        724193596,
                        73803645
                    ],
                    "path": [
                        29,
                        26,
                        13,
                        13,
                        13,
                        20,
                        20,
                        13,
                        13,
                        13
                    ],
                    "reward": 0.2631,
                    "icds": [
                        0,
                        0,
                        0,
                        0,
                        562
                    ],
                    "dist_red": 2375.0
                }
            ]
        },
        {
            "t": 8,
            "reqs": [
                {
                    "req_id": 1960124055,
                    "timesteps_left": 0,
                    "zone_from": 39,
                    "zone_to": 36
                },
                {
                    "req_id": 836789695,
                    "timesteps_left": 0,
                    "zone_from": 38,
                    "zone_to": 53
                },
                {
                    "req_id": 652121619,
                    "timesteps_left": 0,
                    "zone_from": 8,
                    "zone_to": 36
                },
                {
                    "req_id": 391710584,
                    "timesteps_left": 0,
                    "zone_from": 59,
                    "zone_to": 13
                },
                {
                    "req_id": 214689957,
                    "timesteps_left": 0,
                    "zone_from": 47,
                    "zone_to": 21
                },
                {
                    "req_id": 1696393093,
                    "timesteps_left": 0,
                    "zone_from": 18,
                    "zone_to": 51
                },
                {
                    "req_id": 1953233838,
                    "timesteps_left": 0,
                    "zone_from": 59,
                    "zone_to": 16
                },
                {
                    "req_id": 757423993,
                    "timesteps_left": 0,
                    "zone_from": 55,
                    "zone_to": 62
                },
                {
                    "req_id": 1167648819,
                    "timesteps_left": 0,
                    "zone_from": 37,
                    "zone_to": 33
                },
                {
                    "req_id": 891211813,
                    "timesteps_left": 0,
                    "zone_from": 54,
                    "zone_to": 33
                },
                {
                    "req_id": 1415330302,
                    "timesteps_left": 0,
                    "zone_from": 51,
                    "zone_to": 10
                },
                {
                    "req_id": 518513454,
                    "timesteps_left": 0,
                    "zone_from": 32,
                    "zone_to": 42
                },
                {
                    "req_id": 1398176996,
                    "timesteps_left": 0,
                    "zone_from": 32,
                    "zone_to": 18
                },
                {
                    "req_id": 417677911,
                    "timesteps_left": 0,
                    "zone_from": 18,
                    "zone_to": 16
                },
                {
                    "req_id": 238606100,
                    "timesteps_left": 1,
                    "zone_from": 13,
                    "zone_to": 20
                },
                {
                    "req_id": 227506165,
                    "timesteps_left": 1,
                    "zone_from": 36,
                    "zone_to": 62
                },
                {
                    "req_id": 784423297,
                    "timesteps_left": 1,
                    "zone_from": 36,
                    "zone_to": 48
                },
                {
                    "req_id": 12797778,
                    "timesteps_left": 1,
                    "zone_from": 31,
                    "zone_to": 44
                },
                {
                    "req_id": 1497138684,
                    "timesteps_left": 1,
                    "zone_from": 52,
                    "zone_to": 27
                },
                {
                    "req_id": 178645275,
                    "timesteps_left": 1,
                    "zone_from": 42,
                    "zone_to": 37
                },
                {
                    "req_id": 2136493443,
                    "timesteps_left": 1,
                    "zone_from": 45,
                    "zone_to": 31
                },
                {
                    "req_id": 284294020,
                    "timesteps_left": 1,
                    "zone_from": 41,
                    "zone_to": 58
                },
                {
                    "req_id": 1336699836,
                    "timesteps_left": 1,
                    "zone_from": 32,
                    "zone_to": 14
                },
                {
                    "req_id": 1381226676,
                    "timesteps_left": 1,
                    "zone_from": 51,
                    "zone_to": 61
                },
                {
                    "req_id": 1715375533,
                    "timesteps_left": 1,
                    "zone_from": 26,
                    "zone_to": 50
                },
                {
                    "req_id": 780162292,
                    "timesteps_left": 1,
                    "zone_from": 59,
                    "zone_to": 47
                },
                {
                    "req_id": 809321014,
                    "timesteps_left": 1,
                    "zone_from": 19,
                    "zone_to": 30
                },
                {
                    "req_id": 143986855,
                    "timesteps_left": 1,
                    "zone_from": 62,
                    "zone_to": 62
                },
                {
                    "req_id": 702135511,
                    "timesteps_left": 1,
                    "zone_from": 18,
                    "zone_to": 49
                },
                {
                    "req_id": 1229667236,
                    "timesteps_left": 1,
                    "zone_from": 52,
                    "zone_to": 12
                },
                {
                    "req_id": 1379143331,
                    "timesteps_left": 1,
                    "zone_from": 17,
                    "zone_to": 37
                },
                {
                    "req_id": 1163227453,
                    "timesteps_left": 1,
                    "zone_from": 18,
                    "zone_to": 20
                },
                {
                    "req_id": 244047964,
                    "timesteps_left": 1,
                    "zone_from": 18,
                    "zone_to": 48
                },
                {
                    "req_id": 1338378748,
                    "timesteps_left": 1,
                    "zone_from": 59,
                    "zone_to": 35
                }
            ],
            "cars": [
                {
                    "car_id": 962146473,
                    "n_reqs": 3,
                    "reqs_in_car": [
                        227506165,
                        143986855,
                        836789695
                    ],
                    "path": [
                        36,
                        38,
                        53,
                        62,
                        62,
                        62
                    ],
                    "reward": 0.116706,
                    "icds": [
                        245,
                        0,
                        0
                    ],
                    "dist_red": 1022.0
                },
                {
                    "car_id": 187448039,
                    "n_reqs": 3,
                    "reqs_in_car": [
                        518513454,
                        1398176996,
                        417677911
                    ],
                    "path": [
                        32,
                        32,
                        18,
                        18,
                        16,
                        42
                    ],
                    "reward": 0.272762,
                    "icds": [
                        323,
                        0,
                        0
                    ],
                    "dist_red": 5671.0
                }
            ]
        },
        {
            "t": 9,
            "reqs": [
                {
                    "req_id": 238606100,
                    "timesteps_left": 0,
                    "zone_from": 13,
                    "zone_to": 20
                },
                {
                    "req_id": 12797778,
                    "timesteps_left": 0,
                    "zone_from": 31,
                    "zone_to": 44
                },
                {
                    "req_id": 1497138684,
                    "timesteps_left": 0,
                    "zone_from": 52,
                    "zone_to": 27
                },
                {
                    "req_id": 178645275,
                    "timesteps_left": 0,
                    "zone_from": 42,
                    "zone_to": 37
                },
                {
                    "req_id": 2136493443,
                    "timesteps_left": 0,
                    "zone_from": 45,
                    "zone_to": 31
                },
                {
                    "req_id": 284294020,
                    "timesteps_left": 0,
                    "zone_from": 41,
                    "zone_to": 58
                },
                {
                    "req_id": 1336699836,
                    "timesteps_left": 0,
                    "zone_from": 32,
                    "zone_to": 14
                },
                {
                    "req_id": 1381226676,
                    "timesteps_left": 0,
                    "zone_from": 51,
                    "zone_to": 61
                },
                {
                    "req_id": 1715375533,
                    "timesteps_left": 0,
                    "zone_from": 26,
                    "zone_to": 50
                },
                {
                    "req_id": 780162292,
                    "timesteps_left": 0,
                    "zone_from": 59,
                    "zone_to": 47
                },
                {
                    "req_id": 809321014,
                    "timesteps_left": 0,
                    "zone_from": 19,
                    "zone_to": 30
                },
                {
                    "req_id": 702135511,
                    "timesteps_left": 0,
                    "zone_from": 18,
                    "zone_to": 49
                },
                {
                    "req_id": 1229667236,
                    "timesteps_left": 0,
                    "zone_from": 52,
                    "zone_to": 12
                },
                {
                    "req_id": 1379143331,
                    "timesteps_left": 0,
                    "zone_from": 17,
                    "zone_to": 37
                },
                {
                    "req_id": 1338378748,
                    "timesteps_left": 0,
                    "zone_from": 59,
                    "zone_to": 35
                },
                {
                    "req_id": 1163227453,
                    "timesteps_left": 0,
                    "zone_from": 18,
                    "zone_to": 20
                },
                {
                    "req_id": 244047964,
                    "timesteps_left": 0,
                    "zone_from": 18,
                    "zone_to": 48
                },
                {
                    "req_id": 784423297,
                    "timesteps_left": 0,
                    "zone_from": 36,
                    "zone_to": 48
                },
                {
                    "req_id": 1772314010,
                    "timesteps_left": 1,
                    "zone_from": 13,
                    "zone_to": 17
                },
                {
                    "req_id": 17127796,
                    "timesteps_left": 1,
                    "zone_from": 55,
                    "zone_to": 12
                },
                {
                    "req_id": 563124319,
                    "timesteps_left": 1,
                    "zone_from": 13,
                    "zone_to": 59
                },
                {
                    "req_id": 923236936,
                    "timesteps_left": 1,
                    "zone_from": 9,
                    "zone_to": 47
                },
                {
                    "req_id": 233626518,
                    "timesteps_left": 1,
                    "zone_from": 42,
                    "zone_to": 32
                },
                {
                    "req_id": 146714724,
                    "timesteps_left": 1,
                    "zone_from": 19,
                    "zone_to": 35
                },
                {
                    "req_id": 2131735162,
                    "timesteps_left": 1,
                    "zone_from": 62,
                    "zone_to": 11
                },
                {
                    "req_id": 1312480593,
                    "timesteps_left": 1,
                    "zone_from": 36,
                    "zone_to": 6
                },
                {
                    "req_id": 201375199,
                    "timesteps_left": 1,
                    "zone_from": 46,
                    "zone_to": 26
                },
                {
                    "req_id": 1501410013,
                    "timesteps_left": 1,
                    "zone_from": 41,
                    "zone_to": 37
                },
                {
                    "req_id": 1595861119,
                    "timesteps_left": 1,
                    "zone_from": 19,
                    "zone_to": 56
                },
                {
                    "req_id": 1964693811,
                    "timesteps_left": 1,
                    "zone_from": 13,
                    "zone_to": 41
                },
                {
                    "req_id": 2070852623,
                    "timesteps_left": 1,
                    "zone_from": 13,
                    "zone_to": 23
                },
                {
                    "req_id": 1383619661,
                    "timesteps_left": 1,
                    "zone_from": 32,
                    "zone_to": 54
                },
                {
                    "req_id": 1510062449,
                    "timesteps_left": 1,
                    "zone_from": 42,
                    "zone_to": 18
                },
                {
                    "req_id": 167503793,
                    "timesteps_left": 1,
                    "zone_from": 58,
                    "zone_to": 35
                },
                {
                    "req_id": 389562483,
                    "timesteps_left": 1,
                    "zone_from": 39,
                    "zone_to": 16
                },
                {
                    "req_id": 1527633228,
                    "timesteps_left": 1,
                    "zone_from": 16,
                    "zone_to": 58
                },
                {
                    "req_id": 433029836,
                    "timesteps_left": 1,
                    "zone_from": 8,
                    "zone_to": 20
                },
                {
                    "req_id": 764487919,
                    "timesteps_left": 1,
                    "zone_from": 46,
                    "zone_to": 61
                }
            ],
            "cars": [
                {
                    "car_id": 183196111,
                    "n_reqs": 2,
                    "reqs_in_car": [
                        238606100,
                        2070852623
                    ],
                    "path": [
                        13,
                        13,
                        20,
                        23
                    ],
                    "reward": 0.0563299,
                    "icds": [
                        0,
                        194
                    ],
                    "dist_red": 1610.0
                },
                {
                    "car_id": 544843105,
                    "n_reqs": 2,
                    "reqs_in_car": [
                        1381226676,
                        764487919
                    ],
                    "path": [
                        51,
                        46,
                        61,
                        61
                    ],
                    "reward": 0.0558058,
                    "icds": [
                        283,
                        0
                    ],
                    "dist_red": 3508.0
                },
                {
                    "car_id": 443204720,
                    "n_reqs": 2,
                    "reqs_in_car": [
                        809321014,
                        146714724
                    ],
                    "path": [
                        19,
                        19,
                        35,
                        30
                    ],
                    "reward": 0.0329428,
                    "icds": [
                        196,
                        0
                    ],
                    "dist_red": 951.0
                },
                {
                    "car_id": 159486974,
                    "n_reqs": 2,
                    "reqs_in_car": [
                        1229667236,
                        17127796
                    ],
                    "path": [
                        55,
                        52,
                        12,
                        12
                    ],
                    "reward": 0.0825565,
                    "icds": [
                        0,
                        110
                    ],
                    "dist_red": 1477.0
                },
                {
                    "car_id": 1734816970,
                    "n_reqs": 2,
                    "reqs_in_car": [
                        1772314010,
                        563124319
                    ],
                    "path": [
                        13,
                        13,
                        59,
                        17
                    ],
                    "reward": 0.0542368,
                    "icds": [
                        296,
                        0
                    ],
                    "dist_red": 2279.0
                },
                {
                    "car_id": 476707263,
                    "n_reqs": 2,
                    "reqs_in_car": [
                        233626518,
                        1510062449
                    ],
                    "path": [
                        42,
                        42,
                        18,
                        32
                    ],
                    "reward": 0.0173924,
                    "icds": [
                        233,
                        0
                    ],
                    "dist_red": 1745.0
                },
                {
                    "car_id": 1754075391,
                    "n_reqs": 4,
                    "reqs_in_car": [
                        784423297,
                        389562483,
                        244047964,
                        1163227453
                    ],
                    "path": [
                        36,
                        39,
                        16,
                        18,
                        18,
                        20,
                        48,
                        48
                    ],
                    "reward": 0.169533,
                    "icds": [
                        727,
                        0,
                        171,
                        0
                    ],
                    "dist_red": 5157.0
                },
                {
                    "car_id": 2000238213,
                    "n_reqs": 4,
                    "reqs_in_car": [
                        1312480593,
                        1383619661,
                        1964693811,
                        1501410013
                    ],
                    "path": [
                        32,
                        13,
                        41,
                        41,
                        37,
                        36,
                        6,
                        54
                    ],
                    "reward": 0.276086,
                    "icds": [
                        0,
                        1186,
                        0,
                        0
                    ],
                    "dist_red": 10069.0
                }
            ]
        }
    ],
    "serv_rate": 56.0,
    "n_cars": 45,
    "avg_occ": 1.5955555555555556,
    "dist_red": 116.544,
    "dist_red_perc": 6,
    "trip_red": 67,
    "trip_red_perc": 13,
    "kg_co2_red": 15,
    "icd_mean": 25
}