{
    "timesteps": [
        {
            "t": 0,
            "reqs": [
                {
                    "req_id": 1413238350,
                    "timesteps_left": 5,
                    "zone_from": 53,
                    "zone_to": 35
                },
                {
                    "req_id": 1456854123,
                    "timesteps_left": 5,
                    "zone_from": 28,
                    "zone_to": 37
                },
                {
                    "req_id": 1126523681,
                    "timesteps_left": 5,
                    "zone_from": 29,
                    "zone_to": 27
                },
                {
                    "req_id": 1351017082,
                    "timesteps_left": 5,
                    "zone_from": 46,
                    "zone_to": 42
                },
                {
                    "req_id": 1812892047,
                    "timesteps_left": 5,
                    "zone_from": 42,
                    "zone_to": 9
                },
                {
                    "req_id": 225419423,
                    "timesteps_left": 5,
                    "zone_from": 54,
                    "zone_to": 8
                }
            ],
            "cars": []
        },
        {
            "t": 1,
            "reqs": [
                {
                    "req_id": 1456854123,
                    "timesteps_left": 4,
                    "zone_from": 28,
                    "zone_to": 37
                },
                {
                    "req_id": 1413238350,
                    "timesteps_left": 4,
                    "zone_from": 53,
                    "zone_to": 35
                },
                {
                    "req_id": 1351017082,
                    "timesteps_left": 4,
                    "zone_from": 46,
                    "zone_to": 42
                },
                {
                    "req_id": 1126523681,
                    "timesteps_left": 4,
                    "zone_from": 29,
                    "zone_to": 27
                },
                {
                    "req_id": 1812892047,
                    "timesteps_left": 4,
                    "zone_from": 42,
                    "zone_to": 9
                },
                {
                    "req_id": 225419423,
                    "timesteps_left": 4,
                    "zone_from": 54,
                    "zone_to": 8
                },
                {
                    "req_id": 1952713262,
                    "timesteps_left": 5,
                    "zone_from": 19,
                    "zone_to": 32
                },
                {
                    "req_id": 1806591539,
                    "timesteps_left": 5,
                    "zone_from": 42,
                    "zone_to": 55
                },
                {
                    "req_id": 397934438,
                    "timesteps_left": 5,
                    "zone_from": 32,
                    "zone_to": 13
                },
                {
                    "req_id": 1021357804,
                    "timesteps_left": 5,
                    "zone_from": 62,
                    "zone_to": 13
                },
                {
                    "req_id": 790133224,
                    "timesteps_left": 5,
                    "zone_from": 13,
                    "zone_to": 49
                },
                {
                    "req_id": 896540176,
                    "timesteps_left": 5,
                    "zone_from": 42,
                    "zone_to": 27
                }
            ],
            "cars": []
        },
        {
            "t": 2,
            "reqs": [
                {
                    "req_id": 1413238350,
                    "timesteps_left": 3,
                    "zone_from": 53,
                    "zone_to": 35
                },
                {
                    "req_id": 1351017082,
                    "timesteps_left": 3,
                    "zone_from": 46,
                    "zone_to": 42
                },
                {
                    "req_id": 1456854123,
                    "timesteps_left": 3,
                    "zone_from": 28,
                    "zone_to": 37
                },
                {
                    "req_id": 1952713262,
                    "timesteps_left": 4,
                    "zone_from": 19,
                    "zone_to": 32
                },
                {
                    "req_id": 790133224,
                    "timesteps_left": 4,
                    "zone_from": 13,
                    "zone_to": 49
                },
                {
                    "req_id": 397934438,
                    "timesteps_left": 4,
                    "zone_from": 32,
                    "zone_to": 13
                },
                {
                    "req_id": 1021357804,
                    "timesteps_left": 4,
                    "zone_from": 62,
                    "zone_to": 13
                },
                {
                    "req_id": 1812892047,
                    "timesteps_left": 3,
                    "zone_from": 42,
                    "zone_to": 9
                },
                {
                    "req_id": 1806591539,
                    "timesteps_left": 4,
                    "zone_from": 42,
                    "zone_to": 55
                },
                {
                    "req_id": 896540176,
                    "timesteps_left": 4,
                    "zone_from": 42,
                    "zone_to": 27
                },
                {
                    "req_id": 1126523681,
                    "timesteps_left": 3,
                    "zone_from": 29,
                    "zone_to": 27
                },
                {
                    "req_id": 225419423,
                    "timesteps_left": 3,
                    "zone_from": 54,
                    "zone_to": 8
                },
                {
                    "req_id": 1687322717,
                    "timesteps_left": 5,
                    "zone_from": 18,
                    "zone_to": 53
                },
                {
                    "req_id": 1399292548,
                    "timesteps_left": 5,
                    "zone_from": 36,
                    "zone_to": 39
                },
                {
                    "req_id": 28134786,
                    "timesteps_left": 5,
                    "zone_from": 18,
                    "zone_to": 19
                },
                {
                    "req_id": 892503843,
                    "timesteps_left": 5,
                    "zone_from": 16,
                    "zone_to": 16
                },
                {
                    "req_id": 1032216913,
                    "timesteps_left": 5,
                    "zone_from": 16,
                    "zone_to": 59
                },
                {
                    "req_id": 335495127,
                    "timesteps_left": 5,
                    "zone_from": 59,
                    "zone_to": 10
                }
            ],
            "cars": []
        },
        {
            "t": 3,
            "reqs": [
                {
                    "req_id": 790133224,
                    "timesteps_left": 3,
                    "zone_from": 13,
                    "zone_to": 49
                },
                {
                    "req_id": 225419423,
                    "timesteps_left": 2,
                    "zone_from": 54,
                    "zone_to": 8
                },
                {
                    "req_id": 335495127,
                    "timesteps_left": 4,
                    "zone_from": 59,
                    "zone_to": 10
                },
                {
                    "req_id": 1413238350,
                    "timesteps_left": 2,
                    "zone_from": 53,
                    "zone_to": 35
                },
                {
                    "req_id": 1399292548,
                    "timesteps_left": 4,
                    "zone_from": 36,
                    "zone_to": 39
                },
                {
                    "req_id": 1032216913,
                    "timesteps_left": 4,
                    "zone_from": 16,
                    "zone_to": 59
                },
                {
                    "req_id": 892503843,
                    "timesteps_left": 4,
                    "zone_from": 16,
                    "zone_to": 16
                },
                {
                    "req_id": 1351017082,
                    "timesteps_left": 2,
                    "zone_from": 46,
                    "zone_to": 42
                },
                {
                    "req_id": 1456854123,
                    "timesteps_left": 2,
                    "zone_from": 28,
                    "zone_to": 37
                },
                {
                    "req_id": 1021357804,
                    "timesteps_left": 3,
                    "zone_from": 62,
                    "zone_to": 13
                },
                {
                    "req_id": 28134786,
                    "timesteps_left": 4,
                    "zone_from": 18,
                    "zone_to": 19
                },
                {
                    "req_id": 1952713262,
                    "timesteps_left": 3,
                    "zone_from": 19,
                    "zone_to": 32
                },
                {
                    "req_id": 397934438,
                    "timesteps_left": 3,
                    "zone_from": 32,
                    "zone_to": 13
                },
                {
                    "req_id": 1812892047,
                    "timesteps_left": 2,
                    "zone_from": 42,
                    "zone_to": 9
                },
                {
                    "req_id": 1806591539,
                    "timesteps_left": 3,
                    "zone_from": 42,
                    "zone_to": 55
                },
                {
                    "req_id": 896540176,
                    "timesteps_left": 3,
                    "zone_from": 42,
                    "zone_to": 27
                },
                {
                    "req_id": 1126523681,
                    "timesteps_left": 2,
                    "zone_from": 29,
                    "zone_to": 27
                },
                {
                    "req_id": 1687322717,
                    "timesteps_left": 4,
                    "zone_from": 18,
                    "zone_to": 53
                },
                {
                    "req_id": 2044291354,
                    "timesteps_left": 5,
                    "zone_from": 38,
                    "zone_to": 39
                },
                {
                    "req_id": 1803016359,
                    "timesteps_left": 5,
                    "zone_from": 42,
                    "zone_to": 29
                },
                {
                    "req_id": 1686612346,
                    "timesteps_left": 5,
                    "zone_from": 45,
                    "zone_to": 32
                },
                {
                    "req_id": 1124507016,
                    "timesteps_left": 5,
                    "zone_from": 20,
                    "zone_to": 39
                },
                {
                    "req_id": 2141712288,
                    "timesteps_left": 5,
                    "zone_from": 29,
                    "zone_to": 9
                },
                {
                    "req_id": 492836344,
                    "timesteps_left": 5,
                    "zone_from": 59,
                    "zone_to": 14
                }
            ],
            "cars": []
        },
        {
            "t": 4,
            "reqs": [
                {
                    "req_id": 225419423,
                    "timesteps_left": 1,
                    "zone_from": 54,
                    "zone_to": 8
                },
                {
                    "req_id": 2141712288,
                    "timesteps_left": 4,
                    "zone_from": 29,
                    "zone_to": 9
                },
                {
                    "req_id": 790133224,
                    "timesteps_left": 2,
                    "zone_from": 13,
                    "zone_to": 49
                },
                {
                    "req_id": 1686612346,
                    "timesteps_left": 4,
                    "zone_from": 45,
                    "zone_to": 32
                },
                {
                    "req_id": 492836344,
                    "timesteps_left": 4,
                    "zone_from": 59,
                    "zone_to": 14
                },
                {
                    "req_id": 1687322717,
                    "timesteps_left": 3,
                    "zone_from": 18,
                    "zone_to": 53
                },
                {
                    "req_id": 1124507016,
                    "timesteps_left": 4,
                    "zone_from": 20,
                    "zone_to": 39
                },
                {
                    "req_id": 28134786,
                    "timesteps_left": 3,
                    "zone_from": 18,
                    "zone_to": 19
                },
                {
                    "req_id": 335495127,
                    "timesteps_left": 3,
                    "zone_from": 59,
                    "zone_to": 10
                },
                {
                    "req_id": 1413238350,
                    "timesteps_left": 1,
                    "zone_from": 53,
                    "zone_to": 35
                },
                {
                    "req_id": 1399292548,
                    "timesteps_left": 3,
                    "zone_from": 36,
                    "zone_to": 39
                },
                {
                    "req_id": 2044291354,
                    "timesteps_left": 4,
                    "zone_from": 38,
                    "zone_to": 39
                },
                {
                    "req_id": 1032216913,
                    "timesteps_left": 3,
                    "zone_from": 16,
                    "zone_to": 59
                },
                {
                    "req_id": 892503843,
                    "timesteps_left": 3,
                    "zone_from": 16,
                    "zone_to": 16
                },
                {
                    "req_id": 1456854123,
                    "timesteps_left": 1,
                    "zone_from": 28,
                    "zone_to": 37
                },
                {
                    "req_id": 1021357804,
                    "timesteps_left": 2,
                    "zone_from": 62,
                    "zone_to": 13
                },
                {
                    "req_id": 1351017082,
                    "timesteps_left": 1,
                    "zone_from": 46,
                    "zone_to": 42
                },
                {
                    "req_id": 1952713262,
                    "timesteps_left": 2,
                    "zone_from": 19,
                    "zone_to": 32
                },
                {
                    "req_id": 397934438,
                    "timesteps_left": 2,
                    "zone_from": 32,
                    "zone_to": 13
                },
                {
                    "req_id": 1806591539,
                    "timesteps_left": 2,
                    "zone_from": 42,
                    "zone_to": 55
                },
                {
                    "req_id": 1803016359,
                    "timesteps_left": 4,
                    "zone_from": 42,
                    "zone_to": 29
                },
                {
                    "req_id": 1812892047,
                    "timesteps_left": 1,
                    "zone_from": 42,
                    "zone_to": 9
                },
                {
                    "req_id": 896540176,
                    "timesteps_left": 2,
                    "zone_from": 42,
                    "zone_to": 27
                },
                {
                    "req_id": 1126523681,
                    "timesteps_left": 1,
                    "zone_from": 29,
                    "zone_to": 27
                },
                {
                    "req_id": 1515075817,
                    "timesteps_left": 5,
                    "zone_from": 16,
                    "zone_to": 59
                },
                {
                    "req_id": 146945950,
                    "timesteps_left": 5,
                    "zone_from": 55,
                    "zone_to": 30
                },
                {
                    "req_id": 1741864414,
                    "timesteps_left": 5,
                    "zone_from": 46,
                    "zone_to": 62
                },
                {
                    "req_id": 592277680,
                    "timesteps_left": 5,
                    "zone_from": 23,
                    "zone_to": 6
                },
                {
                    "req_id": 427588690,
                    "timesteps_left": 5,
                    "zone_from": 31,
                    "zone_to": 13
                },
                {
                    "req_id": 999465043,
                    "timesteps_left": 5,
                    "zone_from": 8,
                    "zone_to": 58
                }
            ],
            "cars": []
        },
        {
            "t": 5,
            "reqs": [
                {
                    "req_id": 1741864414,
                    "timesteps_left": 4,
                    "zone_from": 46,
                    "zone_to": 62
                },
                {
                    "req_id": 397934438,
                    "timesteps_left": 1,
                    "zone_from": 32,
                    "zone_to": 13
                },
                {
                    "req_id": 427588690,
                    "timesteps_left": 4,
                    "zone_from": 31,
                    "zone_to": 13
                },
                {
                    "req_id": 225419423,
                    "timesteps_left": 0,
                    "zone_from": 54,
                    "zone_to": 8
                },
                {
                    "req_id": 2141712288,
                    "timesteps_left": 3,
                    "zone_from": 29,
                    "zone_to": 9
                },
                {
                    "req_id": 146945950,
                    "timesteps_left": 4,
                    "zone_from": 55,
                    "zone_to": 30
                },
                {
                    "req_id": 1399292548,
                    "timesteps_left": 2,
                    "zone_from": 36,
                    "zone_to": 39
                },
                {
                    "req_id": 2044291354,
                    "timesteps_left": 3,
                    "zone_from": 38,
                    "zone_to": 39
                },
                {
                    "req_id": 1351017082,
                    "timesteps_left": 0,
                    "zone_from": 46,
                    "zone_to": 42
                },
                {
                    "req_id": 1032216913,
                    "timesteps_left": 2,
                    "zone_from": 16,
                    "zone_to": 59
                },
                {
                    "req_id": 1515075817,
                    "timesteps_left": 4,
                    "zone_from": 16,
                    "zone_to": 59
                },
                {
                    "req_id": 892503843,
                    "timesteps_left": 2,
                    "zone_from": 16,
                    "zone_to": 16
                },
                {
                    "req_id": 790133224,
                    "timesteps_left": 1,
                    "zone_from": 13,
                    "zone_to": 49
                },
                {
                    "req_id": 1686612346,
                    "timesteps_left": 3,
                    "zone_from": 45,
                    "zone_to": 32
                },
                {
                    "req_id": 492836344,
                    "timesteps_left": 3,
                    "zone_from": 59,
                    "zone_to": 14
                },
                {
                    "req_id": 1952713262,
                    "timesteps_left": 1,
                    "zone_from": 19,
                    "zone_to": 32
                },
                {
                    "req_id": 1413238350,
                    "timesteps_left": 0,
                    "zone_from": 53,
                    "zone_to": 35
                },
                {
                    "req_id": 999465043,
                    "timesteps_left": 4,
                    "zone_from": 8,
                    "zone_to": 58
                },
                {
                    "req_id": 1456854123,
                    "timesteps_left": 0,
                    "zone_from": 28,
                    "zone_to": 37
                },
                {
                    "req_id": 1021357804,
                    "timesteps_left": 1,
                    "zone_from": 62,
                    "zone_to": 13
                },
                {
                    "req_id": 1124507016,
                    "timesteps_left": 3,
                    "zone_from": 20,
                    "zone_to": 39
                },
                {
                    "req_id": 592277680,
                    "timesteps_left": 4,
                    "zone_from": 23,
                    "zone_to": 6
                },
                {
                    "req_id": 1687322717,
                    "timesteps_left": 2,
                    "zone_from": 18,
                    "zone_to": 53
                },
                {
                    "req_id": 28134786,
                    "timesteps_left": 2,
                    "zone_from": 18,
                    "zone_to": 19
                },
                {
                    "req_id": 335495127,
                    "timesteps_left": 2,
                    "zone_from": 59,
                    "zone_to": 10
                },
                {
                    "req_id": 1806591539,
                    "timesteps_left": 1,
                    "zone_from": 42,
                    "zone_to": 55
                },
                {
                    "req_id": 1803016359,
                    "timesteps_left": 3,
                    "zone_from": 42,
                    "zone_to": 29
                },
                {
                    "req_id": 1812892047,
                    "timesteps_left": 0,
                    "zone_from": 42,
                    "zone_to": 9
                },
                {
                    "req_id": 896540176,
                    "timesteps_left": 1,
                    "zone_from": 42,
                    "zone_to": 27
                },
                {
                    "req_id": 1126523681,
                    "timesteps_left": 0,
                    "zone_from": 29,
                    "zone_to": 27
                },
                {
                    "req_id": 1865248810,
                    "timesteps_left": 5,
                    "zone_from": 39,
                    "zone_to": 10
                },
                {
                    "req_id": 1737872816,
                    "timesteps_left": 5,
                    "zone_from": 39,
                    "zone_to": 46
                },
                {
                    "req_id": 2088470475,
                    "timesteps_left": 5,
                    "zone_from": 58,
                    "zone_to": 42
                },
                {
                    "req_id": 1013298212,
                    "timesteps_left": 5,
                    "zone_from": 0,
                    "zone_to": 46
                },
                {
                    "req_id": 1610436310,
                    "timesteps_left": 5,
                    "zone_from": 3,
                    "zone_to": 8
                },
                {
                    "req_id": 825518752,
                    "timesteps_left": 5,
                    "zone_from": 32,
                    "zone_to": 18
                }
            ],
            "cars": [
                {
                    "car_id": 1682146807,
                    "n_reqs": 4,
                    "reqs_in_car": [
                        225419423,
                        1610436310,
                        2141712288,
                        146945950
                    ],
                    "path": [
                        3,
                        54,
                        55,
                        29,
                        30,
                        9,
                        8,
                        8
                    ],
                    "reward": 1.50576,
                    "icds": [
                        673,
                        1031,
                        4,
                        23
                    ],
                    "dist_red": 7149.0
                },
                {
                    "car_id": 814607102,
                    "n_reqs": 4,
                    "reqs_in_car": [
                        1399292548,
                        1413238350,
                        1865248810,
                        2044291354
                    ],
                    "path": [
                        53,
                        38,
                        36,
                        39,
                        39,
                        39,
                        10,
                        35
                    ],
                    "reward": 1.55347,
                    "icds": [
                        0,
                        645,
                        0,
                        0
                    ],
                    "dist_red": 5530.0
                },
                {
                    "car_id": 1238021374,
                    "n_reqs": 5,
                    "reqs_in_car": [
                        1456854123,
                        1021357804,
                        1351017082,
                        999465043,
                        2088470475
                    ],
                    "path": [
                        62,
                        28,
                        46,
                        37,
                        8,
                        58,
                        58,
                        42,
                        42,
                        13
                    ],
                    "reward": 1.14373,
                    "icds": [
                        290,
                        3046,
                        999,
                        0,
                        0
                    ],
                    "dist_red": 3612.0
                },
                {
                    "car_id": 1012985259,
                    "n_reqs": 5,
                    "reqs_in_car": [
                        1806591539,
                        1803016359,
                        1812892047,
                        896540176,
                        1126523681
                    ],
                    "path": [
                        42,
                        42,
                        42,
                        42,
                        9,
                        29,
                        29,
                        55,
                        27,
                        27
                    ],
                    "reward": 1.89327,
                    "icds": [
                        598,
                        266,
                        0,
                        1546,
                        616
                    ],
                    "dist_red": 11109.0
                }
            ]
        },
        {
            "t": 6,
            "reqs": [
                {
                    "req_id": 1741864414,
                    "timesteps_left": 3,
                    "zone_from": 46,
                    "zone_to": 62
                },
                {
                    "req_id": 1032216913,
                    "timesteps_left": 1,
                    "zone_from": 16,
                    "zone_to": 59
                },
                {
                    "req_id": 1515075817,
                    "timesteps_left": 3,
                    "zone_from": 16,
                    "zone_to": 59
                },
                {
                    "req_id": 892503843,
                    "timesteps_left": 1,
                    "zone_from": 16,
                    "zone_to": 16
                },
                {
                    "req_id": 1124507016,
                    "timesteps_left": 2,
                    "zone_from": 20,
                    "zone_to": 39
                },
                {
                    "req_id": 1013298212,
                    "timesteps_left": 4,
                    "zone_from": 0,
                    "zone_to": 46
                },
                {
                    "req_id": 1737872816,
                    "timesteps_left": 4,
                    "zone_from": 39,
                    "zone_to": 46
                },
                {
                    "req_id": 335495127,
                    "timesteps_left": 1,
                    "zone_from": 59,
                    "zone_to": 10
                },
                {
                    "req_id": 397934438,
                    "timesteps_left": 0,
                    "zone_from": 32,
                    "zone_to": 13
                },
                {
                    "req_id": 427588690,
                    "timesteps_left": 3,
                    "zone_from": 31,
                    "zone_to": 13
                },
                {
                    "req_id": 825518752,
                    "timesteps_left": 4,
                    "zone_from": 32,
                    "zone_to": 18
                },
                {
                    "req_id": 592277680,
                    "timesteps_left": 3,
                    "zone_from": 23,
                    "zone_to": 6
                },
                {
                    "req_id": 1687322717,
                    "timesteps_left": 1,
                    "zone_from": 18,
                    "zone_to": 53
                },
                {
                    "req_id": 790133224,
                    "timesteps_left": 0,
                    "zone_from": 13,
                    "zone_to": 49
                },
                {
                    "req_id": 492836344,
                    "timesteps_left": 2,
                    "zone_from": 59,
                    "zone_to": 14
                },
                {
                    "req_id": 1952713262,
                    "timesteps_left": 0,
                    "zone_from": 19,
                    "zone_to": 32
                },
                {
                    "req_id": 1686612346,
                    "timesteps_left": 2,
                    "zone_from": 45,
                    "zone_to": 32
                },
                {
                    "req_id": 28134786,
                    "timesteps_left": 1,
                    "zone_from": 18,
                    "zone_to": 19
                },
                {
                    "req_id": 1425604635,
                    "timesteps_left": 5,
                    "zone_from": 49,
                    "zone_to": 41
                },
                {
                    "req_id": 1570519580,
                    "timesteps_left": 5,
                    "zone_from": 39,
                    "zone_to": 13
                },
                {
                    "req_id": 173333552,
                    "timesteps_left": 5,
                    "zone_from": 13,
                    "zone_to": 44
                },
                {
                    "req_id": 1826600334,
                    "timesteps_left": 5,
                    "zone_from": 18,
                    "zone_to": 20
                },
                {
                    "req_id": 2068186059,
                    "timesteps_left": 5,
                    "zone_from": 52,
                    "zone_to": 28
                },
                {
                    "req_id": 2070646918,
                    "timesteps_left": 5,
                    "zone_from": 9,
                    "zone_to": 55
                }
            ],
            "cars": [
                {
                    "car_id": 2043281154,
                    "n_reqs": 4,
                    "reqs_in_car": [
                        397934438,
                        825518752,
                        1425604635,
                        427588690
                    ],
                    "path": [
                        49,
                        31,
                        32,
                        32,
                        13,
                        13,
                        18,
                        41
                    ],
                    "reward": 1.28582,
                    "icds": [
                        0,
                        69,
                        1607,
                        273
                    ],
                    "dist_red": 5293.0
                },
                {
                    "car_id": 2146989273,
                    "n_reqs": 4,
                    "reqs_in_car": [
                        1952713262,
                        1686612346,
                        1826600334,
                        28134786
                    ],
                    "path": [
                        45,
                        18,
                        18,
                        19,
                        19,
                        20,
                        32,
                        32
                    ],
                    "reward": 1.19319,
                    "icds": [
                        220,
                        1534,
                        196,
                        0
                    ],
                    "dist_red": 3931.0
                },
                {
                    "car_id": 1532766879,
                    "n_reqs": 5,
                    "reqs_in_car": [
                        790133224,
                        173333552,
                        492836344,
                        1570519580,
                        1124507016
                    ],
                    "path": [
                        59,
                        20,
                        39,
                        39,
                        13,
                        13,
                        13,
                        44,
                        49,
                        14
                    ],
                    "reward": 1.37963,
                    "icds": [
                        794,
                        0,
                        3291,
                        0,
                        0
                    ],
                    "dist_red": 5668.0
                }
            ]
        },
        {
            "t": 7,
            "reqs": [
                {
                    "req_id": 1032216913,
                    "timesteps_left": 0,
                    "zone_from": 16,
                    "zone_to": 59
                },
                {
                    "req_id": 1515075817,
                    "timesteps_left": 2,
                    "zone_from": 16,
                    "zone_to": 59
                },
                {
                    "req_id": 892503843,
                    "timesteps_left": 0,
                    "zone_from": 16,
                    "zone_to": 16
                },
                {
                    "req_id": 592277680,
                    "timesteps_left": 2,
                    "zone_from": 23,
                    "zone_to": 6
                },
                {
                    "req_id": 2070646918,
                    "timesteps_left": 4,
                    "zone_from": 9,
                    "zone_to": 55
                },
                {
                    "req_id": 335495127,
                    "timesteps_left": 0,
                    "zone_from": 59,
                    "zone_to": 10
                },
                {
                    "req_id": 1013298212,
                    "timesteps_left": 3,
                    "zone_from": 0,
                    "zone_to": 46
                },
                {
                    "req_id": 1687322717,
                    "timesteps_left": 0,
                    "zone_from": 18,
                    "zone_to": 53
                },
                {
                    "req_id": 1737872816,
                    "timesteps_left": 3,
                    "zone_from": 39,
                    "zone_to": 46
                },
                {
                    "req_id": 2068186059,
                    "timesteps_left": 4,
                    "zone_from": 52,
                    "zone_to": 28
                },
                {
                    "req_id": 1741864414,
                    "timesteps_left": 2,
                    "zone_from": 46,
                    "zone_to": 62
                },
                {
                    "req_id": 498503999,
                    "timesteps_left": 5,
                    "zone_from": 54,
                    "zone_to": 31
                },
                {
                    "req_id": 1122262630,
                    "timesteps_left": 5,
                    "zone_from": 42,
                    "zone_to": 0
                },
                {
                    "req_id": 1742815044,
                    "timesteps_left": 5,
                    "zone_from": 36,
                    "zone_to": 62
                },
                {
                    "req_id": 356457826,
                    "timesteps_left": 5,
                    "zone_from": 13,
                    "zone_to": 44
                },
                {
                    "req_id": 1129491291,
                    "timesteps_left": 5,
                    "zone_from": 59,
                    "zone_to": 10
                },
                {
                    "req_id": 1994259384,
                    "timesteps_left": 5,
                    "zone_from": 26,
                    "zone_to": 48
                }
            ],
            "cars": [
                {
                    "car_id": 721976229,
                    "n_reqs": 3,
                    "reqs_in_car": [
                        1032216913,
                        1032216913,
                        892503843
                    ],
                    "path": [
                        16,
                        16,
                        16,
                        16,
                        59,
                        59
                    ],
                    "reward": 1.25,
                    "icds": [
                        0,
                        0,
                        0
                    ],
                    "dist_red": 1779.0
                },
                {
                    "car_id": 555472785,
                    "n_reqs": 4,
                    "reqs_in_car": [
                        335495127,
                        335495127,
                        592277680,
                        2070646918
                    ],
                    "path": [
                        23,
                        59,
                        59,
                        10,
                        10,
                        9,
                        55,
                        6
                    ],
                    "reward": 1.08671,
                    "icds": [
                        0,
                        0,
                        1188,
                        0
                    ],
                    "dist_red": 3194.0
                },
                {
                    "car_id": 429423818,
                    "n_reqs": 5,
                    "reqs_in_car": [
                        1741864414,
                        1742815044,
                        1737872816,
                        1687322717,
                        1013298212
                    ],
                    "path": [
                        18,
                        0,
                        39,
                        36,
                        46,
                        46,
                        46,
                        62,
                        62,
                        53
                    ],
                    "reward": 1.31563,
                    "icds": [
                        0,
                        228,
                        442,
                        2864,
                        1529
                    ],
                    "dist_red": 6827.0
                }
            ]
        },
        {
            "t": 8,
            "reqs": [
                {
                    "req_id": 498503999,
                    "timesteps_left": 4,
                    "zone_from": 54,
                    "zone_to": 31
                },
                {
                    "req_id": 1994259384,
                    "timesteps_left": 4,
                    "zone_from": 26,
                    "zone_to": 48
                },
                {
                    "req_id": 2068186059,
                    "timesteps_left": 3,
                    "zone_from": 52,
                    "zone_to": 28
                },
                {
                    "req_id": 356457826,
                    "timesteps_left": 4,
                    "zone_from": 13,
                    "zone_to": 44
                },
                {
                    "req_id": 1122262630,
                    "timesteps_left": 4,
                    "zone_from": 42,
                    "zone_to": 0
                },
                {
                    "req_id": 2133490157,
                    "timesteps_left": 5,
                    "zone_from": 42,
                    "zone_to": 58
                },
                {
                    "req_id": 1111154416,
                    "timesteps_left": 5,
                    "zone_from": 32,
                    "zone_to": 29
                },
                {
                    "req_id": 20574734,
                    "timesteps_left": 5,
                    "zone_from": 18,
                    "zone_to": 44
                },
                {
                    "req_id": 901157788,
                    "timesteps_left": 5,
                    "zone_from": 10,
                    "zone_to": 40
                },
                {
                    "req_id": 1111663959,
                    "timesteps_left": 5,
                    "zone_from": 10,
                    "zone_to": 29
                },
                {
                    "req_id": 1678443389,
                    "timesteps_left": 5,
                    "zone_from": 32,
                    "zone_to": 15
                }
            ],
            "cars": []
        },
        {
            "t": 9,
            "reqs": [
                {
                    "req_id": 1994259384,
                    "timesteps_left": 3,
                    "zone_from": 26,
                    "zone_to": 48
                },
                {
                    "req_id": 20574734,
                    "timesteps_left": 4,
                    "zone_from": 18,
                    "zone_to": 44
                },
                {
                    "req_id": 901157788,
                    "timesteps_left": 4,
                    "zone_from": 10,
                    "zone_to": 40
                },
                {
                    "req_id": 1111663959,
                    "timesteps_left": 4,
                    "zone_from": 10,
                    "zone_to": 29
                },
                {
                    "req_id": 1111154416,
                    "timesteps_left": 4,
                    "zone_from": 32,
                    "zone_to": 29
                },
                {
                    "req_id": 1678443389,
                    "timesteps_left": 4,
                    "zone_from": 32,
                    "zone_to": 15
                },
                {
                    "req_id": 498503999,
                    "timesteps_left": 3,
                    "zone_from": 54,
                    "zone_to": 31
                },
                {
                    "req_id": 356457826,
                    "timesteps_left": 3,
                    "zone_from": 13,
                    "zone_to": 44
                },
                {
                    "req_id": 2068186059,
                    "timesteps_left": 2,
                    "zone_from": 52,
                    "zone_to": 28
                },
                {
                    "req_id": 1122262630,
                    "timesteps_left": 3,
                    "zone_from": 42,
                    "zone_to": 0
                },
                {
                    "req_id": 2133490157,
                    "timesteps_left": 4,
                    "zone_from": 42,
                    "zone_to": 58
                },
                {
                    "req_id": 751027928,
                    "timesteps_left": 5,
                    "zone_from": 37,
                    "zone_to": 32
                },
                {
                    "req_id": 1892081209,
                    "timesteps_left": 5,
                    "zone_from": 29,
                    "zone_to": 31
                },
                {
                    "req_id": 1039491993,
                    "timesteps_left": 5,
                    "zone_from": 0,
                    "zone_to": 32
                },
                {
                    "req_id": 1894581321,
                    "timesteps_left": 5,
                    "zone_from": 17,
                    "zone_to": 51
                },
                {
                    "req_id": 831870588,
                    "timesteps_left": 5,
                    "zone_from": 52,
                    "zone_to": 52
                },
                {
                    "req_id": 1909299751,
                    "timesteps_left": 5,
                    "zone_from": 17,
                    "zone_to": 27
                }
            ],
            "cars": [
                {
                    "car_id": 461966755,
                    "n_reqs": 2,
                    "reqs_in_car": [
                        1994259384,
                        20574734
                    ],
                    "path": [
                        26,
                        18,
                        44,
                        48
                    ],
                    "reward": 0.541794,
                    "icds": [
                        99,
                        0
                    ],
                    "dist_red": 2185.0
                },
                {
                    "car_id": 876843148,
                    "n_reqs": 3,
                    "reqs_in_car": [
                        901157788,
                        1909299751,
                        2133490157
                    ],
                    "path": [
                        10,
                        42,
                        58,
                        17,
                        27,
                        40
                    ],
                    "reward": 0.225158,
                    "icds": [
                        2660,
                        0,
                        0
                    ],
                    "dist_red": -1149.0
                },
                {
                    "car_id": 430171140,
                    "n_reqs": 3,
                    "reqs_in_car": [
                        1111663959,
                        1111154416,
                        1678443389
                    ],
                    "path": [
                        32,
                        32,
                        15,
                        10,
                        29,
                        29
                    ],
                    "reward": 0.711635,
                    "icds": [
                        0,
                        1115,
                        0
                    ],
                    "dist_red": 3924.0
                },
                {
                    "car_id": 558269828,
                    "n_reqs": 4,
                    "reqs_in_car": [
                        1892081209,
                        1894581321,
                        1122262630,
                        356457826
                    ],
                    "path": [
                        29,
                        17,
                        42,
                        51,
                        0,
                        13,
                        44,
                        31
                    ],
                    "reward": 1.21204,
                    "icds": [
                        1893,
                        84,
                        305,
                        0
                    ],
                    "dist_red": 5919.0
                },
                {
                    "car_id": 953856646,
                    "n_reqs": 5,
                    "reqs_in_car": [
                        751027928,
                        1039491993,
                        498503999,
                        2068186059,
                        831870588
                    ],
                    "path": [
                        54,
                        52,
                        52,
                        52,
                        28,
                        37,
                        0,
                        32,
                        32,
                        31
                    ],
                    "reward": 1.72046,
                    "icds": [
                        446,
                        0,
                        1751,
                        0,
                        0
                    ],
                    "dist_red": 8722.0
                }
            ]
        }
    ],
    "serv_rate": 100.0,
    "n_cars": 15,
    "avg_occ": 2.8,
    "dist_red": 73.693,
    "dist_red_perc": 19,
    "trip_red": 45,
    "trip_red_perc": 45,
    "kg_co2_red": 9,
    "icd_mean": 323
}