{
    "timesteps": [
        {
            "t": 0,
            "reqs": [
                {
                    "req_id": 1132542197,
                    "timesteps_left": 1,
                    "zone_from": 62,
                    "zone_to": 53
                },
                {
                    "req_id": 610146589,
                    "timesteps_left": 1,
                    "zone_from": 5,
                    "zone_to": 4
                },
                {
                    "req_id": 123076084,
                    "timesteps_left": 1,
                    "zone_from": 48,
                    "zone_to": 28
                },
                {
                    "req_id": 621427289,
                    "timesteps_left": 1,
                    "zone_from": 47,
                    "zone_to": 5
                }
            ],
            "cars": []
        },
        {
            "t": 1,
            "reqs": [
                {
                    "req_id": 610146589,
                    "timesteps_left": 0,
                    "zone_from": 5,
                    "zone_to": 4
                },
                {
                    "req_id": 621427289,
                    "timesteps_left": 0,
                    "zone_from": 47,
                    "zone_to": 5
                },
                {
                    "req_id": 123076084,
                    "timesteps_left": 0,
                    "zone_from": 48,
                    "zone_to": 28
                },
                {
                    "req_id": 1132542197,
                    "timesteps_left": 0,
                    "zone_from": 62,
                    "zone_to": 53
                },
                {
                    "req_id": 917083808,
                    "timesteps_left": 1,
                    "zone_from": 8,
                    "zone_to": 28
                },
                {
                    "req_id": 980059689,
                    "timesteps_left": 1,
                    "zone_from": 8,
                    "zone_to": 42
                },
                {
                    "req_id": 544536775,
                    "timesteps_left": 1,
                    "zone_from": 10,
                    "zone_to": 47
                },
                {
                    "req_id": 969180676,
                    "timesteps_left": 1,
                    "zone_from": 6,
                    "zone_to": 29
                }
            ],
            "cars": [
                {
                    "car_id": 1332517263,
                    "n_reqs": 2,
                    "reqs_in_car": [
                        610146589,
                        621427289
                    ],
                    "path": [
                        47,
                        5,
                        4,
                        5
                    ],
                    "reward": 0.0707446,
                    "icds": [
                        0,
                        0
                    ],
                    "dist_red": -2340.0
                },
                {
                    "car_id": 1753407258,
                    "n_reqs": 4,
                    "reqs_in_car": [
                        123076084,
                        917083808,
                        544536775,
                        969180676
                    ],
                    "path": [
                        48,
                        10,
                        47,
                        8,
                        6,
                        29,
                        28,
                        28
                    ],
                    "reward": 1.31,
                    "icds": [
                        1873,
                        224,
                        0,
                        0
                    ],
                    "dist_red": 7617.0
                }
            ]
        },
        {
            "t": 2,
            "reqs": [
                {
                    "req_id": 980059689,
                    "timesteps_left": 0,
                    "zone_from": 8,
                    "zone_to": 42
                },
                {
                    "req_id": 121893855,
                    "timesteps_left": 1,
                    "zone_from": 55,
                    "zone_to": 21
                },
                {
                    "req_id": 253458543,
                    "timesteps_left": 1,
                    "zone_from": 8,
                    "zone_to": 10
                },
                {
                    "req_id": 230550446,
                    "timesteps_left": 1,
                    "zone_from": 20,
                    "zone_to": 38
                },
                {
                    "req_id": 1449612644,
                    "timesteps_left": 1,
                    "zone_from": 35,
                    "zone_to": 54
                }
            ],
            "cars": [
                {
                    "car_id": 1064431147,
                    "n_reqs": 2,
                    "reqs_in_car": [
                        980059689,
                        253458543
                    ],
                    "path": [
                        8,
                        8,
                        42,
                        10
                    ],
                    "reward": 0.356738,
                    "icds": [
                        0,
                        465
                    ],
                    "dist_red": 890.0
                }
            ]
        },
        {
            "t": 3,
            "reqs": [
                {
                    "req_id": 121893855,
                    "timesteps_left": 0,
                    "zone_from": 55,
                    "zone_to": 21
                },
                {
                    "req_id": 230550446,
                    "timesteps_left": 0,
                    "zone_from": 20,
                    "zone_to": 38
                },
                {
                    "req_id": 1449612644,
                    "timesteps_left": 0,
                    "zone_from": 35,
                    "zone_to": 54
                },
                {
                    "req_id": 1362540812,
                    "timesteps_left": 1,
                    "zone_from": 39,
                    "zone_to": 36
                },
                {
                    "req_id": 2027338272,
                    "timesteps_left": 1,
                    "zone_from": 29,
                    "zone_to": 10
                },
                {
                    "req_id": 1665252942,
                    "timesteps_left": 1,
                    "zone_from": 12,
                    "zone_to": 4
                },
                {
                    "req_id": 1087544975,
                    "timesteps_left": 1,
                    "zone_from": 39,
                    "zone_to": 2
                }
            ],
            "cars": [
                {
                    "car_id": 528000206,
                    "n_reqs": 2,
                    "reqs_in_car": [
                        121893855,
                        1665252942
                    ],
                    "path": [
                        55,
                        12,
                        4,
                        21
                    ],
                    "reward": 0.092401,
                    "icds": [
                        1273,
                        0
                    ],
                    "dist_red": -130.0
                },
                {
                    "car_id": 1815446973,
                    "n_reqs": 2,
                    "reqs_in_car": [
                        230550446,
                        1449612644
                    ],
                    "path": [
                        35,
                        20,
                        38,
                        54
                    ],
                    "reward": 0.102497,
                    "icds": [
                        0,
                        1885
                    ],
                    "dist_red": 90.0
                }
            ]
        },
        {
            "t": 4,
            "reqs": [
                {
                    "req_id": 1362540812,
                    "timesteps_left": 0,
                    "zone_from": 39,
                    "zone_to": 36
                },
                {
                    "req_id": 1087544975,
                    "timesteps_left": 0,
                    "zone_from": 39,
                    "zone_to": 2
                },
                {
                    "req_id": 2027338272,
                    "timesteps_left": 0,
                    "zone_from": 29,
                    "zone_to": 10
                },
                {
                    "req_id": 1800563537,
                    "timesteps_left": 1,
                    "zone_from": 59,
                    "zone_to": 18
                },
                {
                    "req_id": 1292258781,
                    "timesteps_left": 1,
                    "zone_from": 8,
                    "zone_to": 9
                },
                {
                    "req_id": 302638415,
                    "timesteps_left": 1,
                    "zone_from": 39,
                    "zone_to": 53
                },
                {
                    "req_id": 769783545,
                    "timesteps_left": 1,
                    "zone_from": 17,
                    "zone_to": 58
                }
            ],
            "cars": [
                {
                    "car_id": 254966698,
                    "n_reqs": 5,
                    "reqs_in_car": [
                        1087544975,
                        769783545,
                        1362540812,
                        302638415,
                        2027338272
                    ],
                    "path": [
                        39,
                        39,
                        39,
                        36,
                        53,
                        29,
                        17,
                        58,
                        10,
                        2
                    ],
                    "reward": 1.12259,
                    "icds": [
                        2809,
                        0,
                        0,
                        319,
                        526
                    ],
                    "dist_red": 3644.0
                }
            ]
        },
        {
            "t": 5,
            "reqs": [
                {
                    "req_id": 1800563537,
                    "timesteps_left": 0,
                    "zone_from": 59,
                    "zone_to": 18
                },
                {
                    "req_id": 1292258781,
                    "timesteps_left": 0,
                    "zone_from": 8,
                    "zone_to": 9
                },
                {
                    "req_id": 856628331,
                    "timesteps_left": 1,
                    "zone_from": 30,
                    "zone_to": 28
                },
                {
                    "req_id": 852867201,
                    "timesteps_left": 1,
                    "zone_from": 13,
                    "zone_to": 32
                },
                {
                    "req_id": 1930115871,
                    "timesteps_left": 1,
                    "zone_from": 48,
                    "zone_to": 2
                },
                {
                    "req_id": 621269926,
                    "timesteps_left": 1,
                    "zone_from": 18,
                    "zone_to": 45
                }
            ],
            "cars": []
        },
        {
            "t": 6,
            "reqs": [
                {
                    "req_id": 856628331,
                    "timesteps_left": 0,
                    "zone_from": 30,
                    "zone_to": 28
                },
                {
                    "req_id": 852867201,
                    "timesteps_left": 0,
                    "zone_from": 13,
                    "zone_to": 32
                },
                {
                    "req_id": 1930115871,
                    "timesteps_left": 0,
                    "zone_from": 48,
                    "zone_to": 2
                },
                {
                    "req_id": 621269926,
                    "timesteps_left": 0,
                    "zone_from": 18,
                    "zone_to": 45
                },
                {
                    "req_id": 530202608,
                    "timesteps_left": 1,
                    "zone_from": 58,
                    "zone_to": 10
                },
                {
                    "req_id": 750319233,
                    "timesteps_left": 1,
                    "zone_from": 33,
                    "zone_to": 54
                },
                {
                    "req_id": 2099854690,
                    "timesteps_left": 1,
                    "zone_from": 8,
                    "zone_to": 8
                },
                {
                    "req_id": 1020683012,
                    "timesteps_left": 1,
                    "zone_from": 39,
                    "zone_to": 53
                }
            ],
            "cars": []
        },
        {
            "t": 7,
            "reqs": [
                {
                    "req_id": 530202608,
                    "timesteps_left": 0,
                    "zone_from": 58,
                    "zone_to": 10
                },
                {
                    "req_id": 750319233,
                    "timesteps_left": 0,
                    "zone_from": 33,
                    "zone_to": 54
                },
                {
                    "req_id": 2099854690,
                    "timesteps_left": 0,
                    "zone_from": 8,
                    "zone_to": 8
                },
                {
                    "req_id": 1020683012,
                    "timesteps_left": 0,
                    "zone_from": 39,
                    "zone_to": 53
                },
                {
                    "req_id": 39466557,
                    "timesteps_left": 1,
                    "zone_from": 60,
                    "zone_to": 39
                },
                {
                    "req_id": 1038936226,
                    "timesteps_left": 1,
                    "zone_from": 38,
                    "zone_to": 61
                },
                {
                    "req_id": 1135613098,
                    "timesteps_left": 1,
                    "zone_from": 39,
                    "zone_to": 5
                },
                {
                    "req_id": 423041590,
                    "timesteps_left": 1,
                    "zone_from": 42,
                    "zone_to": 18
                }
            ],
            "cars": [
                {
                    "car_id": 94894982,
                    "n_reqs": 3,
                    "reqs_in_car": [
                        530202608,
                        39466557,
                        423041590
                    ],
                    "path": [
                        60,
                        58,
                        10,
                        42,
                        18,
                        39
                    ],
                    "reward": 0.410981,
                    "icds": [
                        0,
                        1739,
                        0
                    ],
                    "dist_red": 503.0
                },
                {
                    "car_id": 1242764820,
                    "n_reqs": 4,
                    "reqs_in_car": [
                        2099854690,
                        1135613098,
                        1038936226,
                        1020683012
                    ],
                    "path": [
                        39,
                        39,
                        8,
                        8,
                        38,
                        53,
                        61,
                        5
                    ],
                    "reward": 0.972247,
                    "icds": [
                        0,
                        1666,
                        0,
                        776
                    ],
                    "dist_red": 4493.0
                }
            ]
        },
        {
            "t": 8,
            "reqs": [
                {
                    "req_id": 131648117,
                    "timesteps_left": 1,
                    "zone_from": 31,
                    "zone_to": 32
                },
                {
                    "req_id": 1373225957,
                    "timesteps_left": 1,
                    "zone_from": 55,
                    "zone_to": 8
                },
                {
                    "req_id": 450652260,
                    "timesteps_left": 1,
                    "zone_from": 60,
                    "zone_to": 35
                },
                {
                    "req_id": 416638080,
                    "timesteps_left": 1,
                    "zone_from": 13,
                    "zone_to": 32
                }
            ],
            "cars": []
        },
        {
            "t": 9,
            "reqs": [
                {
                    "req_id": 1373225957,
                    "timesteps_left": 0,
                    "zone_from": 55,
                    "zone_to": 8
                },
                {
                    "req_id": 450652260,
                    "timesteps_left": 0,
                    "zone_from": 60,
                    "zone_to": 35
                },
                {
                    "req_id": 131648117,
                    "timesteps_left": 0,
                    "zone_from": 31,
                    "zone_to": 32
                },
                {
                    "req_id": 416638080,
                    "timesteps_left": 0,
                    "zone_from": 13,
                    "zone_to": 32
                },
                {
                    "req_id": 1634883071,
                    "timesteps_left": 1,
                    "zone_from": 20,
                    "zone_to": 59
                },
                {
                    "req_id": 737445815,
                    "timesteps_left": 1,
                    "zone_from": 53,
                    "zone_to": 29
                },
                {
                    "req_id": 474034070,
                    "timesteps_left": 1,
                    "zone_from": 48,
                    "zone_to": 62
                },
                {
                    "req_id": 1110384960,
                    "timesteps_left": 1,
                    "zone_from": 8,
                    "zone_to": 2
                }
            ],
            "cars": [
                {
                    "car_id": 2097337004,
                    "n_reqs": 2,
                    "reqs_in_car": [
                        131648117,
                        416638080
                    ],
                    "path": [
                        13,
                        31,
                        32,
                        32
                    ],
                    "reward": 0.223757,
                    "icds": [
                        0,
                        829
                    ],
                    "dist_red": 567.0
                },
                {
                    "car_id": 1351966794,
                    "n_reqs": 5,
                    "reqs_in_car": [
                        1373225957,
                        474034070,
                        737445815,
                        450652260,
                        1110384960
                    ],
                    "path": [
                        55,
                        8,
                        48,
                        2,
                        60,
                        35,
                        53,
                        62,
                        29,
                        8
                    ],
                    "reward": 0.762422,
                    "icds": [
                        0,
                        1904,
                        912,
                        0,
                        349
                    ],
                    "dist_red": 1596.0
                }
            ]
        }
    ],
    "serv_rate": 77.5,
    "n_cars": 10,
    "avg_occ": 1.84,
    "dist_red": 16.93,
    "dist_red_perc": 3,
    "trip_red": 21,
    "trip_red_perc": 21,
    "kg_co2_red": 2,
    "icd_mean": 192
}