{
    "timesteps": [
        {
            "t": 0,
            "reqs": [
                {
                    "req_id": 1111926236,
                    "timesteps_left": 2,
                    "zone_from": 28,
                    "zone_to": 37
                },
                {
                    "req_id": 1932555414,
                    "timesteps_left": 2,
                    "zone_from": 59,
                    "zone_to": 44
                },
                {
                    "req_id": 16909489,
                    "timesteps_left": 2,
                    "zone_from": 48,
                    "zone_to": 39
                },
                {
                    "req_id": 138538785,
                    "timesteps_left": 2,
                    "zone_from": 62,
                    "zone_to": 28
                }
            ],
            "cars": []
        },
        {
            "t": 1,
            "reqs": [
                {
                    "req_id": 1111926236,
                    "timesteps_left": 1,
                    "zone_from": 28,
                    "zone_to": 37
                },
                {
                    "req_id": 138538785,
                    "timesteps_left": 1,
                    "zone_from": 62,
                    "zone_to": 28
                },
                {
                    "req_id": 1932555414,
                    "timesteps_left": 1,
                    "zone_from": 59,
                    "zone_to": 44
                },
                {
                    "req_id": 16909489,
                    "timesteps_left": 1,
                    "zone_from": 48,
                    "zone_to": 39
                },
                {
                    "req_id": 213864465,
                    "timesteps_left": 2,
                    "zone_from": 13,
                    "zone_to": 39
                },
                {
                    "req_id": 1982434766,
                    "timesteps_left": 2,
                    "zone_from": 9,
                    "zone_to": 9
                },
                {
                    "req_id": 1549587953,
                    "timesteps_left": 2,
                    "zone_from": 1,
                    "zone_to": 45
                },
                {
                    "req_id": 144491137,
                    "timesteps_left": 2,
                    "zone_from": 37,
                    "zone_to": 50
                }
            ],
            "cars": []
        },
        {
            "t": 2,
            "reqs": [
                {
                    "req_id": 1111926236,
                    "timesteps_left": 0,
                    "zone_from": 28,
                    "zone_to": 37
                },
                {
                    "req_id": 138538785,
                    "timesteps_left": 0,
                    "zone_from": 62,
                    "zone_to": 28
                },
                {
                    "req_id": 1982434766,
                    "timesteps_left": 1,
                    "zone_from": 9,
                    "zone_to": 9
                },
                {
                    "req_id": 144491137,
                    "timesteps_left": 1,
                    "zone_from": 37,
                    "zone_to": 50
                },
                {
                    "req_id": 1932555414,
                    "timesteps_left": 0,
                    "zone_from": 59,
                    "zone_to": 44
                },
                {
                    "req_id": 1549587953,
                    "timesteps_left": 1,
                    "zone_from": 1,
                    "zone_to": 45
                },
                {
                    "req_id": 16909489,
                    "timesteps_left": 0,
                    "zone_from": 48,
                    "zone_to": 39
                },
                {
                    "req_id": 213864465,
                    "timesteps_left": 1,
                    "zone_from": 13,
                    "zone_to": 39
                },
                {
                    "req_id": 1898772172,
                    "timesteps_left": 2,
                    "zone_from": 8,
                    "zone_to": 56
                },
                {
                    "req_id": 348961352,
                    "timesteps_left": 2,
                    "zone_from": 50,
                    "zone_to": 13
                },
                {
                    "req_id": 941888088,
                    "timesteps_left": 2,
                    "zone_from": 43,
                    "zone_to": 44
                },
                {
                    "req_id": 1511205708,
                    "timesteps_left": 2,
                    "zone_from": 59,
                    "zone_to": 55
                }
            ],
            "cars": [
                {
                    "car_id": 1720741716,
                    "n_reqs": 5,
                    "reqs_in_car": [
                        1549587953,
                        941888088,
                        16909489,
                        213864465,
                        1932555414
                    ],
                    "path": [
                        48,
                        43,
                        1,
                        44,
                        59,
                        44,
                        13,
                        45,
                        39,
                        39
                    ],
                    "reward": 2.14692,
                    "icds": [
                        1943,
                        383,
                        3378,
                        238,
                        0
                    ],
                    "dist_red": 4976.0
                }
            ]
        },
        {
            "t": 3,
            "reqs": [
                {
                    "req_id": 1982434766,
                    "timesteps_left": 0,
                    "zone_from": 9,
                    "zone_to": 9
                },
                {
                    "req_id": 1898772172,
                    "timesteps_left": 1,
                    "zone_from": 8,
                    "zone_to": 56
                },
                {
                    "req_id": 1511205708,
                    "timesteps_left": 1,
                    "zone_from": 59,
                    "zone_to": 55
                },
                {
                    "req_id": 348961352,
                    "timesteps_left": 1,
                    "zone_from": 50,
                    "zone_to": 13
                },
                {
                    "req_id": 144491137,
                    "timesteps_left": 0,
                    "zone_from": 37,
                    "zone_to": 50
                },
                {
                    "req_id": 2063765522,
                    "timesteps_left": 2,
                    "zone_from": 29,
                    "zone_to": 8
                },
                {
                    "req_id": 234188758,
                    "timesteps_left": 2,
                    "zone_from": 46,
                    "zone_to": 38
                },
                {
                    "req_id": 179860067,
                    "timesteps_left": 2,
                    "zone_from": 46,
                    "zone_to": 54
                },
                {
                    "req_id": 1071959353,
                    "timesteps_left": 2,
                    "zone_from": 41,
                    "zone_to": 37
                }
            ],
            "cars": [
                {
                    "car_id": 1409190342,
                    "n_reqs": 3,
                    "reqs_in_car": [
                        1982434766,
                        1898772172,
                        2063765522
                    ],
                    "path": [
                        8,
                        29,
                        8,
                        9,
                        9,
                        56
                    ],
                    "reward": 0.300825,
                    "icds": [
                        0,
                        1151,
                        0
                    ],
                    "dist_red": -3016.0
                },
                {
                    "car_id": 261087807,
                    "n_reqs": 5,
                    "reqs_in_car": [
                        1511205708,
                        179860067,
                        144491137,
                        234188758,
                        348961352
                    ],
                    "path": [
                        46,
                        46,
                        37,
                        50,
                        50,
                        13,
                        59,
                        38,
                        55,
                        54
                    ],
                    "reward": 1.51455,
                    "icds": [
                        856,
                        3670,
                        0,
                        3256,
                        0
                    ],
                    "dist_red": 1058.0
                }
            ]
        },
        {
            "t": 4,
            "reqs": [
                {
                    "req_id": 1071959353,
                    "timesteps_left": 1,
                    "zone_from": 41,
                    "zone_to": 37
                },
                {
                    "req_id": 1335215554,
                    "timesteps_left": 2,
                    "zone_from": 47,
                    "zone_to": 59
                },
                {
                    "req_id": 801270953,
                    "timesteps_left": 2,
                    "zone_from": 42,
                    "zone_to": 41
                },
                {
                    "req_id": 890375961,
                    "timesteps_left": 2,
                    "zone_from": 10,
                    "zone_to": 10
                },
                {
                    "req_id": 1801454983,
                    "timesteps_left": 2,
                    "zone_from": 9,
                    "zone_to": 39
                }
            ],
            "cars": []
        },
        {
            "t": 5,
            "reqs": [
                {
                    "req_id": 890375961,
                    "timesteps_left": 1,
                    "zone_from": 10,
                    "zone_to": 10
                },
                {
                    "req_id": 1335215554,
                    "timesteps_left": 1,
                    "zone_from": 47,
                    "zone_to": 59
                },
                {
                    "req_id": 1801454983,
                    "timesteps_left": 1,
                    "zone_from": 9,
                    "zone_to": 39
                },
                {
                    "req_id": 801270953,
                    "timesteps_left": 1,
                    "zone_from": 42,
                    "zone_to": 41
                },
                {
                    "req_id": 1071959353,
                    "timesteps_left": 0,
                    "zone_from": 41,
                    "zone_to": 37
                },
                {
                    "req_id": 566423279,
                    "timesteps_left": 2,
                    "zone_from": 28,
                    "zone_to": 26
                },
                {
                    "req_id": 19153265,
                    "timesteps_left": 2,
                    "zone_from": 48,
                    "zone_to": 32
                },
                {
                    "req_id": 745348387,
                    "timesteps_left": 2,
                    "zone_from": 58,
                    "zone_to": 42
                },
                {
                    "req_id": 1439826762,
                    "timesteps_left": 2,
                    "zone_from": 62,
                    "zone_to": 46
                }
            ],
            "cars": [
                {
                    "car_id": 1310058416,
                    "n_reqs": 4,
                    "reqs_in_car": [
                        566423279,
                        1439826762,
                        1071959353,
                        801270953
                    ],
                    "path": [
                        62,
                        28,
                        26,
                        42,
                        41,
                        41,
                        37,
                        46
                    ],
                    "reward": 0.757914,
                    "icds": [
                        0,
                        2675,
                        0,
                        0
                    ],
                    "dist_red": -912.0
                }
            ]
        },
        {
            "t": 6,
            "reqs": [
                {
                    "req_id": 19153265,
                    "timesteps_left": 1,
                    "zone_from": 48,
                    "zone_to": 32
                },
                {
                    "req_id": 1335215554,
                    "timesteps_left": 0,
                    "zone_from": 47,
                    "zone_to": 59
                },
                {
                    "req_id": 745348387,
                    "timesteps_left": 1,
                    "zone_from": 58,
                    "zone_to": 42
                },
                {
                    "req_id": 1801454983,
                    "timesteps_left": 0,
                    "zone_from": 9,
                    "zone_to": 39
                },
                {
                    "req_id": 890375961,
                    "timesteps_left": 0,
                    "zone_from": 10,
                    "zone_to": 10
                },
                {
                    "req_id": 550807059,
                    "timesteps_left": 2,
                    "zone_from": 31,
                    "zone_to": 14
                },
                {
                    "req_id": 2114616082,
                    "timesteps_left": 2,
                    "zone_from": 38,
                    "zone_to": 50
                },
                {
                    "req_id": 894881799,
                    "timesteps_left": 2,
                    "zone_from": 33,
                    "zone_to": 55
                },
                {
                    "req_id": 135072741,
                    "timesteps_left": 2,
                    "zone_from": 32,
                    "zone_to": 59
                }
            ],
            "cars": [
                {
                    "car_id": 234810105,
                    "n_reqs": 4,
                    "reqs_in_car": [
                        745348387,
                        1801454983,
                        890375961,
                        1335215554
                    ],
                    "path": [
                        47,
                        9,
                        58,
                        10,
                        10,
                        39,
                        42,
                        59
                    ],
                    "reward": 0.802155,
                    "icds": [
                        544,
                        331,
                        0,
                        1610
                    ],
                    "dist_red": -606.0
                }
            ]
        },
        {
            "t": 7,
            "reqs": [
                {
                    "req_id": 19153265,
                    "timesteps_left": 0,
                    "zone_from": 48,
                    "zone_to": 32
                },
                {
                    "req_id": 550807059,
                    "timesteps_left": 1,
                    "zone_from": 31,
                    "zone_to": 14
                },
                {
                    "req_id": 2114616082,
                    "timesteps_left": 1,
                    "zone_from": 38,
                    "zone_to": 50
                },
                {
                    "req_id": 894881799,
                    "timesteps_left": 1,
                    "zone_from": 33,
                    "zone_to": 55
                },
                {
                    "req_id": 135072741,
                    "timesteps_left": 1,
                    "zone_from": 32,
                    "zone_to": 59
                },
                {
                    "req_id": 1968773985,
                    "timesteps_left": 2,
                    "zone_from": 41,
                    "zone_to": 28
                },
                {
                    "req_id": 678500213,
                    "timesteps_left": 2,
                    "zone_from": 46,
                    "zone_to": 56
                },
                {
                    "req_id": 11198110,
                    "timesteps_left": 2,
                    "zone_from": 55,
                    "zone_to": 29
                },
                {
                    "req_id": 151759678,
                    "timesteps_left": 2,
                    "zone_from": 51,
                    "zone_to": 8
                }
            ],
            "cars": []
        },
        {
            "t": 8,
            "reqs": [
                {
                    "req_id": 550807059,
                    "timesteps_left": 0,
                    "zone_from": 31,
                    "zone_to": 14
                },
                {
                    "req_id": 135072741,
                    "timesteps_left": 0,
                    "zone_from": 32,
                    "zone_to": 59
                },
                {
                    "req_id": 151759678,
                    "timesteps_left": 1,
                    "zone_from": 51,
                    "zone_to": 8
                },
                {
                    "req_id": 1968773985,
                    "timesteps_left": 1,
                    "zone_from": 41,
                    "zone_to": 28
                },
                {
                    "req_id": 678500213,
                    "timesteps_left": 1,
                    "zone_from": 46,
                    "zone_to": 56
                },
                {
                    "req_id": 11198110,
                    "timesteps_left": 1,
                    "zone_from": 55,
                    "zone_to": 29
                },
                {
                    "req_id": 2114616082,
                    "timesteps_left": 0,
                    "zone_from": 38,
                    "zone_to": 50
                },
                {
                    "req_id": 894881799,
                    "timesteps_left": 0,
                    "zone_from": 33,
                    "zone_to": 55
                },
                {
                    "req_id": 1119335255,
                    "timesteps_left": 2,
                    "zone_from": 46,
                    "zone_to": 17
                },
                {
                    "req_id": 693501781,
                    "timesteps_left": 2,
                    "zone_from": 37,
                    "zone_to": 42
                },
                {
                    "req_id": 1236834997,
                    "timesteps_left": 2,
                    "zone_from": 29,
                    "zone_to": 8
                },
                {
                    "req_id": 1646056042,
                    "timesteps_left": 2,
                    "zone_from": 18,
                    "zone_to": 8
                }
            ],
            "cars": [
                {
                    "car_id": 1368564,
                    "n_reqs": 5,
                    "reqs_in_car": [
                        1968773985,
                        678500213,
                        11198110,
                        894881799,
                        2114616082
                    ],
                    "path": [
                        46,
                        38,
                        41,
                        50,
                        28,
                        33,
                        55,
                        55,
                        29,
                        56
                    ],
                    "reward": 0.572972,
                    "icds": [
                        219,
                        4314,
                        0,
                        0,
                        245
                    ],
                    "dist_red": -5447.0
                }
            ]
        },
        {
            "t": 9,
            "reqs": [
                {
                    "req_id": 693501781,
                    "timesteps_left": 1,
                    "zone_from": 37,
                    "zone_to": 42
                },
                {
                    "req_id": 1646056042,
                    "timesteps_left": 1,
                    "zone_from": 18,
                    "zone_to": 8
                },
                {
                    "req_id": 151759678,
                    "timesteps_left": 0,
                    "zone_from": 51,
                    "zone_to": 8
                },
                {
                    "req_id": 1236834997,
                    "timesteps_left": 1,
                    "zone_from": 29,
                    "zone_to": 8
                },
                {
                    "req_id": 1119335255,
                    "timesteps_left": 1,
                    "zone_from": 46,
                    "zone_to": 17
                },
                {
                    "req_id": 1313266513,
                    "timesteps_left": 2,
                    "zone_from": 58,
                    "zone_to": 47
                },
                {
                    "req_id": 152145137,
                    "timesteps_left": 2,
                    "zone_from": 59,
                    "zone_to": 52
                },
                {
                    "req_id": 61703311,
                    "timesteps_left": 2,
                    "zone_from": 37,
                    "zone_to": 28
                },
                {
                    "req_id": 587767883,
                    "timesteps_left": 2,
                    "zone_from": 46,
                    "zone_to": 61
                }
            ],
            "cars": [
                {
                    "car_id": 1682336481,
                    "n_reqs": 4,
                    "reqs_in_car": [
                        152145137,
                        587767883,
                        61703311,
                        1313266513
                    ],
                    "path": [
                        59,
                        58,
                        47,
                        37,
                        46,
                        28,
                        61,
                        52
                    ],
                    "reward": 1.60429,
                    "icds": [
                        2312,
                        307,
                        234,
                        0
                    ],
                    "dist_red": 4355.0
                },
                {
                    "car_id": 1735699900,
                    "n_reqs": 5,
                    "reqs_in_car": [
                        1646056042,
                        151759678,
                        1119335255,
                        693501781,
                        1236834997
                    ],
                    "path": [
                        29,
                        46,
                        37,
                        18,
                        51,
                        42,
                        17,
                        8,
                        8,
                        8
                    ],
                    "reward": 2.28776,
                    "icds": [
                        591,
                        376,
                        1338,
                        767,
                        3365
                    ],
                    "dist_red": 4867.0
                }
            ]
        }
    ],
    "serv_rate": 87.5,
    "n_cars": 8,
    "avg_occ": 2.35,
    "dist_red": 5.275,
    "dist_red_perc": 1,
    "trip_red": 27,
    "trip_red_perc": 27,
    "kg_co2_red": 0,
    "icd_mean": 358
}