{
    "timesteps": [
        {
            "t": 0,
            "reqs": [
                {
                    "req_id": 705024495,
                    "timesteps_left": 5,
                    "zone_from": 41,
                    "zone_to": 13
                },
                {
                    "req_id": 619598727,
                    "timesteps_left": 5,
                    "zone_from": 10,
                    "zone_to": 47
                },
                {
                    "req_id": 793357578,
                    "timesteps_left": 5,
                    "zone_from": 54,
                    "zone_to": 33
                },
                {
                    "req_id": 178253509,
                    "timesteps_left": 5,
                    "zone_from": 52,
                    "zone_to": 20
                },
                {
                    "req_id": 712583625,
                    "timesteps_left": 5,
                    "zone_from": 8,
                    "zone_to": 30
                },
                {
                    "req_id": 1937953850,
                    "timesteps_left": 5,
                    "zone_from": 27,
                    "zone_to": 62
                },
                {
                    "req_id": 369359701,
                    "timesteps_left": 5,
                    "zone_from": 28,
                    "zone_to": 18
                },
                {
                    "req_id": 826229965,
                    "timesteps_left": 5,
                    "zone_from": 44,
                    "zone_to": 13
                },
                {
                    "req_id": 1047178272,
                    "timesteps_left": 5,
                    "zone_from": 45,
                    "zone_to": 32
                },
                {
                    "req_id": 348992257,
                    "timesteps_left": 5,
                    "zone_from": 19,
                    "zone_to": 14
                }
            ],
            "cars": []
        },
        {
            "t": 1,
            "reqs": [
                {
                    "req_id": 619598727,
                    "timesteps_left": 4,
                    "zone_from": 10,
                    "zone_to": 47
                },
                {
                    "req_id": 793357578,
                    "timesteps_left": 4,
                    "zone_from": 54,
                    "zone_to": 33
                },
                {
                    "req_id": 712583625,
                    "timesteps_left": 4,
                    "zone_from": 8,
                    "zone_to": 30
                },
                {
                    "req_id": 1937953850,
                    "timesteps_left": 4,
                    "zone_from": 27,
                    "zone_to": 62
                },
                {
                    "req_id": 348992257,
                    "timesteps_left": 4,
                    "zone_from": 19,
                    "zone_to": 14
                },
                {
                    "req_id": 178253509,
                    "timesteps_left": 4,
                    "zone_from": 52,
                    "zone_to": 20
                },
                {
                    "req_id": 1047178272,
                    "timesteps_left": 4,
                    "zone_from": 45,
                    "zone_to": 32
                },
                {
                    "req_id": 369359701,
                    "timesteps_left": 4,
                    "zone_from": 28,
                    "zone_to": 18
                },
                {
                    "req_id": 705024495,
                    "timesteps_left": 4,
                    "zone_from": 41,
                    "zone_to": 13
                },
                {
                    "req_id": 826229965,
                    "timesteps_left": 4,
                    "zone_from": 44,
                    "zone_to": 13
                },
                {
                    "req_id": 657177472,
                    "timesteps_left": 5,
                    "zone_from": 41,
                    "zone_to": 42
                },
                {
                    "req_id": 759195599,
                    "timesteps_left": 5,
                    "zone_from": 48,
                    "zone_to": 59
                },
                {
                    "req_id": 499574001,
                    "timesteps_left": 5,
                    "zone_from": 32,
                    "zone_to": 13
                },
                {
                    "req_id": 349014530,
                    "timesteps_left": 5,
                    "zone_from": 12,
                    "zone_to": 48
                },
                {
                    "req_id": 316864523,
                    "timesteps_left": 5,
                    "zone_from": 47,
                    "zone_to": 9
                },
                {
                    "req_id": 804222787,
                    "timesteps_left": 5,
                    "zone_from": 32,
                    "zone_to": 33
                },
                {
                    "req_id": 1313449301,
                    "timesteps_left": 5,
                    "zone_from": 10,
                    "zone_to": 48
                },
                {
                    "req_id": 2046700924,
                    "timesteps_left": 5,
                    "zone_from": 41,
                    "zone_to": 33
                },
                {
                    "req_id": 607145060,
                    "timesteps_left": 5,
                    "zone_from": 41,
                    "zone_to": 16
                },
                {
                    "req_id": 293958759,
                    "timesteps_left": 5,
                    "zone_from": 53,
                    "zone_to": 46
                }
            ],
            "cars": []
        },
        {
            "t": 2,
            "reqs": [
                {
                    "req_id": 316864523,
                    "timesteps_left": 4,
                    "zone_from": 47,
                    "zone_to": 9
                },
                {
                    "req_id": 2046700924,
                    "timesteps_left": 4,
                    "zone_from": 41,
                    "zone_to": 33
                },
                {
                    "req_id": 712583625,
                    "timesteps_left": 3,
                    "zone_from": 8,
                    "zone_to": 30
                },
                {
                    "req_id": 657177472,
                    "timesteps_left": 4,
                    "zone_from": 41,
                    "zone_to": 42
                },
                {
                    "req_id": 619598727,
                    "timesteps_left": 3,
                    "zone_from": 10,
                    "zone_to": 47
                },
                {
                    "req_id": 826229965,
                    "timesteps_left": 3,
                    "zone_from": 44,
                    "zone_to": 13
                },
                {
                    "req_id": 804222787,
                    "timesteps_left": 4,
                    "zone_from": 32,
                    "zone_to": 33
                },
                {
                    "req_id": 1937953850,
                    "timesteps_left": 3,
                    "zone_from": 27,
                    "zone_to": 62
                },
                {
                    "req_id": 499574001,
                    "timesteps_left": 4,
                    "zone_from": 32,
                    "zone_to": 13
                },
                {
                    "req_id": 793357578,
                    "timesteps_left": 3,
                    "zone_from": 54,
                    "zone_to": 33
                },
                {
                    "req_id": 349014530,
                    "timesteps_left": 4,
                    "zone_from": 12,
                    "zone_to": 48
                },
                {
                    "req_id": 607145060,
                    "timesteps_left": 4,
                    "zone_from": 41,
                    "zone_to": 16
                },
                {
                    "req_id": 293958759,
                    "timesteps_left": 4,
                    "zone_from": 53,
                    "zone_to": 46
                },
                {
                    "req_id": 1313449301,
                    "timesteps_left": 4,
                    "zone_from": 10,
                    "zone_to": 48
                },
                {
                    "req_id": 348992257,
                    "timesteps_left": 3,
                    "zone_from": 19,
                    "zone_to": 14
                },
                {
                    "req_id": 178253509,
                    "timesteps_left": 3,
                    "zone_from": 52,
                    "zone_to": 20
                },
                {
                    "req_id": 369359701,
                    "timesteps_left": 3,
                    "zone_from": 28,
                    "zone_to": 18
                },
                {
                    "req_id": 705024495,
                    "timesteps_left": 3,
                    "zone_from": 41,
                    "zone_to": 13
                },
                {
                    "req_id": 759195599,
                    "timesteps_left": 4,
                    "zone_from": 48,
                    "zone_to": 59
                },
                {
                    "req_id": 1047178272,
                    "timesteps_left": 3,
                    "zone_from": 45,
                    "zone_to": 32
                },
                {
                    "req_id": 288193498,
                    "timesteps_left": 5,
                    "zone_from": 20,
                    "zone_to": 54
                },
                {
                    "req_id": 698637814,
                    "timesteps_left": 5,
                    "zone_from": 13,
                    "zone_to": 23
                },
                {
                    "req_id": 1501254376,
                    "timesteps_left": 5,
                    "zone_from": 61,
                    "zone_to": 11
                },
                {
                    "req_id": 1828109566,
                    "timesteps_left": 5,
                    "zone_from": 42,
                    "zone_to": 29
                },
                {
                    "req_id": 1074595726,
                    "timesteps_left": 5,
                    "zone_from": 44,
                    "zone_to": 53
                },
                {
                    "req_id": 513848902,
                    "timesteps_left": 5,
                    "zone_from": 41,
                    "zone_to": 27
                },
                {
                    "req_id": 550633363,
                    "timesteps_left": 5,
                    "zone_from": 28,
                    "zone_to": 53
                },
                {
                    "req_id": 101526688,
                    "timesteps_left": 5,
                    "zone_from": 36,
                    "zone_to": 41
                },
                {
                    "req_id": 1186274813,
                    "timesteps_left": 5,
                    "zone_from": 41,
                    "zone_to": 50
                },
                {
                    "req_id": 690356391,
                    "timesteps_left": 5,
                    "zone_from": 18,
                    "zone_to": 13
                }
            ],
            "cars": []
        },
        {
            "t": 3,
            "reqs": [
                {
                    "req_id": 1501254376,
                    "timesteps_left": 4,
                    "zone_from": 61,
                    "zone_to": 11
                },
                {
                    "req_id": 712583625,
                    "timesteps_left": 2,
                    "zone_from": 8,
                    "zone_to": 30
                },
                {
                    "req_id": 1828109566,
                    "timesteps_left": 4,
                    "zone_from": 42,
                    "zone_to": 29
                },
                {
                    "req_id": 316864523,
                    "timesteps_left": 3,
                    "zone_from": 47,
                    "zone_to": 9
                },
                {
                    "req_id": 619598727,
                    "timesteps_left": 2,
                    "zone_from": 10,
                    "zone_to": 47
                },
                {
                    "req_id": 2046700924,
                    "timesteps_left": 3,
                    "zone_from": 41,
                    "zone_to": 33
                },
                {
                    "req_id": 513848902,
                    "timesteps_left": 4,
                    "zone_from": 41,
                    "zone_to": 27
                },
                {
                    "req_id": 1937953850,
                    "timesteps_left": 2,
                    "zone_from": 27,
                    "zone_to": 62
                },
                {
                    "req_id": 1186274813,
                    "timesteps_left": 4,
                    "zone_from": 41,
                    "zone_to": 50
                },
                {
                    "req_id": 793357578,
                    "timesteps_left": 2,
                    "zone_from": 54,
                    "zone_to": 33
                },
                {
                    "req_id": 349014530,
                    "timesteps_left": 3,
                    "zone_from": 12,
                    "zone_to": 48
                },
                {
                    "req_id": 1313449301,
                    "timesteps_left": 3,
                    "zone_from": 10,
                    "zone_to": 48
                },
                {
                    "req_id": 550633363,
                    "timesteps_left": 4,
                    "zone_from": 28,
                    "zone_to": 53
                },
                {
                    "req_id": 657177472,
                    "timesteps_left": 3,
                    "zone_from": 41,
                    "zone_to": 42
                },
                {
                    "req_id": 348992257,
                    "timesteps_left": 2,
                    "zone_from": 19,
                    "zone_to": 14
                },
                {
                    "req_id": 705024495,
                    "timesteps_left": 2,
                    "zone_from": 41,
                    "zone_to": 13
                },
                {
                    "req_id": 690356391,
                    "timesteps_left": 4,
                    "zone_from": 18,
                    "zone_to": 13
                },
                {
                    "req_id": 1047178272,
                    "timesteps_left": 2,
                    "zone_from": 45,
                    "zone_to": 32
                },
                {
                    "req_id": 499574001,
                    "timesteps_left": 3,
                    "zone_from": 32,
                    "zone_to": 13
                },
                {
                    "req_id": 826229965,
                    "timesteps_left": 2,
                    "zone_from": 44,
                    "zone_to": 13
                },
                {
                    "req_id": 804222787,
                    "timesteps_left": 3,
                    "zone_from": 32,
                    "zone_to": 33
                },
                {
                    "req_id": 288193498,
                    "timesteps_left": 4,
                    "zone_from": 20,
                    "zone_to": 54
                },
                {
                    "req_id": 698637814,
                    "timesteps_left": 4,
                    "zone_from": 13,
                    "zone_to": 23
                },
                {
                    "req_id": 1074595726,
                    "timesteps_left": 4,
                    "zone_from": 44,
                    "zone_to": 53
                },
                {
                    "req_id": 759195599,
                    "timesteps_left": 3,
                    "zone_from": 48,
                    "zone_to": 59
                },
                {
                    "req_id": 178253509,
                    "timesteps_left": 2,
                    "zone_from": 52,
                    "zone_to": 20
                },
                {
                    "req_id": 101526688,
                    "timesteps_left": 4,
                    "zone_from": 36,
                    "zone_to": 41
                },
                {
                    "req_id": 369359701,
                    "timesteps_left": 2,
                    "zone_from": 28,
                    "zone_to": 18
                },
                {
                    "req_id": 607145060,
                    "timesteps_left": 3,
                    "zone_from": 41,
                    "zone_to": 16
                },
                {
                    "req_id": 293958759,
                    "timesteps_left": 3,
                    "zone_from": 53,
                    "zone_to": 46
                },
                {
                    "req_id": 547266137,
                    "timesteps_left": 5,
                    "zone_from": 32,
                    "zone_to": 48
                },
                {
                    "req_id": 1477125434,
                    "timesteps_left": 5,
                    "zone_from": 8,
                    "zone_to": 16
                },
                {
                    "req_id": 848839197,
                    "timesteps_left": 5,
                    "zone_from": 36,
                    "zone_to": 17
                },
                {
                    "req_id": 1038698092,
                    "timesteps_left": 5,
                    "zone_from": 13,
                    "zone_to": 47
                },
                {
                    "req_id": 79108127,
                    "timesteps_left": 5,
                    "zone_from": 59,
                    "zone_to": 36
                },
                {
                    "req_id": 1275984085,
                    "timesteps_left": 5,
                    "zone_from": 48,
                    "zone_to": 2
                },
                {
                    "req_id": 1783413414,
                    "timesteps_left": 5,
                    "zone_from": 38,
                    "zone_to": 39
                },
                {
                    "req_id": 1951258248,
                    "timesteps_left": 5,
                    "zone_from": 55,
                    "zone_to": 62
                },
                {
                    "req_id": 685215041,
                    "timesteps_left": 5,
                    "zone_from": 8,
                    "zone_to": 48
                },
                {
                    "req_id": 726900441,
                    "timesteps_left": 5,
                    "zone_from": 32,
                    "zone_to": 13
                }
            ],
            "cars": []
        },
        {
            "t": 4,
            "reqs": [
                {
                    "req_id": 2046700924,
                    "timesteps_left": 2,
                    "zone_from": 41,
                    "zone_to": 33
                },
                {
                    "req_id": 513848902,
                    "timesteps_left": 3,
                    "zone_from": 41,
                    "zone_to": 27
                },
                {
                    "req_id": 1937953850,
                    "timesteps_left": 1,
                    "zone_from": 27,
                    "zone_to": 62
                },
                {
                    "req_id": 1186274813,
                    "timesteps_left": 3,
                    "zone_from": 41,
                    "zone_to": 50
                },
                {
                    "req_id": 1501254376,
                    "timesteps_left": 3,
                    "zone_from": 61,
                    "zone_to": 11
                },
                {
                    "req_id": 316864523,
                    "timesteps_left": 2,
                    "zone_from": 47,
                    "zone_to": 9
                },
                {
                    "req_id": 288193498,
                    "timesteps_left": 3,
                    "zone_from": 20,
                    "zone_to": 54
                },
                {
                    "req_id": 712583625,
                    "timesteps_left": 1,
                    "zone_from": 8,
                    "zone_to": 30
                },
                {
                    "req_id": 1074595726,
                    "timesteps_left": 3,
                    "zone_from": 44,
                    "zone_to": 53
                },
                {
                    "req_id": 1951258248,
                    "timesteps_left": 4,
                    "zone_from": 55,
                    "zone_to": 62
                },
                {
                    "req_id": 499574001,
                    "timesteps_left": 2,
                    "zone_from": 32,
                    "zone_to": 13
                },
                {
                    "req_id": 726900441,
                    "timesteps_left": 4,
                    "zone_from": 32,
                    "zone_to": 13
                },
                {
                    "req_id": 804222787,
                    "timesteps_left": 2,
                    "zone_from": 32,
                    "zone_to": 33
                },
                {
                    "req_id": 1828109566,
                    "timesteps_left": 3,
                    "zone_from": 42,
                    "zone_to": 29
                },
                {
                    "req_id": 793357578,
                    "timesteps_left": 1,
                    "zone_from": 54,
                    "zone_to": 33
                },
                {
                    "req_id": 1038698092,
                    "timesteps_left": 4,
                    "zone_from": 13,
                    "zone_to": 47
                },
                {
                    "req_id": 79108127,
                    "timesteps_left": 4,
                    "zone_from": 59,
                    "zone_to": 36
                },
                {
                    "req_id": 619598727,
                    "timesteps_left": 1,
                    "zone_from": 10,
                    "zone_to": 47
                },
                {
                    "req_id": 698637814,
                    "timesteps_left": 3,
                    "zone_from": 13,
                    "zone_to": 23
                },
                {
                    "req_id": 759195599,
                    "timesteps_left": 2,
                    "zone_from": 48,
                    "zone_to": 59
                },
                {
                    "req_id": 1313449301,
                    "timesteps_left": 2,
                    "zone_from": 10,
                    "zone_to": 48
                },
                {
                    "req_id": 685215041,
                    "timesteps_left": 4,
                    "zone_from": 8,
                    "zone_to": 48
                },
                {
                    "req_id": 349014530,
                    "timesteps_left": 2,
                    "zone_from": 12,
                    "zone_to": 48
                },
                {
                    "req_id": 848839197,
                    "timesteps_left": 4,
                    "zone_from": 36,
                    "zone_to": 17
                },
                {
                    "req_id": 550633363,
                    "timesteps_left": 3,
                    "zone_from": 28,
                    "zone_to": 53
                },
                {
                    "req_id": 607145060,
                    "timesteps_left": 2,
                    "zone_from": 41,
                    "zone_to": 16
                },
                {
                    "req_id": 1477125434,
                    "timesteps_left": 4,
                    "zone_from": 8,
                    "zone_to": 16
                },
                {
                    "req_id": 101526688,
                    "timesteps_left": 3,
                    "zone_from": 36,
                    "zone_to": 41
                },
                {
                    "req_id": 1783413414,
                    "timesteps_left": 4,
                    "zone_from": 38,
                    "zone_to": 39
                },
                {
                    "req_id": 657177472,
                    "timesteps_left": 2,
                    "zone_from": 41,
                    "zone_to": 42
                },
                {
                    "req_id": 348992257,
                    "timesteps_left": 1,
                    "zone_from": 19,
                    "zone_to": 14
                },
                {
                    "req_id": 1047178272,
                    "timesteps_left": 1,
                    "zone_from": 45,
                    "zone_to": 32
                },
                {
                    "req_id": 547266137,
                    "timesteps_left": 4,
                    "zone_from": 32,
                    "zone_to": 48
                },
                {
                    "req_id": 826229965,
                    "timesteps_left": 1,
                    "zone_from": 44,
                    "zone_to": 13
                },
                {
                    "req_id": 1275984085,
                    "timesteps_left": 4,
                    "zone_from": 48,
                    "zone_to": 2
                },
                {
                    "req_id": 178253509,
                    "timesteps_left": 1,
                    "zone_from": 52,
                    "zone_to": 20
                },
                {
                    "req_id": 369359701,
                    "timesteps_left": 1,
                    "zone_from": 28,
                    "zone_to": 18
                },
                {
                    "req_id": 705024495,
                    "timesteps_left": 1,
                    "zone_from": 41,
                    "zone_to": 13
                },
                {
                    "req_id": 293958759,
                    "timesteps_left": 2,
                    "zone_from": 53,
                    "zone_to": 46
                },
                {
                    "req_id": 690356391,
                    "timesteps_left": 3,
                    "zone_from": 18,
                    "zone_to": 13
                },
                {
                    "req_id": 151107205,
                    "timesteps_left": 5,
                    "zone_from": 13,
                    "zone_to": 16
                },
                {
                    "req_id": 614969498,
                    "timesteps_left": 5,
                    "zone_from": 16,
                    "zone_to": 34
                },
                {
                    "req_id": 1897239478,
                    "timesteps_left": 5,
                    "zone_from": 44,
                    "zone_to": 23
                },
                {
                    "req_id": 2028325763,
                    "timesteps_left": 5,
                    "zone_from": 50,
                    "zone_to": 8
                },
                {
                    "req_id": 1622743270,
                    "timesteps_left": 5,
                    "zone_from": 30,
                    "zone_to": 52
                },
                {
                    "req_id": 1809972687,
                    "timesteps_left": 5,
                    "zone_from": 17,
                    "zone_to": 47
                },
                {
                    "req_id": 971272731,
                    "timesteps_left": 5,
                    "zone_from": 2,
                    "zone_to": 46
                },
                {
                    "req_id": 707302872,
                    "timesteps_left": 5,
                    "zone_from": 55,
                    "zone_to": 55
                },
                {
                    "req_id": 90635937,
                    "timesteps_left": 5,
                    "zone_from": 16,
                    "zone_to": 29
                },
                {
                    "req_id": 1359721727,
                    "timesteps_left": 5,
                    "zone_from": 36,
                    "zone_to": 32
                }
            ],
            "cars": []
        },
        {
            "t": 5,
            "reqs": [
                {
                    "req_id": 2046700924,
                    "timesteps_left": 1,
                    "zone_from": 41,
                    "zone_to": 33
                },
                {
                    "req_id": 513848902,
                    "timesteps_left": 2,
                    "zone_from": 41,
                    "zone_to": 27
                },
                {
                    "req_id": 1937953850,
                    "timesteps_left": 0,
                    "zone_from": 27,
                    "zone_to": 62
                },
                {
                    "req_id": 1186274813,
                    "timesteps_left": 2,
                    "zone_from": 41,
                    "zone_to": 50
                },
                {
                    "req_id": 793357578,
                    "timesteps_left": 0,
                    "zone_from": 54,
                    "zone_to": 33
                },
                {
                    "req_id": 1951258248,
                    "timesteps_left": 3,
                    "zone_from": 55,
                    "zone_to": 62
                },
                {
                    "req_id": 1622743270,
                    "timesteps_left": 4,
                    "zone_from": 30,
                    "zone_to": 52
                },
                {
                    "req_id": 614969498,
                    "timesteps_left": 4,
                    "zone_from": 16,
                    "zone_to": 34
                },
                {
                    "req_id": 1501254376,
                    "timesteps_left": 2,
                    "zone_from": 61,
                    "zone_to": 11
                },
                {
                    "req_id": 90635937,
                    "timesteps_left": 4,
                    "zone_from": 16,
                    "zone_to": 29
                },
                {
                    "req_id": 619598727,
                    "timesteps_left": 0,
                    "zone_from": 10,
                    "zone_to": 47
                },
                {
                    "req_id": 1809972687,
                    "timesteps_left": 4,
                    "zone_from": 17,
                    "zone_to": 47
                },
                {
                    "req_id": 1828109566,
                    "timesteps_left": 2,
                    "zone_from": 42,
                    "zone_to": 29
                },
                {
                    "req_id": 712583625,
                    "timesteps_left": 0,
                    "zone_from": 8,
                    "zone_to": 30
                },
                {
                    "req_id": 316864523,
                    "timesteps_left": 1,
                    "zone_from": 47,
                    "zone_to": 9
                },
                {
                    "req_id": 288193498,
                    "timesteps_left": 2,
                    "zone_from": 20,
                    "zone_to": 54
                },
                {
                    "req_id": 804222787,
                    "timesteps_left": 1,
                    "zone_from": 32,
                    "zone_to": 33
                },
                {
                    "req_id": 707302872,
                    "timesteps_left": 4,
                    "zone_from": 55,
                    "zone_to": 55
                },
                {
                    "req_id": 1038698092,
                    "timesteps_left": 3,
                    "zone_from": 13,
                    "zone_to": 47
                },
                {
                    "req_id": 151107205,
                    "timesteps_left": 4,
                    "zone_from": 13,
                    "zone_to": 16
                },
                {
                    "req_id": 1074595726,
                    "timesteps_left": 2,
                    "zone_from": 44,
                    "zone_to": 53
                },
                {
                    "req_id": 971272731,
                    "timesteps_left": 4,
                    "zone_from": 2,
                    "zone_to": 46
                },
                {
                    "req_id": 79108127,
                    "timesteps_left": 3,
                    "zone_from": 59,
                    "zone_to": 36
                },
                {
                    "req_id": 759195599,
                    "timesteps_left": 1,
                    "zone_from": 48,
                    "zone_to": 59
                },
                {
                    "req_id": 1275984085,
                    "timesteps_left": 3,
                    "zone_from": 48,
                    "zone_to": 2
                },
                {
                    "req_id": 698637814,
                    "timesteps_left": 2,
                    "zone_from": 13,
                    "zone_to": 23
                },
                {
                    "req_id": 1897239478,
                    "timesteps_left": 4,
                    "zone_from": 44,
                    "zone_to": 23
                },
                {
                    "req_id": 826229965,
                    "timesteps_left": 0,
                    "zone_from": 44,
                    "zone_to": 13
                },
                {
                    "req_id": 499574001,
                    "timesteps_left": 1,
                    "zone_from": 32,
                    "zone_to": 13
                },
                {
                    "req_id": 726900441,
                    "timesteps_left": 3,
                    "zone_from": 32,
                    "zone_to": 13
                },
                {
                    "req_id": 1313449301,
                    "timesteps_left": 1,
                    "zone_from": 10,
                    "zone_to": 48
                },
                {
                    "req_id": 685215041,
                    "timesteps_left": 3,
                    "zone_from": 8,
                    "zone_to": 48
                },
                {
                    "req_id": 348992257,
                    "timesteps_left": 0,
                    "zone_from": 19,
                    "zone_to": 14
                },
                {
                    "req_id": 547266137,
                    "timesteps_left": 3,
                    "zone_from": 32,
                    "zone_to": 48
                },
                {
                    "req_id": 349014530,
                    "timesteps_left": 1,
                    "zone_from": 12,
                    "zone_to": 48
                },
                {
                    "req_id": 607145060,
                    "timesteps_left": 1,
                    "zone_from": 41,
                    "zone_to": 16
                },
                {
                    "req_id": 657177472,
                    "timesteps_left": 1,
                    "zone_from": 41,
                    "zone_to": 42
                },
                {
                    "req_id": 1477125434,
                    "timesteps_left": 3,
                    "zone_from": 8,
                    "zone_to": 16
                },
                {
                    "req_id": 848839197,
                    "timesteps_left": 3,
                    "zone_from": 36,
                    "zone_to": 17
                },
                {
                    "req_id": 2028325763,
                    "timesteps_left": 4,
                    "zone_from": 50,
                    "zone_to": 8
                },
                {
                    "req_id": 1783413414,
                    "timesteps_left": 3,
                    "zone_from": 38,
                    "zone_to": 39
                },
                {
                    "req_id": 178253509,
                    "timesteps_left": 0,
                    "zone_from": 52,
                    "zone_to": 20
                },
                {
                    "req_id": 293958759,
                    "timesteps_left": 1,
                    "zone_from": 53,
                    "zone_to": 46
                },
                {
                    "req_id": 369359701,
                    "timesteps_left": 0,
                    "zone_from": 28,
                    "zone_to": 18
                },
                {
                    "req_id": 550633363,
                    "timesteps_left": 2,
                    "zone_from": 28,
                    "zone_to": 53
                },
                {
                    "req_id": 705024495,
                    "timesteps_left": 0,
                    "zone_from": 41,
                    "zone_to": 13
                },
                {
                    "req_id": 1359721727,
                    "timesteps_left": 4,
                    "zone_from": 36,
                    "zone_to": 32
                },
                {
                    "req_id": 1047178272,
                    "timesteps_left": 0,
                    "zone_from": 45,
                    "zone_to": 32
                },
                {
                    "req_id": 101526688,
                    "timesteps_left": 2,
                    "zone_from": 36,
                    "zone_to": 41
                },
                {
                    "req_id": 690356391,
                    "timesteps_left": 2,
                    "zone_from": 18,
                    "zone_to": 13
                },
                {
                    "req_id": 1587134431,
                    "timesteps_left": 5,
                    "zone_from": 46,
                    "zone_to": 42
                },
                {
                    "req_id": 761189228,
                    "timesteps_left": 5,
                    "zone_from": 41,
                    "zone_to": 59
                },
                {
                    "req_id": 649085063,
                    "timesteps_left": 5,
                    "zone_from": 42,
                    "zone_to": 13
                },
                {
                    "req_id": 1527361227,
                    "timesteps_left": 5,
                    "zone_from": 38,
                    "zone_to": 31
                },
                {
                    "req_id": 1356924198,
                    "timesteps_left": 5,
                    "zone_from": 10,
                    "zone_to": 51
                },
                {
                    "req_id": 1581548637,
                    "timesteps_left": 5,
                    "zone_from": 18,
                    "zone_to": 48
                },
                {
                    "req_id": 2000804945,
                    "timesteps_left": 5,
                    "zone_from": 36,
                    "zone_to": 50
                },
                {
                    "req_id": 595060034,
                    "timesteps_left": 5,
                    "zone_from": 8,
                    "zone_to": 39
                },
                {
                    "req_id": 2049712900,
                    "timesteps_left": 5,
                    "zone_from": 50,
                    "zone_to": 17
                },
                {
                    "req_id": 208676863,
                    "timesteps_left": 5,
                    "zone_from": 32,
                    "zone_to": 29
                }
            ],
            "cars": [
                {
                    "car_id": 829421850,
                    "n_reqs": 4,
                    "reqs_in_car": [
                        614969498,
                        1501254376,
                        513848902,
                        1937953850
                    ],
                    "path": [
                        16,
                        41,
                        27,
                        27,
                        61,
                        62,
                        11,
                        34
                    ],
                    "reward": 1.8349,
                    "icds": [
                        1832,
                        126,
                        0,
                        95
                    ],
                    "dist_red": 6475.0
                },
                {
                    "car_id": 1802774537,
                    "n_reqs": 5,
                    "reqs_in_car": [
                        288193498,
                        804222787,
                        793357578,
                        712583625,
                        2046700924
                    ],
                    "path": [
                        32,
                        20,
                        41,
                        8,
                        30,
                        54,
                        54,
                        33,
                        33,
                        33
                    ],
                    "reward": 3.1803,
                    "icds": [
                        1293,
                        2401,
                        0,
                        0,
                        751
                    ],
                    "dist_red": 19392.0
                },
                {
                    "car_id": 2007026424,
                    "n_reqs": 5,
                    "reqs_in_car": [
                        619598727,
                        1809972687,
                        1828109566,
                        90635937,
                        316864523
                    ],
                    "path": [
                        16,
                        42,
                        10,
                        17,
                        47,
                        47,
                        47,
                        9,
                        29,
                        29
                    ],
                    "reward": 2.79974,
                    "icds": [
                        31,
                        0,
                        1161,
                        1381,
                        0
                    ],
                    "dist_red": 7059.0
                },
                {
                    "car_id": 1292343708,
                    "n_reqs": 5,
                    "reqs_in_car": [
                        698637814,
                        1047178272,
                        547266137,
                        1581548637,
                        1897239478
                    ],
                    "path": [
                        18,
                        45,
                        13,
                        32,
                        32,
                        44,
                        23,
                        23,
                        48,
                        48
                    ],
                    "reward": 2.35775,
                    "icds": [
                        605,
                        184,
                        352,
                        1589,
                        0
                    ],
                    "dist_red": 4309.0
                },
                {
                    "car_id": 207519634,
                    "n_reqs": 5,
                    "reqs_in_car": [
                        1783413414,
                        1527361227,
                        1359721727,
                        178253509,
                        826229965
                    ],
                    "path": [
                        52,
                        38,
                        38,
                        36,
                        39,
                        44,
                        31,
                        32,
                        13,
                        20
                    ],
                    "reward": 3.12111,
                    "icds": [
                        0,
                        636,
                        1408,
                        3180,
                        738
                    ],
                    "dist_red": 17935.0
                },
                {
                    "car_id": 1382801394,
                    "n_reqs": 5,
                    "reqs_in_car": [
                        1313449301,
                        685215041,
                        1356924198,
                        348992257,
                        1477125434
                    ],
                    "path": [
                        8,
                        8,
                        10,
                        10,
                        16,
                        51,
                        19,
                        14,
                        48,
                        48
                    ],
                    "reward": 2.91338,
                    "icds": [
                        1717,
                        1776,
                        75,
                        0,
                        1
                    ],
                    "dist_red": 9431.0
                },
                {
                    "car_id": 1244141216,
                    "n_reqs": 5,
                    "reqs_in_car": [
                        349014530,
                        369359701,
                        550633363,
                        761189228,
                        293958759
                    ],
                    "path": [
                        12,
                        28,
                        28,
                        53,
                        53,
                        46,
                        41,
                        18,
                        59,
                        48
                    ],
                    "reward": 2.95936,
                    "icds": [
                        2534,
                        1049,
                        0,
                        63,
                        0
                    ],
                    "dist_red": 13685.0
                },
                {
                    "car_id": 713737200,
                    "n_reqs": 5,
                    "reqs_in_car": [
                        705024495,
                        690356391,
                        649085063,
                        657177472,
                        607145060
                    ],
                    "path": [
                        41,
                        41,
                        41,
                        42,
                        42,
                        16,
                        18,
                        13,
                        13,
                        13
                    ],
                    "reward": 3.12235,
                    "icds": [
                        1212,
                        0,
                        159,
                        0,
                        594
                    ],
                    "dist_red": 6975.0
                }
            ]
        },
        {
            "t": 6,
            "reqs": [
                {
                    "req_id": 101526688,
                    "timesteps_left": 1,
                    "zone_from": 36,
                    "zone_to": 41
                },
                {
                    "req_id": 2000804945,
                    "timesteps_left": 4,
                    "zone_from": 36,
                    "zone_to": 50
                },
                {
                    "req_id": 1186274813,
                    "timesteps_left": 1,
                    "zone_from": 41,
                    "zone_to": 50
                },
                {
                    "req_id": 1951258248,
                    "timesteps_left": 2,
                    "zone_from": 55,
                    "zone_to": 62
                },
                {
                    "req_id": 1622743270,
                    "timesteps_left": 3,
                    "zone_from": 30,
                    "zone_to": 52
                },
                {
                    "req_id": 707302872,
                    "timesteps_left": 3,
                    "zone_from": 55,
                    "zone_to": 55
                },
                {
                    "req_id": 499574001,
                    "timesteps_left": 0,
                    "zone_from": 32,
                    "zone_to": 13
                },
                {
                    "req_id": 726900441,
                    "timesteps_left": 2,
                    "zone_from": 32,
                    "zone_to": 13
                },
                {
                    "req_id": 208676863,
                    "timesteps_left": 4,
                    "zone_from": 32,
                    "zone_to": 29
                },
                {
                    "req_id": 151107205,
                    "timesteps_left": 3,
                    "zone_from": 13,
                    "zone_to": 16
                },
                {
                    "req_id": 1038698092,
                    "timesteps_left": 2,
                    "zone_from": 13,
                    "zone_to": 47
                },
                {
                    "req_id": 1074595726,
                    "timesteps_left": 1,
                    "zone_from": 44,
                    "zone_to": 53
                },
                {
                    "req_id": 971272731,
                    "timesteps_left": 3,
                    "zone_from": 2,
                    "zone_to": 46
                },
                {
                    "req_id": 79108127,
                    "timesteps_left": 2,
                    "zone_from": 59,
                    "zone_to": 36
                },
                {
                    "req_id": 759195599,
                    "timesteps_left": 0,
                    "zone_from": 48,
                    "zone_to": 59
                },
                {
                    "req_id": 1275984085,
                    "timesteps_left": 2,
                    "zone_from": 48,
                    "zone_to": 2
                },
                {
                    "req_id": 1587134431,
                    "timesteps_left": 4,
                    "zone_from": 46,
                    "zone_to": 42
                },
                {
                    "req_id": 2049712900,
                    "timesteps_left": 4,
                    "zone_from": 50,
                    "zone_to": 17
                },
                {
                    "req_id": 848839197,
                    "timesteps_left": 2,
                    "zone_from": 36,
                    "zone_to": 17
                },
                {
                    "req_id": 2028325763,
                    "timesteps_left": 3,
                    "zone_from": 50,
                    "zone_to": 8
                },
                {
                    "req_id": 595060034,
                    "timesteps_left": 4,
                    "zone_from": 8,
                    "zone_to": 39
                },
                {
                    "req_id": 1549913292,
                    "timesteps_left": 5,
                    "zone_from": 10,
                    "zone_to": 16
                },
                {
                    "req_id": 1680794673,
                    "timesteps_left": 5,
                    "zone_from": 47,
                    "zone_to": 42
                },
                {
                    "req_id": 1716822363,
                    "timesteps_left": 5,
                    "zone_from": 62,
                    "zone_to": 6
                },
                {
                    "req_id": 741730477,
                    "timesteps_left": 5,
                    "zone_from": 51,
                    "zone_to": 32
                },
                {
                    "req_id": 587994942,
                    "timesteps_left": 5,
                    "zone_from": 6,
                    "zone_to": 47
                },
                {
                    "req_id": 881844636,
                    "timesteps_left": 5,
                    "zone_from": 59,
                    "zone_to": 17
                },
                {
                    "req_id": 789375019,
                    "timesteps_left": 5,
                    "zone_from": 39,
                    "zone_to": 37
                },
                {
                    "req_id": 1864021552,
                    "timesteps_left": 5,
                    "zone_from": 11,
                    "zone_to": 12
                },
                {
                    "req_id": 2002873786,
                    "timesteps_left": 5,
                    "zone_from": 41,
                    "zone_to": 62
                },
                {
                    "req_id": 664420654,
                    "timesteps_left": 5,
                    "zone_from": 13,
                    "zone_to": 27
                }
            ],
            "cars": [
                {
                    "car_id": 1905789632,
                    "n_reqs": 5,
                    "reqs_in_car": [
                        499574001,
                        499574001,
                        208676863,
                        664420654,
                        1716822363
                    ],
                    "path": [
                        32,
                        32,
                        32,
                        13,
                        13,
                        13,
                        27,
                        62,
                        6,
                        29
                    ],
                    "reward": 2.82,
                    "icds": [
                        0,
                        0,
                        927,
                        0,
                        0
                    ],
                    "dist_red": 8697.0
                },
                {
                    "car_id": 523016558,
                    "n_reqs": 5,
                    "reqs_in_car": [
                        971272731,
                        759195599,
                        1074595726,
                        789375019,
                        1275984085
                    ],
                    "path": [
                        44,
                        48,
                        48,
                        2,
                        2,
                        59,
                        39,
                        37,
                        46,
                        53
                    ],
                    "reward": 2.7226,
                    "icds": [
                        1865,
                        425,
                        2220,
                        0,
                        0
                    ],
                    "dist_red": 9846.0
                }
            ]
        },
        {
            "t": 7,
            "reqs": [
                {
                    "req_id": 741730477,
                    "timesteps_left": 4,
                    "zone_from": 51,
                    "zone_to": 32
                },
                {
                    "req_id": 1864021552,
                    "timesteps_left": 4,
                    "zone_from": 11,
                    "zone_to": 12
                },
                {
                    "req_id": 1587134431,
                    "timesteps_left": 3,
                    "zone_from": 46,
                    "zone_to": 42
                },
                {
                    "req_id": 1680794673,
                    "timesteps_left": 4,
                    "zone_from": 47,
                    "zone_to": 42
                },
                {
                    "req_id": 587994942,
                    "timesteps_left": 4,
                    "zone_from": 6,
                    "zone_to": 47
                },
                {
                    "req_id": 595060034,
                    "timesteps_left": 3,
                    "zone_from": 8,
                    "zone_to": 39
                },
                {
                    "req_id": 101526688,
                    "timesteps_left": 0,
                    "zone_from": 36,
                    "zone_to": 41
                },
                {
                    "req_id": 2000804945,
                    "timesteps_left": 3,
                    "zone_from": 36,
                    "zone_to": 50
                },
                {
                    "req_id": 1186274813,
                    "timesteps_left": 0,
                    "zone_from": 41,
                    "zone_to": 50
                },
                {
                    "req_id": 848839197,
                    "timesteps_left": 1,
                    "zone_from": 36,
                    "zone_to": 17
                },
                {
                    "req_id": 2049712900,
                    "timesteps_left": 3,
                    "zone_from": 50,
                    "zone_to": 17
                },
                {
                    "req_id": 1951258248,
                    "timesteps_left": 1,
                    "zone_from": 55,
                    "zone_to": 62
                },
                {
                    "req_id": 1622743270,
                    "timesteps_left": 2,
                    "zone_from": 30,
                    "zone_to": 52
                },
                {
                    "req_id": 2002873786,
                    "timesteps_left": 4,
                    "zone_from": 41,
                    "zone_to": 62
                },
                {
                    "req_id": 707302872,
                    "timesteps_left": 2,
                    "zone_from": 55,
                    "zone_to": 55
                },
                {
                    "req_id": 2028325763,
                    "timesteps_left": 2,
                    "zone_from": 50,
                    "zone_to": 8
                },
                {
                    "req_id": 151107205,
                    "timesteps_left": 2,
                    "zone_from": 13,
                    "zone_to": 16
                },
                {
                    "req_id": 1038698092,
                    "timesteps_left": 1,
                    "zone_from": 13,
                    "zone_to": 47
                },
                {
                    "req_id": 79108127,
                    "timesteps_left": 1,
                    "zone_from": 59,
                    "zone_to": 36
                },
                {
                    "req_id": 1549913292,
                    "timesteps_left": 4,
                    "zone_from": 10,
                    "zone_to": 16
                },
                {
                    "req_id": 881844636,
                    "timesteps_left": 4,
                    "zone_from": 59,
                    "zone_to": 17
                },
                {
                    "req_id": 1469512072,
                    "timesteps_left": 5,
                    "zone_from": 35,
                    "zone_to": 26
                },
                {
                    "req_id": 704403331,
                    "timesteps_left": 5,
                    "zone_from": 39,
                    "zone_to": 37
                },
                {
                    "req_id": 1055451974,
                    "timesteps_left": 5,
                    "zone_from": 36,
                    "zone_to": 41
                },
                {
                    "req_id": 409336282,
                    "timesteps_left": 5,
                    "zone_from": 59,
                    "zone_to": 32
                },
                {
                    "req_id": 263536949,
                    "timesteps_left": 5,
                    "zone_from": 18,
                    "zone_to": 44
                },
                {
                    "req_id": 114588193,
                    "timesteps_left": 5,
                    "zone_from": 46,
                    "zone_to": 46
                },
                {
                    "req_id": 1047227109,
                    "timesteps_left": 5,
                    "zone_from": 17,
                    "zone_to": 28
                },
                {
                    "req_id": 1957768205,
                    "timesteps_left": 5,
                    "zone_from": 32,
                    "zone_to": 46
                },
                {
                    "req_id": 1220124345,
                    "timesteps_left": 5,
                    "zone_from": 16,
                    "zone_to": 13
                },
                {
                    "req_id": 1452045420,
                    "timesteps_left": 5,
                    "zone_from": 20,
                    "zone_to": 0
                }
            ],
            "cars": [
                {
                    "car_id": 372460750,
                    "n_reqs": 4,
                    "reqs_in_car": [
                        2000804945,
                        101526688,
                        101526688,
                        1186274813
                    ],
                    "path": [
                        36,
                        36,
                        36,
                        41,
                        41,
                        41,
                        50,
                        50
                    ],
                    "reward": 2.58824,
                    "icds": [
                        171,
                        0,
                        0,
                        0
                    ],
                    "dist_red": 3458.0
                }
            ]
        },
        {
            "t": 8,
            "reqs": [
                {
                    "req_id": 1864021552,
                    "timesteps_left": 3,
                    "zone_from": 11,
                    "zone_to": 12
                },
                {
                    "req_id": 1587134431,
                    "timesteps_left": 2,
                    "zone_from": 46,
                    "zone_to": 42
                },
                {
                    "req_id": 1680794673,
                    "timesteps_left": 3,
                    "zone_from": 47,
                    "zone_to": 42
                },
                {
                    "req_id": 587994942,
                    "timesteps_left": 3,
                    "zone_from": 6,
                    "zone_to": 47
                },
                {
                    "req_id": 2049712900,
                    "timesteps_left": 2,
                    "zone_from": 50,
                    "zone_to": 17
                },
                {
                    "req_id": 2028325763,
                    "timesteps_left": 1,
                    "zone_from": 50,
                    "zone_to": 8
                },
                {
                    "req_id": 848839197,
                    "timesteps_left": 0,
                    "zone_from": 36,
                    "zone_to": 17
                },
                {
                    "req_id": 741730477,
                    "timesteps_left": 3,
                    "zone_from": 51,
                    "zone_to": 32
                },
                {
                    "req_id": 409336282,
                    "timesteps_left": 4,
                    "zone_from": 59,
                    "zone_to": 32
                },
                {
                    "req_id": 263536949,
                    "timesteps_left": 4,
                    "zone_from": 18,
                    "zone_to": 44
                },
                {
                    "req_id": 1220124345,
                    "timesteps_left": 4,
                    "zone_from": 16,
                    "zone_to": 13
                },
                {
                    "req_id": 1452045420,
                    "timesteps_left": 4,
                    "zone_from": 20,
                    "zone_to": 0
                },
                {
                    "req_id": 79108127,
                    "timesteps_left": 0,
                    "zone_from": 59,
                    "zone_to": 36
                },
                {
                    "req_id": 881844636,
                    "timesteps_left": 3,
                    "zone_from": 59,
                    "zone_to": 17
                },
                {
                    "req_id": 1469512072,
                    "timesteps_left": 4,
                    "zone_from": 35,
                    "zone_to": 26
                },
                {
                    "req_id": 595060034,
                    "timesteps_left": 2,
                    "zone_from": 8,
                    "zone_to": 39
                },
                {
                    "req_id": 1549913292,
                    "timesteps_left": 3,
                    "zone_from": 10,
                    "zone_to": 16
                },
                {
                    "req_id": 1951258248,
                    "timesteps_left": 0,
                    "zone_from": 55,
                    "zone_to": 62
                },
                {
                    "req_id": 1622743270,
                    "timesteps_left": 1,
                    "zone_from": 30,
                    "zone_to": 52
                },
                {
                    "req_id": 2002873786,
                    "timesteps_left": 3,
                    "zone_from": 41,
                    "zone_to": 62
                },
                {
                    "req_id": 1047227109,
                    "timesteps_left": 4,
                    "zone_from": 17,
                    "zone_to": 28
                },
                {
                    "req_id": 707302872,
                    "timesteps_left": 1,
                    "zone_from": 55,
                    "zone_to": 55
                },
                {
                    "req_id": 151107205,
                    "timesteps_left": 1,
                    "zone_from": 13,
                    "zone_to": 16
                },
                {
                    "req_id": 1038698092,
                    "timesteps_left": 0,
                    "zone_from": 13,
                    "zone_to": 47
                },
                {
                    "req_id": 1957768205,
                    "timesteps_left": 4,
                    "zone_from": 32,
                    "zone_to": 46
                },
                {
                    "req_id": 704403331,
                    "timesteps_left": 4,
                    "zone_from": 39,
                    "zone_to": 37
                },
                {
                    "req_id": 114588193,
                    "timesteps_left": 4,
                    "zone_from": 46,
                    "zone_to": 46
                },
                {
                    "req_id": 1643543657,
                    "timesteps_left": 5,
                    "zone_from": 17,
                    "zone_to": 55
                },
                {
                    "req_id": 1046233422,
                    "timesteps_left": 5,
                    "zone_from": 61,
                    "zone_to": 11
                },
                {
                    "req_id": 967275848,
                    "timesteps_left": 5,
                    "zone_from": 8,
                    "zone_to": 42
                },
                {
                    "req_id": 536010053,
                    "timesteps_left": 5,
                    "zone_from": 51,
                    "zone_to": 16
                },
                {
                    "req_id": 1807343611,
                    "timesteps_left": 5,
                    "zone_from": 55,
                    "zone_to": 8
                },
                {
                    "req_id": 1101384486,
                    "timesteps_left": 5,
                    "zone_from": 59,
                    "zone_to": 20
                },
                {
                    "req_id": 1648415728,
                    "timesteps_left": 5,
                    "zone_from": 11,
                    "zone_to": 33
                },
                {
                    "req_id": 369479031,
                    "timesteps_left": 5,
                    "zone_from": 51,
                    "zone_to": 59
                },
                {
                    "req_id": 162813200,
                    "timesteps_left": 5,
                    "zone_from": 8,
                    "zone_to": 13
                },
                {
                    "req_id": 1219678297,
                    "timesteps_left": 5,
                    "zone_from": 37,
                    "zone_to": 28
                }
            ],
            "cars": [
                {
                    "car_id": 453331355,
                    "n_reqs": 5,
                    "reqs_in_car": [
                        79108127,
                        881844636,
                        2049712900,
                        2028325763,
                        1469512072
                    ],
                    "path": [
                        59,
                        59,
                        35,
                        26,
                        50,
                        50,
                        36,
                        8,
                        17,
                        17
                    ],
                    "reward": 2.48634,
                    "icds": [
                        1213,
                        2510,
                        458,
                        0,
                        0
                    ],
                    "dist_red": 5669.0
                },
                {
                    "car_id": 372396551,
                    "n_reqs": 5,
                    "reqs_in_car": [
                        1047227109,
                        1219678297,
                        704403331,
                        848839197,
                        595060034
                    ],
                    "path": [
                        37,
                        36,
                        8,
                        17,
                        17,
                        39,
                        39,
                        37,
                        28,
                        28
                    ],
                    "reward": 2.49183,
                    "icds": [
                        428,
                        1985,
                        0,
                        185,
                        11
                    ],
                    "dist_red": 4417.0
                },
                {
                    "car_id": 564278935,
                    "n_reqs": 5,
                    "reqs_in_car": [
                        1951258248,
                        1622743270,
                        2002873786,
                        1643543657,
                        707302872
                    ],
                    "path": [
                        41,
                        17,
                        30,
                        55,
                        55,
                        55,
                        55,
                        52,
                        62,
                        62
                    ],
                    "reward": 2.92998,
                    "icds": [
                        16,
                        154,
                        1749,
                        146,
                        0
                    ],
                    "dist_red": 8882.0
                },
                {
                    "car_id": 403313567,
                    "n_reqs": 5,
                    "reqs_in_car": [
                        151107205,
                        1038698092,
                        1957768205,
                        114588193,
                        536010053
                    ],
                    "path": [
                        32,
                        13,
                        13,
                        51,
                        16,
                        16,
                        47,
                        46,
                        46,
                        46
                    ],
                    "reward": 2.4733,
                    "icds": [
                        449,
                        789,
                        2803,
                        0,
                        0
                    ],
                    "dist_red": 5715.0
                }
            ]
        },
        {
            "t": 9,
            "reqs": [
                {
                    "req_id": 1046233422,
                    "timesteps_left": 4,
                    "zone_from": 61,
                    "zone_to": 11
                },
                {
                    "req_id": 1864021552,
                    "timesteps_left": 2,
                    "zone_from": 11,
                    "zone_to": 12
                },
                {
                    "req_id": 1648415728,
                    "timesteps_left": 4,
                    "zone_from": 11,
                    "zone_to": 33
                },
                {
                    "req_id": 741730477,
                    "timesteps_left": 2,
                    "zone_from": 51,
                    "zone_to": 32
                },
                {
                    "req_id": 409336282,
                    "timesteps_left": 3,
                    "zone_from": 59,
                    "zone_to": 32
                },
                {
                    "req_id": 369479031,
                    "timesteps_left": 4,
                    "zone_from": 51,
                    "zone_to": 59
                },
                {
                    "req_id": 1101384486,
                    "timesteps_left": 4,
                    "zone_from": 59,
                    "zone_to": 20
                },
                {
                    "req_id": 1587134431,
                    "timesteps_left": 1,
                    "zone_from": 46,
                    "zone_to": 42
                },
                {
                    "req_id": 1680794673,
                    "timesteps_left": 2,
                    "zone_from": 47,
                    "zone_to": 42
                },
                {
                    "req_id": 587994942,
                    "timesteps_left": 2,
                    "zone_from": 6,
                    "zone_to": 47
                },
                {
                    "req_id": 967275848,
                    "timesteps_left": 4,
                    "zone_from": 8,
                    "zone_to": 42
                },
                {
                    "req_id": 1807343611,
                    "timesteps_left": 4,
                    "zone_from": 55,
                    "zone_to": 8
                },
                {
                    "req_id": 1220124345,
                    "timesteps_left": 3,
                    "zone_from": 16,
                    "zone_to": 13
                },
                {
                    "req_id": 162813200,
                    "timesteps_left": 4,
                    "zone_from": 8,
                    "zone_to": 13
                },
                {
                    "req_id": 1549913292,
                    "timesteps_left": 2,
                    "zone_from": 10,
                    "zone_to": 16
                },
                {
                    "req_id": 263536949,
                    "timesteps_left": 3,
                    "zone_from": 18,
                    "zone_to": 44
                },
                {
                    "req_id": 1452045420,
                    "timesteps_left": 3,
                    "zone_from": 20,
                    "zone_to": 0
                },
                {
                    "req_id": 1668647443,
                    "timesteps_left": 5,
                    "zone_from": 37,
                    "zone_to": 29
                },
                {
                    "req_id": 2013925284,
                    "timesteps_left": 5,
                    "zone_from": 17,
                    "zone_to": 17
                },
                {
                    "req_id": 1683661269,
                    "timesteps_left": 5,
                    "zone_from": 39,
                    "zone_to": 9
                },
                {
                    "req_id": 12943127,
                    "timesteps_left": 5,
                    "zone_from": 9,
                    "zone_to": 0
                },
                {
                    "req_id": 256198904,
                    "timesteps_left": 5,
                    "zone_from": 26,
                    "zone_to": 39
                },
                {
                    "req_id": 1036875962,
                    "timesteps_left": 5,
                    "zone_from": 18,
                    "zone_to": 20
                },
                {
                    "req_id": 1981865477,
                    "timesteps_left": 5,
                    "zone_from": 38,
                    "zone_to": 57
                },
                {
                    "req_id": 1494203043,
                    "timesteps_left": 5,
                    "zone_from": 54,
                    "zone_to": 52
                },
                {
                    "req_id": 439399797,
                    "timesteps_left": 5,
                    "zone_from": 37,
                    "zone_to": 12
                },
                {
                    "req_id": 908706710,
                    "timesteps_left": 5,
                    "zone_from": 13,
                    "zone_to": 13
                }
            ],
            "cars": [
                {
                    "car_id": 573449227,
                    "n_reqs": 2,
                    "reqs_in_car": [
                        1864021552,
                        1648415728
                    ],
                    "path": [
                        11,
                        11,
                        12,
                        33
                    ],
                    "reward": 0.541998,
                    "icds": [
                        0,
                        356
                    ],
                    "dist_red": 1044.0
                },
                {
                    "car_id": 94905402,
                    "n_reqs": 2,
                    "reqs_in_car": [
                        263536949,
                        1036875962
                    ],
                    "path": [
                        18,
                        18,
                        20,
                        44
                    ],
                    "reward": 0.840233,
                    "icds": [
                        176,
                        0
                    ],
                    "dist_red": 1699.0
                },
                {
                    "car_id": 775958902,
                    "n_reqs": 2,
                    "reqs_in_car": [
                        2013925284,
                        1683661269
                    ],
                    "path": [
                        39,
                        17,
                        17,
                        9
                    ],
                    "reward": 0.335334,
                    "icds": [
                        0,
                        107
                    ],
                    "dist_red": 5.0
                },
                {
                    "car_id": 1558222471,
                    "n_reqs": 5,
                    "reqs_in_car": [
                        1046233422,
                        1981865477,
                        1668647443,
                        439399797,
                        1494203043
                    ],
                    "path": [
                        38,
                        37,
                        37,
                        29,
                        54,
                        52,
                        61,
                        12,
                        11,
                        57
                    ],
                    "reward": 1.90156,
                    "icds": [
                        33,
                        3294,
                        0,
                        1916,
                        0
                    ],
                    "dist_red": 4483.0
                },
                {
                    "car_id": 1652270801,
                    "n_reqs": 5,
                    "reqs_in_car": [
                        741730477,
                        409336282,
                        369479031,
                        1452045420,
                        1101384486
                    ],
                    "path": [
                        51,
                        51,
                        59,
                        59,
                        59,
                        20,
                        20,
                        0,
                        32,
                        32
                    ],
                    "reward": 2.85067,
                    "icds": [
                        1138,
                        449,
                        0,
                        0,
                        0
                    ],
                    "dist_red": 6869.0
                },
                {
                    "car_id": 1534424927,
                    "n_reqs": 5,
                    "reqs_in_car": [
                        1587134431,
                        1680794673,
                        587994942,
                        967275848,
                        1807343611
                    ],
                    "path": [
                        46,
                        6,
                        55,
                        8,
                        8,
                        47,
                        47,
                        42,
                        42,
                        42
                    ],
                    "reward": 2.39597,
                    "icds": [
                        1418,
                        0,
                        1025,
                        326,
                        0
                    ],
                    "dist_red": 3807.0
                },
                {
                    "car_id": 1570045480,
                    "n_reqs": 5,
                    "reqs_in_car": [
                        162813200,
                        12943127,
                        1220124345,
                        1549913292,
                        908706710
                    ],
                    "path": [
                        9,
                        8,
                        10,
                        16,
                        16,
                        13,
                        13,
                        13,
                        13,
                        0
                    ],
                    "reward": 3.23876,
                    "icds": [
                        135,
                        388,
                        0,
                        0,
                        0
                    ],
                    "dist_red": 9357.0
                }
            ]
        }
    ],
    "serv_rate": 99.0,
    "n_cars": 22,
    "avg_occ": 4.499999999999999,
    "dist_red": 159.209,
    "dist_red_perc": 42,
    "trip_red": 77,
    "trip_red_perc": 77,
    "kg_co2_red": 20,
    "icd_mean": 567
}