{
    "timesteps": [
        {
            "t": 0,
            "reqs": [
                {
                    "req_id": 1780889075,
                    "timesteps_left": 5,
                    "zone_from": 2,
                    "zone_to": 49
                },
                {
                    "req_id": 1826736728,
                    "timesteps_left": 5,
                    "zone_from": 27,
                    "zone_to": 61
                }
            ],
            "cars": []
        },
        {
            "t": 1,
            "reqs": [
                {
                    "req_id": 1780889075,
                    "timesteps_left": 4,
                    "zone_from": 2,
                    "zone_to": 49
                },
                {
                    "req_id": 1826736728,
                    "timesteps_left": 4,
                    "zone_from": 27,
                    "zone_to": 61
                },
                {
                    "req_id": 1758090101,
                    "timesteps_left": 5,
                    "zone_from": 41,
                    "zone_to": 41
                },
                {
                    "req_id": 2077793811,
                    "timesteps_left": 5,
                    "zone_from": 38,
                    "zone_to": 62
                }
            ],
            "cars": []
        },
        {
            "t": 2,
            "reqs": [
                {
                    "req_id": 1780889075,
                    "timesteps_left": 3,
                    "zone_from": 2,
                    "zone_to": 49
                },
                {
                    "req_id": 1826736728,
                    "timesteps_left": 3,
                    "zone_from": 27,
                    "zone_to": 61
                },
                {
                    "req_id": 1758090101,
                    "timesteps_left": 4,
                    "zone_from": 41,
                    "zone_to": 41
                },
                {
                    "req_id": 2077793811,
                    "timesteps_left": 4,
                    "zone_from": 38,
                    "zone_to": 62
                },
                {
                    "req_id": 780762019,
                    "timesteps_left": 5,
                    "zone_from": 13,
                    "zone_to": 62
                },
                {
                    "req_id": 37170088,
                    "timesteps_left": 5,
                    "zone_from": 39,
                    "zone_to": 55
                }
            ],
            "cars": []
        },
        {
            "t": 3,
            "reqs": [
                {
                    "req_id": 1780889075,
                    "timesteps_left": 2,
                    "zone_from": 2,
                    "zone_to": 49
                },
                {
                    "req_id": 1826736728,
                    "timesteps_left": 2,
                    "zone_from": 27,
                    "zone_to": 61
                },
                {
                    "req_id": 1758090101,
                    "timesteps_left": 3,
                    "zone_from": 41,
                    "zone_to": 41
                },
                {
                    "req_id": 2077793811,
                    "timesteps_left": 3,
                    "zone_from": 38,
                    "zone_to": 62
                },
                {
                    "req_id": 780762019,
                    "timesteps_left": 4,
                    "zone_from": 13,
                    "zone_to": 62
                },
                {
                    "req_id": 37170088,
                    "timesteps_left": 4,
                    "zone_from": 39,
                    "zone_to": 55
                },
                {
                    "req_id": 979836830,
                    "timesteps_left": 5,
                    "zone_from": 26,
                    "zone_to": 4
                },
                {
                    "req_id": 677593189,
                    "timesteps_left": 5,
                    "zone_from": 47,
                    "zone_to": 60
                }
            ],
            "cars": []
        },
        {
            "t": 4,
            "reqs": [
                {
                    "req_id": 1780889075,
                    "timesteps_left": 1,
                    "zone_from": 2,
                    "zone_to": 49
                },
                {
                    "req_id": 2077793811,
                    "timesteps_left": 2,
                    "zone_from": 38,
                    "zone_to": 62
                },
                {
                    "req_id": 780762019,
                    "timesteps_left": 3,
                    "zone_from": 13,
                    "zone_to": 62
                },
                {
                    "req_id": 37170088,
                    "timesteps_left": 3,
                    "zone_from": 39,
                    "zone_to": 55
                },
                {
                    "req_id": 677593189,
                    "timesteps_left": 4,
                    "zone_from": 47,
                    "zone_to": 60
                },
                {
                    "req_id": 1758090101,
                    "timesteps_left": 2,
                    "zone_from": 41,
                    "zone_to": 41
                },
                {
                    "req_id": 979836830,
                    "timesteps_left": 4,
                    "zone_from": 26,
                    "zone_to": 4
                },
                {
                    "req_id": 1826736728,
                    "timesteps_left": 1,
                    "zone_from": 27,
                    "zone_to": 61
                },
                {
                    "req_id": 544883552,
                    "timesteps_left": 5,
                    "zone_from": 26,
                    "zone_to": 44
                },
                {
                    "req_id": 1018631803,
                    "timesteps_left": 5,
                    "zone_from": 41,
                    "zone_to": 46
                }
            ],
            "cars": []
        },
        {
            "t": 5,
            "reqs": [
                {
                    "req_id": 1780889075,
                    "timesteps_left": 0,
                    "zone_from": 2,
                    "zone_to": 49
                },
                {
                    "req_id": 2077793811,
                    "timesteps_left": 1,
                    "zone_from": 38,
                    "zone_to": 62
                },
                {
                    "req_id": 780762019,
                    "timesteps_left": 2,
                    "zone_from": 13,
                    "zone_to": 62
                },
                {
                    "req_id": 37170088,
                    "timesteps_left": 2,
                    "zone_from": 39,
                    "zone_to": 55
                },
                {
                    "req_id": 677593189,
                    "timesteps_left": 3,
                    "zone_from": 47,
                    "zone_to": 60
                },
                {
                    "req_id": 544883552,
                    "timesteps_left": 4,
                    "zone_from": 26,
                    "zone_to": 44
                },
                {
                    "req_id": 1758090101,
                    "timesteps_left": 1,
                    "zone_from": 41,
                    "zone_to": 41
                },
                {
                    "req_id": 979836830,
                    "timesteps_left": 3,
                    "zone_from": 26,
                    "zone_to": 4
                },
                {
                    "req_id": 1018631803,
                    "timesteps_left": 4,
                    "zone_from": 41,
                    "zone_to": 46
                },
                {
                    "req_id": 1826736728,
                    "timesteps_left": 0,
                    "zone_from": 27,
                    "zone_to": 61
                },
                {
                    "req_id": 1916407108,
                    "timesteps_left": 5,
                    "zone_from": 38,
                    "zone_to": 8
                },
                {
                    "req_id": 583921485,
                    "timesteps_left": 5,
                    "zone_from": 18,
                    "zone_to": 0
                }
            ],
            "cars": [
                {
                    "car_id": 1043354354,
                    "n_reqs": 4,
                    "reqs_in_car": [
                        1758090101,
                        979836830,
                        1826736728,
                        1018631803
                    ],
                    "path": [
                        26,
                        41,
                        41,
                        41,
                        46,
                        27,
                        61,
                        4
                    ],
                    "reward": 0.205301,
                    "icds": [
                        0,
                        934,
                        0,
                        0
                    ],
                    "dist_red": 5857.0
                }
            ]
        },
        {
            "t": 6,
            "reqs": [
                {
                    "req_id": 2077793811,
                    "timesteps_left": 0,
                    "zone_from": 38,
                    "zone_to": 62
                },
                {
                    "req_id": 780762019,
                    "timesteps_left": 1,
                    "zone_from": 13,
                    "zone_to": 62
                },
                {
                    "req_id": 37170088,
                    "timesteps_left": 1,
                    "zone_from": 39,
                    "zone_to": 55
                },
                {
                    "req_id": 677593189,
                    "timesteps_left": 2,
                    "zone_from": 47,
                    "zone_to": 60
                },
                {
                    "req_id": 544883552,
                    "timesteps_left": 3,
                    "zone_from": 26,
                    "zone_to": 44
                },
                {
                    "req_id": 1916407108,
                    "timesteps_left": 4,
                    "zone_from": 38,
                    "zone_to": 8
                },
                {
                    "req_id": 583921485,
                    "timesteps_left": 4,
                    "zone_from": 18,
                    "zone_to": 0
                },
                {
                    "req_id": 291196891,
                    "timesteps_left": 5,
                    "zone_from": 17,
                    "zone_to": 23
                },
                {
                    "req_id": 680759878,
                    "timesteps_left": 5,
                    "zone_from": 48,
                    "zone_to": 52
                }
            ],
            "cars": []
        },
        {
            "t": 7,
            "reqs": [
                {
                    "req_id": 780762019,
                    "timesteps_left": 0,
                    "zone_from": 13,
                    "zone_to": 62
                },
                {
                    "req_id": 37170088,
                    "timesteps_left": 0,
                    "zone_from": 39,
                    "zone_to": 55
                },
                {
                    "req_id": 544883552,
                    "timesteps_left": 2,
                    "zone_from": 26,
                    "zone_to": 44
                },
                {
                    "req_id": 1916407108,
                    "timesteps_left": 3,
                    "zone_from": 38,
                    "zone_to": 8
                },
                {
                    "req_id": 583921485,
                    "timesteps_left": 3,
                    "zone_from": 18,
                    "zone_to": 0
                },
                {
                    "req_id": 680759878,
                    "timesteps_left": 4,
                    "zone_from": 48,
                    "zone_to": 52
                },
                {
                    "req_id": 677593189,
                    "timesteps_left": 1,
                    "zone_from": 47,
                    "zone_to": 60
                },
                {
                    "req_id": 291196891,
                    "timesteps_left": 4,
                    "zone_from": 17,
                    "zone_to": 23
                },
                {
                    "req_id": 1238867381,
                    "timesteps_left": 5,
                    "zone_from": 47,
                    "zone_to": 41
                },
                {
                    "req_id": 1022618009,
                    "timesteps_left": 5,
                    "zone_from": 60,
                    "zone_to": 13
                }
            ],
            "cars": []
        },
        {
            "t": 8,
            "reqs": [
                {
                    "req_id": 544883552,
                    "timesteps_left": 1,
                    "zone_from": 26,
                    "zone_to": 44
                },
                {
                    "req_id": 1916407108,
                    "timesteps_left": 2,
                    "zone_from": 38,
                    "zone_to": 8
                },
                {
                    "req_id": 583921485,
                    "timesteps_left": 2,
                    "zone_from": 18,
                    "zone_to": 0
                },
                {
                    "req_id": 680759878,
                    "timesteps_left": 3,
                    "zone_from": 48,
                    "zone_to": 52
                },
                {
                    "req_id": 291196891,
                    "timesteps_left": 3,
                    "zone_from": 17,
                    "zone_to": 23
                },
                {
                    "req_id": 1022618009,
                    "timesteps_left": 4,
                    "zone_from": 60,
                    "zone_to": 13
                },
                {
                    "req_id": 677593189,
                    "timesteps_left": 0,
                    "zone_from": 47,
                    "zone_to": 60
                },
                {
                    "req_id": 1238867381,
                    "timesteps_left": 4,
                    "zone_from": 47,
                    "zone_to": 41
                },
                {
                    "req_id": 1384868168,
                    "timesteps_left": 5,
                    "zone_from": 42,
                    "zone_to": 58
                },
                {
                    "req_id": 1812605506,
                    "timesteps_left": 5,
                    "zone_from": 41,
                    "zone_to": 31
                }
            ],
            "cars": [
                {
                    "car_id": 1717427049,
                    "n_reqs": 2,
                    "reqs_in_car": [
                        677593189,
                        1238867381
                    ],
                    "path": [
                        47,
                        47,
                        41,
                        60
                    ],
                    "reward": 0.0742576,
                    "icds": [
                        128,
                        0
                    ],
                    "dist_red": 2018.0
                }
            ]
        },
        {
            "t": 9,
            "reqs": [
                {
                    "req_id": 544883552,
                    "timesteps_left": 0,
                    "zone_from": 26,
                    "zone_to": 44
                },
                {
                    "req_id": 1916407108,
                    "timesteps_left": 1,
                    "zone_from": 38,
                    "zone_to": 8
                },
                {
                    "req_id": 583921485,
                    "timesteps_left": 1,
                    "zone_from": 18,
                    "zone_to": 0
                },
                {
                    "req_id": 680759878,
                    "timesteps_left": 2,
                    "zone_from": 48,
                    "zone_to": 52
                },
                {
                    "req_id": 291196891,
                    "timesteps_left": 2,
                    "zone_from": 17,
                    "zone_to": 23
                },
                {
                    "req_id": 1022618009,
                    "timesteps_left": 3,
                    "zone_from": 60,
                    "zone_to": 13
                },
                {
                    "req_id": 1384868168,
                    "timesteps_left": 4,
                    "zone_from": 42,
                    "zone_to": 58
                },
                {
                    "req_id": 1812605506,
                    "timesteps_left": 4,
                    "zone_from": 41,
                    "zone_to": 31
                },
                {
                    "req_id": 187592544,
                    "timesteps_left": 5,
                    "zone_from": 41,
                    "zone_to": 61
                },
                {
                    "req_id": 644499012,
                    "timesteps_left": 5,
                    "zone_from": 53,
                    "zone_to": 53
                }
            ],
            "cars": [
                {
                    "car_id": 1150249748,
                    "n_reqs": 2,
                    "reqs_in_car": [
                        680759878,
                        644499012
                    ],
                    "path": [
                        48,
                        53,
                        53,
                        52
                    ],
                    "reward": 0.0131718,
                    "icds": [
                        253,
                        0
                    ],
                    "dist_red": 1639.0
                }
            ]
        }
    ],
    "serv_rate": 40.0,
    "n_cars": 3,
    "avg_occ": 1.3333333333333335,
    "dist_red": 9.514,
    "dist_red_perc": 2,
    "trip_red": 5,
    "trip_red_perc": 5,
    "kg_co2_red": 1,
    "icd_mean": 14
}