{
    "timesteps": [
        {
            "t": 0,
            "reqs": [
                {
                    "req_id": 1784595647,
                    "timesteps_left": 2,
                    "zone_from": 49,
                    "zone_to": 51
                },
                {
                    "req_id": 75040474,
                    "timesteps_left": 2,
                    "zone_from": 39,
                    "zone_to": 39
                },
                {
                    "req_id": 2025061080,
                    "timesteps_left": 2,
                    "zone_from": 47,
                    "zone_to": 39
                },
                {
                    "req_id": 906591889,
                    "timesteps_left": 2,
                    "zone_from": 9,
                    "zone_to": 10
                },
                {
                    "req_id": 2134025225,
                    "timesteps_left": 2,
                    "zone_from": 48,
                    "zone_to": 14
                },
                {
                    "req_id": 1065184458,
                    "timesteps_left": 2,
                    "zone_from": 36,
                    "zone_to": 52
                },
                {
                    "req_id": 735578873,
                    "timesteps_left": 2,
                    "zone_from": 53,
                    "zone_to": 52
                },
                {
                    "req_id": 936757521,
                    "timesteps_left": 2,
                    "zone_from": 12,
                    "zone_to": 61
                },
                {
                    "req_id": 733311572,
                    "timesteps_left": 2,
                    "zone_from": 12,
                    "zone_to": 61
                },
                {
                    "req_id": 19199201,
                    "timesteps_left": 2,
                    "zone_from": 18,
                    "zone_to": 54
                }
            ],
            "cars": []
        },
        {
            "t": 1,
            "reqs": [
                {
                    "req_id": 1784595647,
                    "timesteps_left": 1,
                    "zone_from": 49,
                    "zone_to": 51
                },
                {
                    "req_id": 2025061080,
                    "timesteps_left": 1,
                    "zone_from": 47,
                    "zone_to": 39
                },
                {
                    "req_id": 906591889,
                    "timesteps_left": 1,
                    "zone_from": 9,
                    "zone_to": 10
                },
                {
                    "req_id": 2134025225,
                    "timesteps_left": 1,
                    "zone_from": 48,
                    "zone_to": 14
                },
                {
                    "req_id": 936757521,
                    "timesteps_left": 1,
                    "zone_from": 12,
                    "zone_to": 61
                },
                {
                    "req_id": 733311572,
                    "timesteps_left": 1,
                    "zone_from": 12,
                    "zone_to": 61
                },
                {
                    "req_id": 1065184458,
                    "timesteps_left": 1,
                    "zone_from": 36,
                    "zone_to": 52
                },
                {
                    "req_id": 735578873,
                    "timesteps_left": 1,
                    "zone_from": 53,
                    "zone_to": 52
                },
                {
                    "req_id": 19199201,
                    "timesteps_left": 1,
                    "zone_from": 18,
                    "zone_to": 54
                },
                {
                    "req_id": 75040474,
                    "timesteps_left": 1,
                    "zone_from": 39,
                    "zone_to": 39
                },
                {
                    "req_id": 948079804,
                    "timesteps_left": 2,
                    "zone_from": 8,
                    "zone_to": 42
                },
                {
                    "req_id": 1383817224,
                    "timesteps_left": 2,
                    "zone_from": 28,
                    "zone_to": 30
                },
                {
                    "req_id": 1627811151,
                    "timesteps_left": 2,
                    "zone_from": 37,
                    "zone_to": 13
                },
                {
                    "req_id": 2054549287,
                    "timesteps_left": 2,
                    "zone_from": 38,
                    "zone_to": 54
                },
                {
                    "req_id": 780810950,
                    "timesteps_left": 2,
                    "zone_from": 51,
                    "zone_to": 8
                },
                {
                    "req_id": 1911577108,
                    "timesteps_left": 2,
                    "zone_from": 16,
                    "zone_to": 28
                },
                {
                    "req_id": 1511162320,
                    "timesteps_left": 2,
                    "zone_from": 46,
                    "zone_to": 20
                },
                {
                    "req_id": 216108777,
                    "timesteps_left": 2,
                    "zone_from": 36,
                    "zone_to": 45
                },
                {
                    "req_id": 1141183462,
                    "timesteps_left": 2,
                    "zone_from": 8,
                    "zone_to": 10
                },
                {
                    "req_id": 253035861,
                    "timesteps_left": 2,
                    "zone_from": 8,
                    "zone_to": 29
                }
            ],
            "cars": []
        },
        {
            "t": 2,
            "reqs": [
                {
                    "req_id": 1784595647,
                    "timesteps_left": 0,
                    "zone_from": 49,
                    "zone_to": 51
                },
                {
                    "req_id": 2134025225,
                    "timesteps_left": 0,
                    "zone_from": 48,
                    "zone_to": 14
                },
                {
                    "req_id": 906591889,
                    "timesteps_left": 0,
                    "zone_from": 9,
                    "zone_to": 10
                },
                {
                    "req_id": 1141183462,
                    "timesteps_left": 1,
                    "zone_from": 8,
                    "zone_to": 10
                },
                {
                    "req_id": 936757521,
                    "timesteps_left": 0,
                    "zone_from": 12,
                    "zone_to": 61
                },
                {
                    "req_id": 733311572,
                    "timesteps_left": 0,
                    "zone_from": 12,
                    "zone_to": 61
                },
                {
                    "req_id": 1065184458,
                    "timesteps_left": 0,
                    "zone_from": 36,
                    "zone_to": 52
                },
                {
                    "req_id": 735578873,
                    "timesteps_left": 0,
                    "zone_from": 53,
                    "zone_to": 52
                },
                {
                    "req_id": 780810950,
                    "timesteps_left": 1,
                    "zone_from": 51,
                    "zone_to": 8
                },
                {
                    "req_id": 253035861,
                    "timesteps_left": 1,
                    "zone_from": 8,
                    "zone_to": 29
                },
                {
                    "req_id": 1627811151,
                    "timesteps_left": 1,
                    "zone_from": 37,
                    "zone_to": 13
                },
                {
                    "req_id": 1511162320,
                    "timesteps_left": 1,
                    "zone_from": 46,
                    "zone_to": 20
                },
                {
                    "req_id": 216108777,
                    "timesteps_left": 1,
                    "zone_from": 36,
                    "zone_to": 45
                },
                {
                    "req_id": 75040474,
                    "timesteps_left": 0,
                    "zone_from": 39,
                    "zone_to": 39
                },
                {
                    "req_id": 2025061080,
                    "timesteps_left": 0,
                    "zone_from": 47,
                    "zone_to": 39
                },
                {
                    "req_id": 19199201,
                    "timesteps_left": 0,
                    "zone_from": 18,
                    "zone_to": 54
                },
                {
                    "req_id": 1383817224,
                    "timesteps_left": 1,
                    "zone_from": 28,
                    "zone_to": 30
                },
                {
                    "req_id": 1911577108,
                    "timesteps_left": 1,
                    "zone_from": 16,
                    "zone_to": 28
                },
                {
                    "req_id": 2054549287,
                    "timesteps_left": 1,
                    "zone_from": 38,
                    "zone_to": 54
                },
                {
                    "req_id": 948079804,
                    "timesteps_left": 1,
                    "zone_from": 8,
                    "zone_to": 42
                },
                {
                    "req_id": 694734766,
                    "timesteps_left": 2,
                    "zone_from": 29,
                    "zone_to": 53
                },
                {
                    "req_id": 699615506,
                    "timesteps_left": 2,
                    "zone_from": 62,
                    "zone_to": 41
                },
                {
                    "req_id": 658846333,
                    "timesteps_left": 2,
                    "zone_from": 47,
                    "zone_to": 58
                },
                {
                    "req_id": 560113448,
                    "timesteps_left": 2,
                    "zone_from": 13,
                    "zone_to": 18
                },
                {
                    "req_id": 1025004940,
                    "timesteps_left": 2,
                    "zone_from": 13,
                    "zone_to": 20
                },
                {
                    "req_id": 1560663708,
                    "timesteps_left": 2,
                    "zone_from": 18,
                    "zone_to": 31
                },
                {
                    "req_id": 11215212,
                    "timesteps_left": 2,
                    "zone_from": 31,
                    "zone_to": 48
                },
                {
                    "req_id": 846316643,
                    "timesteps_left": 2,
                    "zone_from": 13,
                    "zone_to": 26
                },
                {
                    "req_id": 1794477278,
                    "timesteps_left": 2,
                    "zone_from": 10,
                    "zone_to": 27
                },
                {
                    "req_id": 171700295,
                    "timesteps_left": 2,
                    "zone_from": 45,
                    "zone_to": 13
                }
            ],
            "cars": [
                {
                    "car_id": 1623317892,
                    "n_reqs": 2,
                    "reqs_in_car": [
                        1784595647,
                        560113448
                    ],
                    "path": [
                        49,
                        13,
                        18,
                        51
                    ],
                    "reward": 0.164706,
                    "icds": [
                        347,
                        0
                    ],
                    "dist_red": 1420.0
                },
                {
                    "car_id": 291133190,
                    "n_reqs": 2,
                    "reqs_in_car": [
                        906591889,
                        1141183462
                    ],
                    "path": [
                        9,
                        8,
                        10,
                        10
                    ],
                    "reward": 0.381602,
                    "icds": [
                        76,
                        0
                    ],
                    "dist_red": 1761.0
                },
                {
                    "car_id": 292515194,
                    "n_reqs": 2,
                    "reqs_in_car": [
                        936757521,
                        936757521
                    ],
                    "path": [
                        12,
                        12,
                        61,
                        61
                    ],
                    "reward": 0.5,
                    "icds": [
                        0,
                        0
                    ],
                    "dist_red": 2192.0
                },
                {
                    "car_id": 1478122875,
                    "n_reqs": 2,
                    "reqs_in_car": [
                        1065184458,
                        735578873
                    ],
                    "path": [
                        36,
                        53,
                        52,
                        52
                    ],
                    "reward": 0.366096,
                    "icds": [
                        0,
                        0
                    ],
                    "dist_red": 1502.0
                },
                {
                    "car_id": 624747001,
                    "n_reqs": 3,
                    "reqs_in_car": [
                        75040474,
                        2025061080,
                        658846333
                    ],
                    "path": [
                        47,
                        47,
                        39,
                        39,
                        39,
                        58
                    ],
                    "reward": 0.254862,
                    "icds": [
                        0,
                        0,
                        450
                    ],
                    "dist_red": 530.0
                },
                {
                    "car_id": 2115360201,
                    "n_reqs": 5,
                    "reqs_in_car": [
                        19199201,
                        2054549287,
                        846316643,
                        1560663708,
                        11215212
                    ],
                    "path": [
                        18,
                        18,
                        31,
                        48,
                        31,
                        13,
                        26,
                        38,
                        54,
                        54
                    ],
                    "reward": 0.495771,
                    "icds": [
                        3537,
                        0,
                        0,
                        0,
                        0
                    ],
                    "dist_red": 2250.0
                }
            ]
        },
        {
            "t": 3,
            "reqs": [
                {
                    "req_id": 1383817224,
                    "timesteps_left": 0,
                    "zone_from": 28,
                    "zone_to": 30
                },
                {
                    "req_id": 948079804,
                    "timesteps_left": 0,
                    "zone_from": 8,
                    "zone_to": 42
                },
                {
                    "req_id": 699615506,
                    "timesteps_left": 1,
                    "zone_from": 62,
                    "zone_to": 41
                },
                {
                    "req_id": 780810950,
                    "timesteps_left": 0,
                    "zone_from": 51,
                    "zone_to": 8
                },
                {
                    "req_id": 1911577108,
                    "timesteps_left": 0,
                    "zone_from": 16,
                    "zone_to": 28
                },
                {
                    "req_id": 253035861,
                    "timesteps_left": 0,
                    "zone_from": 8,
                    "zone_to": 29
                },
                {
                    "req_id": 694734766,
                    "timesteps_left": 1,
                    "zone_from": 29,
                    "zone_to": 53
                },
                {
                    "req_id": 1794477278,
                    "timesteps_left": 1,
                    "zone_from": 10,
                    "zone_to": 27
                },
                {
                    "req_id": 1627811151,
                    "timesteps_left": 0,
                    "zone_from": 37,
                    "zone_to": 13
                },
                {
                    "req_id": 216108777,
                    "timesteps_left": 0,
                    "zone_from": 36,
                    "zone_to": 45
                },
                {
                    "req_id": 171700295,
                    "timesteps_left": 1,
                    "zone_from": 45,
                    "zone_to": 13
                },
                {
                    "req_id": 1511162320,
                    "timesteps_left": 0,
                    "zone_from": 46,
                    "zone_to": 20
                },
                {
                    "req_id": 1025004940,
                    "timesteps_left": 1,
                    "zone_from": 13,
                    "zone_to": 20
                },
                {
                    "req_id": 1556984676,
                    "timesteps_left": 2,
                    "zone_from": 42,
                    "zone_to": 39
                },
                {
                    "req_id": 1221286649,
                    "timesteps_left": 2,
                    "zone_from": 32,
                    "zone_to": 47
                },
                {
                    "req_id": 1775696491,
                    "timesteps_left": 2,
                    "zone_from": 41,
                    "zone_to": 27
                },
                {
                    "req_id": 403409785,
                    "timesteps_left": 2,
                    "zone_from": 13,
                    "zone_to": 13
                },
                {
                    "req_id": 873299375,
                    "timesteps_left": 2,
                    "zone_from": 47,
                    "zone_to": 50
                },
                {
                    "req_id": 946567043,
                    "timesteps_left": 2,
                    "zone_from": 32,
                    "zone_to": 49
                },
                {
                    "req_id": 2091404159,
                    "timesteps_left": 2,
                    "zone_from": 58,
                    "zone_to": 59
                },
                {
                    "req_id": 984791864,
                    "timesteps_left": 2,
                    "zone_from": 7,
                    "zone_to": 29
                },
                {
                    "req_id": 609767100,
                    "timesteps_left": 2,
                    "zone_from": 9,
                    "zone_to": 32
                },
                {
                    "req_id": 1145556925,
                    "timesteps_left": 2,
                    "zone_from": 13,
                    "zone_to": 28
                }
            ],
            "cars": [
                {
                    "car_id": 1503374977,
                    "n_reqs": 3,
                    "reqs_in_car": [
                        1911577108,
                        1145556925,
                        403409785
                    ],
                    "path": [
                        16,
                        13,
                        13,
                        13,
                        28,
                        28
                    ],
                    "reward": 0.484205,
                    "icds": [
                        583,
                        0,
                        0
                    ],
                    "dist_red": 3804.0
                },
                {
                    "car_id": 1176176030,
                    "n_reqs": 5,
                    "reqs_in_car": [
                        694734766,
                        984791864,
                        253035861,
                        1383817224,
                        1221286649
                    ],
                    "path": [
                        7,
                        32,
                        47,
                        8,
                        29,
                        53,
                        28,
                        30,
                        29,
                        29
                    ],
                    "reward": 0.783515,
                    "icds": [
                        0,
                        892,
                        0,
                        0,
                        0
                    ],
                    "dist_red": 3980.0
                },
                {
                    "car_id": 1770025406,
                    "n_reqs": 5,
                    "reqs_in_car": [
                        1794477278,
                        1775696491,
                        1556984676,
                        948079804,
                        780810950
                    ],
                    "path": [
                        10,
                        51,
                        8,
                        8,
                        42,
                        42,
                        39,
                        41,
                        27,
                        27
                    ],
                    "reward": 0.666998,
                    "icds": [
                        2611,
                        0,
                        0,
                        0,
                        0
                    ],
                    "dist_red": 3547.0
                },
                {
                    "car_id": 1977653874,
                    "n_reqs": 5,
                    "reqs_in_car": [
                        1627811151,
                        216108777,
                        171700295,
                        1511162320,
                        1025004940
                    ],
                    "path": [
                        46,
                        37,
                        36,
                        45,
                        45,
                        13,
                        13,
                        13,
                        20,
                        20
                    ],
                    "reward": 1.12386,
                    "icds": [
                        612,
                        0,
                        0,
                        1373,
                        0
                    ],
                    "dist_red": 11052.0
                }
            ]
        },
        {
            "t": 4,
            "reqs": [
                {
                    "req_id": 699615506,
                    "timesteps_left": 0,
                    "zone_from": 62,
                    "zone_to": 41
                },
                {
                    "req_id": 873299375,
                    "timesteps_left": 1,
                    "zone_from": 47,
                    "zone_to": 50
                },
                {
                    "req_id": 2091404159,
                    "timesteps_left": 1,
                    "zone_from": 58,
                    "zone_to": 59
                },
                {
                    "req_id": 609767100,
                    "timesteps_left": 1,
                    "zone_from": 9,
                    "zone_to": 32
                },
                {
                    "req_id": 946567043,
                    "timesteps_left": 1,
                    "zone_from": 32,
                    "zone_to": 49
                },
                {
                    "req_id": 1210909777,
                    "timesteps_left": 2,
                    "zone_from": 51,
                    "zone_to": 52
                },
                {
                    "req_id": 1051524053,
                    "timesteps_left": 2,
                    "zone_from": 53,
                    "zone_to": 10
                },
                {
                    "req_id": 1274147742,
                    "timesteps_left": 2,
                    "zone_from": 42,
                    "zone_to": 58
                },
                {
                    "req_id": 340698115,
                    "timesteps_left": 2,
                    "zone_from": 18,
                    "zone_to": 51
                },
                {
                    "req_id": 2094587219,
                    "timesteps_left": 2,
                    "zone_from": 42,
                    "zone_to": 18
                },
                {
                    "req_id": 1813190224,
                    "timesteps_left": 2,
                    "zone_from": 13,
                    "zone_to": 59
                },
                {
                    "req_id": 724593290,
                    "timesteps_left": 2,
                    "zone_from": 46,
                    "zone_to": 28
                },
                {
                    "req_id": 929067816,
                    "timesteps_left": 2,
                    "zone_from": 16,
                    "zone_to": 13
                },
                {
                    "req_id": 1169481749,
                    "timesteps_left": 2,
                    "zone_from": 12,
                    "zone_to": 58
                },
                {
                    "req_id": 1515249706,
                    "timesteps_left": 2,
                    "zone_from": 51,
                    "zone_to": 10
                }
            ],
            "cars": [
                {
                    "car_id": 1057699475,
                    "n_reqs": 5,
                    "reqs_in_car": [
                        699615506,
                        1169481749,
                        1274147742,
                        340698115,
                        2091404159
                    ],
                    "path": [
                        12,
                        62,
                        41,
                        58,
                        59,
                        18,
                        51,
                        42,
                        58,
                        58
                    ],
                    "reward": 0.572265,
                    "icds": [
                        0,
                        617,
                        0,
                        0,
                        0
                    ],
                    "dist_red": 640.0
                }
            ]
        },
        {
            "t": 5,
            "reqs": [
                {
                    "req_id": 1051524053,
                    "timesteps_left": 1,
                    "zone_from": 53,
                    "zone_to": 10
                },
                {
                    "req_id": 1813190224,
                    "timesteps_left": 1,
                    "zone_from": 13,
                    "zone_to": 59
                },
                {
                    "req_id": 1210909777,
                    "timesteps_left": 1,
                    "zone_from": 51,
                    "zone_to": 52
                },
                {
                    "req_id": 1515249706,
                    "timesteps_left": 1,
                    "zone_from": 51,
                    "zone_to": 10
                },
                {
                    "req_id": 873299375,
                    "timesteps_left": 0,
                    "zone_from": 47,
                    "zone_to": 50
                },
                {
                    "req_id": 724593290,
                    "timesteps_left": 1,
                    "zone_from": 46,
                    "zone_to": 28
                },
                {
                    "req_id": 609767100,
                    "timesteps_left": 0,
                    "zone_from": 9,
                    "zone_to": 32
                },
                {
                    "req_id": 2094587219,
                    "timesteps_left": 1,
                    "zone_from": 42,
                    "zone_to": 18
                },
                {
                    "req_id": 929067816,
                    "timesteps_left": 1,
                    "zone_from": 16,
                    "zone_to": 13
                },
                {
                    "req_id": 946567043,
                    "timesteps_left": 0,
                    "zone_from": 32,
                    "zone_to": 49
                },
                {
                    "req_id": 191336266,
                    "timesteps_left": 2,
                    "zone_from": 32,
                    "zone_to": 44
                },
                {
                    "req_id": 1857843180,
                    "timesteps_left": 2,
                    "zone_from": 39,
                    "zone_to": 9
                },
                {
                    "req_id": 721771527,
                    "timesteps_left": 2,
                    "zone_from": 59,
                    "zone_to": 47
                },
                {
                    "req_id": 2147015944,
                    "timesteps_left": 2,
                    "zone_from": 47,
                    "zone_to": 46
                },
                {
                    "req_id": 1181383597,
                    "timesteps_left": 2,
                    "zone_from": 10,
                    "zone_to": 53
                },
                {
                    "req_id": 851668907,
                    "timesteps_left": 2,
                    "zone_from": 35,
                    "zone_to": 59
                },
                {
                    "req_id": 1687476382,
                    "timesteps_left": 2,
                    "zone_from": 20,
                    "zone_to": 16
                },
                {
                    "req_id": 37593544,
                    "timesteps_left": 2,
                    "zone_from": 61,
                    "zone_to": 62
                },
                {
                    "req_id": 2060657555,
                    "timesteps_left": 2,
                    "zone_from": 32,
                    "zone_to": 18
                },
                {
                    "req_id": 608012756,
                    "timesteps_left": 2,
                    "zone_from": 47,
                    "zone_to": 61
                }
            ],
            "cars": [
                {
                    "car_id": 1998002857,
                    "n_reqs": 4,
                    "reqs_in_car": [
                        609767100,
                        2094587219,
                        929067816,
                        946567043
                    ],
                    "path": [
                        9,
                        42,
                        16,
                        18,
                        13,
                        32,
                        49,
                        32
                    ],
                    "reward": 0.38071,
                    "icds": [
                        971,
                        156,
                        25,
                        0
                    ],
                    "dist_red": 2055.0
                },
                {
                    "car_id": 1796260329,
                    "n_reqs": 5,
                    "reqs_in_car": [
                        1210909777,
                        724593290,
                        721771527,
                        873299375,
                        851668907
                    ],
                    "path": [
                        51,
                        35,
                        59,
                        59,
                        47,
                        47,
                        50,
                        46,
                        28,
                        52
                    ],
                    "reward": 0.772955,
                    "icds": [
                        2780,
                        0,
                        0,
                        0,
                        0
                    ],
                    "dist_red": 4833.0
                }
            ]
        },
        {
            "t": 6,
            "reqs": [
                {
                    "req_id": 1813190224,
                    "timesteps_left": 0,
                    "zone_from": 13,
                    "zone_to": 59
                },
                {
                    "req_id": 1857843180,
                    "timesteps_left": 1,
                    "zone_from": 39,
                    "zone_to": 9
                },
                {
                    "req_id": 1051524053,
                    "timesteps_left": 0,
                    "zone_from": 53,
                    "zone_to": 10
                },
                {
                    "req_id": 1515249706,
                    "timesteps_left": 0,
                    "zone_from": 51,
                    "zone_to": 10
                },
                {
                    "req_id": 1181383597,
                    "timesteps_left": 1,
                    "zone_from": 10,
                    "zone_to": 53
                },
                {
                    "req_id": 191336266,
                    "timesteps_left": 1,
                    "zone_from": 32,
                    "zone_to": 44
                },
                {
                    "req_id": 2060657555,
                    "timesteps_left": 1,
                    "zone_from": 32,
                    "zone_to": 18
                },
                {
                    "req_id": 1687476382,
                    "timesteps_left": 1,
                    "zone_from": 20,
                    "zone_to": 16
                },
                {
                    "req_id": 2147015944,
                    "timesteps_left": 1,
                    "zone_from": 47,
                    "zone_to": 46
                },
                {
                    "req_id": 608012756,
                    "timesteps_left": 1,
                    "zone_from": 47,
                    "zone_to": 61
                },
                {
                    "req_id": 37593544,
                    "timesteps_left": 1,
                    "zone_from": 61,
                    "zone_to": 62
                },
                {
                    "req_id": 1896734885,
                    "timesteps_left": 2,
                    "zone_from": 46,
                    "zone_to": 18
                },
                {
                    "req_id": 666720735,
                    "timesteps_left": 2,
                    "zone_from": 48,
                    "zone_to": 13
                },
                {
                    "req_id": 2107789622,
                    "timesteps_left": 2,
                    "zone_from": 62,
                    "zone_to": 50
                },
                {
                    "req_id": 986178712,
                    "timesteps_left": 2,
                    "zone_from": 59,
                    "zone_to": 41
                },
                {
                    "req_id": 678977687,
                    "timesteps_left": 2,
                    "zone_from": 39,
                    "zone_to": 39
                },
                {
                    "req_id": 2093085306,
                    "timesteps_left": 2,
                    "zone_from": 26,
                    "zone_to": 13
                },
                {
                    "req_id": 583465188,
                    "timesteps_left": 2,
                    "zone_from": 37,
                    "zone_to": 32
                },
                {
                    "req_id": 1400700616,
                    "timesteps_left": 2,
                    "zone_from": 39,
                    "zone_to": 42
                },
                {
                    "req_id": 1802897251,
                    "timesteps_left": 2,
                    "zone_from": 16,
                    "zone_to": 26
                },
                {
                    "req_id": 1484915249,
                    "timesteps_left": 2,
                    "zone_from": 41,
                    "zone_to": 6
                }
            ],
            "cars": [
                {
                    "car_id": 1253739428,
                    "n_reqs": 5,
                    "reqs_in_car": [
                        1051524053,
                        1515249706,
                        583465188,
                        2060657555,
                        1896734885
                    ],
                    "path": [
                        53,
                        46,
                        37,
                        32,
                        32,
                        18,
                        18,
                        51,
                        10,
                        10
                    ],
                    "reward": 0.452854,
                    "icds": [
                        2522,
                        0,
                        0,
                        0,
                        1325
                    ],
                    "dist_red": 5874.0
                }
            ]
        },
        {
            "t": 7,
            "reqs": [
                {
                    "req_id": 2107789622,
                    "timesteps_left": 1,
                    "zone_from": 62,
                    "zone_to": 50
                },
                {
                    "req_id": 1857843180,
                    "timesteps_left": 0,
                    "zone_from": 39,
                    "zone_to": 9
                },
                {
                    "req_id": 678977687,
                    "timesteps_left": 1,
                    "zone_from": 39,
                    "zone_to": 39
                },
                {
                    "req_id": 1400700616,
                    "timesteps_left": 1,
                    "zone_from": 39,
                    "zone_to": 42
                },
                {
                    "req_id": 1181383597,
                    "timesteps_left": 0,
                    "zone_from": 10,
                    "zone_to": 53
                },
                {
                    "req_id": 1484915249,
                    "timesteps_left": 1,
                    "zone_from": 41,
                    "zone_to": 6
                },
                {
                    "req_id": 986178712,
                    "timesteps_left": 1,
                    "zone_from": 59,
                    "zone_to": 41
                },
                {
                    "req_id": 2147015944,
                    "timesteps_left": 0,
                    "zone_from": 47,
                    "zone_to": 46
                },
                {
                    "req_id": 608012756,
                    "timesteps_left": 0,
                    "zone_from": 47,
                    "zone_to": 61
                },
                {
                    "req_id": 37593544,
                    "timesteps_left": 0,
                    "zone_from": 61,
                    "zone_to": 62
                },
                {
                    "req_id": 1687476382,
                    "timesteps_left": 0,
                    "zone_from": 20,
                    "zone_to": 16
                },
                {
                    "req_id": 666720735,
                    "timesteps_left": 1,
                    "zone_from": 48,
                    "zone_to": 13
                },
                {
                    "req_id": 2093085306,
                    "timesteps_left": 1,
                    "zone_from": 26,
                    "zone_to": 13
                },
                {
                    "req_id": 1802897251,
                    "timesteps_left": 1,
                    "zone_from": 16,
                    "zone_to": 26
                },
                {
                    "req_id": 191336266,
                    "timesteps_left": 0,
                    "zone_from": 32,
                    "zone_to": 44
                },
                {
                    "req_id": 1313479907,
                    "timesteps_left": 2,
                    "zone_from": 13,
                    "zone_to": 13
                },
                {
                    "req_id": 1980936593,
                    "timesteps_left": 2,
                    "zone_from": 28,
                    "zone_to": 18
                },
                {
                    "req_id": 2130798898,
                    "timesteps_left": 2,
                    "zone_from": 12,
                    "zone_to": 55
                },
                {
                    "req_id": 1070577233,
                    "timesteps_left": 2,
                    "zone_from": 53,
                    "zone_to": 52
                },
                {
                    "req_id": 1959079334,
                    "timesteps_left": 2,
                    "zone_from": 41,
                    "zone_to": 37
                },
                {
                    "req_id": 506393864,
                    "timesteps_left": 2,
                    "zone_from": 32,
                    "zone_to": 16
                },
                {
                    "req_id": 170510478,
                    "timesteps_left": 2,
                    "zone_from": 8,
                    "zone_to": 8
                },
                {
                    "req_id": 1277632072,
                    "timesteps_left": 2,
                    "zone_from": 54,
                    "zone_to": 55
                },
                {
                    "req_id": 748955927,
                    "timesteps_left": 2,
                    "zone_from": 17,
                    "zone_to": 51
                },
                {
                    "req_id": 1387397460,
                    "timesteps_left": 2,
                    "zone_from": 42,
                    "zone_to": 6
                }
            ],
            "cars": [
                {
                    "car_id": 959343546,
                    "n_reqs": 3,
                    "reqs_in_car": [
                        1687476382,
                        506393864,
                        191336266
                    ],
                    "path": [
                        32,
                        32,
                        44,
                        20,
                        16,
                        16
                    ],
                    "reward": 0.529572,
                    "icds": [
                        0,
                        632,
                        0
                    ],
                    "dist_red": 3181.0
                },
                {
                    "car_id": 2050015133,
                    "n_reqs": 4,
                    "reqs_in_car": [
                        2147015944,
                        608012756,
                        37593544,
                        1070577233
                    ],
                    "path": [
                        47,
                        47,
                        46,
                        53,
                        52,
                        61,
                        62,
                        61
                    ],
                    "reward": 0.572572,
                    "icds": [
                        0,
                        904,
                        0,
                        0
                    ],
                    "dist_red": 2272.0
                },
                {
                    "car_id": 2081870114,
                    "n_reqs": 5,
                    "reqs_in_car": [
                        1181383597,
                        1387397460,
                        1400700616,
                        1857843180,
                        170510478
                    ],
                    "path": [
                        10,
                        39,
                        39,
                        42,
                        42,
                        9,
                        8,
                        8,
                        6,
                        53
                    ],
                    "reward": 0.691957,
                    "icds": [
                        1288,
                        427,
                        0,
                        298,
                        0
                    ],
                    "dist_red": 4314.0
                }
            ]
        },
        {
            "t": 8,
            "reqs": [
                {
                    "req_id": 2107789622,
                    "timesteps_left": 0,
                    "zone_from": 62,
                    "zone_to": 50
                },
                {
                    "req_id": 1980936593,
                    "timesteps_left": 1,
                    "zone_from": 28,
                    "zone_to": 18
                },
                {
                    "req_id": 678977687,
                    "timesteps_left": 0,
                    "zone_from": 39,
                    "zone_to": 39
                },
                {
                    "req_id": 748955927,
                    "timesteps_left": 1,
                    "zone_from": 17,
                    "zone_to": 51
                },
                {
                    "req_id": 1484915249,
                    "timesteps_left": 0,
                    "zone_from": 41,
                    "zone_to": 6
                },
                {
                    "req_id": 1959079334,
                    "timesteps_left": 1,
                    "zone_from": 41,
                    "zone_to": 37
                },
                {
                    "req_id": 2130798898,
                    "timesteps_left": 1,
                    "zone_from": 12,
                    "zone_to": 55
                },
                {
                    "req_id": 1277632072,
                    "timesteps_left": 1,
                    "zone_from": 54,
                    "zone_to": 55
                },
                {
                    "req_id": 666720735,
                    "timesteps_left": 0,
                    "zone_from": 48,
                    "zone_to": 13
                },
                {
                    "req_id": 1313479907,
                    "timesteps_left": 1,
                    "zone_from": 13,
                    "zone_to": 13
                },
                {
                    "req_id": 986178712,
                    "timesteps_left": 0,
                    "zone_from": 59,
                    "zone_to": 41
                },
                {
                    "req_id": 1802897251,
                    "timesteps_left": 0,
                    "zone_from": 16,
                    "zone_to": 26
                },
                {
                    "req_id": 2093085306,
                    "timesteps_left": 0,
                    "zone_from": 26,
                    "zone_to": 13
                },
                {
                    "req_id": 2101088555,
                    "timesteps_left": 2,
                    "zone_from": 18,
                    "zone_to": 20
                },
                {
                    "req_id": 13450714,
                    "timesteps_left": 2,
                    "zone_from": 58,
                    "zone_to": 2
                },
                {
                    "req_id": 810815662,
                    "timesteps_left": 2,
                    "zone_from": 8,
                    "zone_to": 8
                },
                {
                    "req_id": 1925165368,
                    "timesteps_left": 2,
                    "zone_from": 9,
                    "zone_to": 34
                },
                {
                    "req_id": 1065767522,
                    "timesteps_left": 2,
                    "zone_from": 16,
                    "zone_to": 53
                },
                {
                    "req_id": 1047898326,
                    "timesteps_left": 2,
                    "zone_from": 8,
                    "zone_to": 55
                },
                {
                    "req_id": 237306496,
                    "timesteps_left": 2,
                    "zone_from": 42,
                    "zone_to": 13
                },
                {
                    "req_id": 1888545249,
                    "timesteps_left": 2,
                    "zone_from": 51,
                    "zone_to": 55
                },
                {
                    "req_id": 1492699352,
                    "timesteps_left": 2,
                    "zone_from": 32,
                    "zone_to": 3
                },
                {
                    "req_id": 1247160474,
                    "timesteps_left": 2,
                    "zone_from": 54,
                    "zone_to": 34
                }
            ],
            "cars": [
                {
                    "car_id": 1200848489,
                    "n_reqs": 4,
                    "reqs_in_car": [
                        1484915249,
                        1959079334,
                        1065767522,
                        1802897251
                    ],
                    "path": [
                        16,
                        16,
                        26,
                        41,
                        41,
                        37,
                        6,
                        53
                    ],
                    "reward": 0.765555,
                    "icds": [
                        131,
                        0,
                        837,
                        0
                    ],
                    "dist_red": 4192.0
                },
                {
                    "car_id": 1463038181,
                    "n_reqs": 5,
                    "reqs_in_car": [
                        2093085306,
                        237306496,
                        666720735,
                        678977687,
                        986178712
                    ],
                    "path": [
                        48,
                        59,
                        42,
                        39,
                        39,
                        41,
                        26,
                        13,
                        13,
                        13
                    ],
                    "reward": 0.582318,
                    "icds": [
                        0,
                        780,
                        2341,
                        0,
                        566
                    ],
                    "dist_red": 7013.0
                }
            ]
        },
        {
            "t": 9,
            "reqs": [
                {
                    "req_id": 1980936593,
                    "timesteps_left": 0,
                    "zone_from": 28,
                    "zone_to": 18
                },
                {
                    "req_id": 13450714,
                    "timesteps_left": 1,
                    "zone_from": 58,
                    "zone_to": 2
                },
                {
                    "req_id": 2130798898,
                    "timesteps_left": 0,
                    "zone_from": 12,
                    "zone_to": 55
                },
                {
                    "req_id": 1277632072,
                    "timesteps_left": 0,
                    "zone_from": 54,
                    "zone_to": 55
                },
                {
                    "req_id": 810815662,
                    "timesteps_left": 1,
                    "zone_from": 8,
                    "zone_to": 8
                },
                {
                    "req_id": 1047898326,
                    "timesteps_left": 1,
                    "zone_from": 8,
                    "zone_to": 55
                },
                {
                    "req_id": 1925165368,
                    "timesteps_left": 1,
                    "zone_from": 9,
                    "zone_to": 34
                },
                {
                    "req_id": 1247160474,
                    "timesteps_left": 1,
                    "zone_from": 54,
                    "zone_to": 34
                },
                {
                    "req_id": 1313479907,
                    "timesteps_left": 0,
                    "zone_from": 13,
                    "zone_to": 13
                },
                {
                    "req_id": 1492699352,
                    "timesteps_left": 1,
                    "zone_from": 32,
                    "zone_to": 3
                },
                {
                    "req_id": 1888545249,
                    "timesteps_left": 1,
                    "zone_from": 51,
                    "zone_to": 55
                },
                {
                    "req_id": 748955927,
                    "timesteps_left": 0,
                    "zone_from": 17,
                    "zone_to": 51
                },
                {
                    "req_id": 2101088555,
                    "timesteps_left": 1,
                    "zone_from": 18,
                    "zone_to": 20
                },
                {
                    "req_id": 1150360118,
                    "timesteps_left": 2,
                    "zone_from": 2,
                    "zone_to": 5
                },
                {
                    "req_id": 1963098859,
                    "timesteps_left": 2,
                    "zone_from": 28,
                    "zone_to": 29
                },
                {
                    "req_id": 2124129888,
                    "timesteps_left": 2,
                    "zone_from": 6,
                    "zone_to": 33
                },
                {
                    "req_id": 582276392,
                    "timesteps_left": 2,
                    "zone_from": 36,
                    "zone_to": 19
                },
                {
                    "req_id": 1914268248,
                    "timesteps_left": 2,
                    "zone_from": 55,
                    "zone_to": 54
                },
                {
                    "req_id": 967417803,
                    "timesteps_left": 2,
                    "zone_from": 47,
                    "zone_to": 42
                },
                {
                    "req_id": 121567253,
                    "timesteps_left": 2,
                    "zone_from": 58,
                    "zone_to": 35
                },
                {
                    "req_id": 390093065,
                    "timesteps_left": 2,
                    "zone_from": 29,
                    "zone_to": 38
                },
                {
                    "req_id": 723663801,
                    "timesteps_left": 2,
                    "zone_from": 47,
                    "zone_to": 59
                },
                {
                    "req_id": 517692336,
                    "timesteps_left": 2,
                    "zone_from": 61,
                    "zone_to": 46
                }
            ],
            "cars": [
                {
                    "car_id": 116002998,
                    "n_reqs": 2,
                    "reqs_in_car": [
                        13450714,
                        121567253
                    ],
                    "path": [
                        58,
                        58,
                        35,
                        2
                    ],
                    "reward": 0.200627,
                    "icds": [
                        229,
                        0
                    ],
                    "dist_red": 1425.0
                },
                {
                    "car_id": 956162801,
                    "n_reqs": 2,
                    "reqs_in_car": [
                        967417803,
                        723663801
                    ],
                    "path": [
                        47,
                        47,
                        42,
                        59
                    ],
                    "reward": 0.363773,
                    "icds": [
                        0,
                        0
                    ],
                    "dist_red": 1376.0
                },
                {
                    "car_id": 646356207,
                    "n_reqs": 3,
                    "reqs_in_car": [
                        2130798898,
                        2124129888,
                        1277632072
                    ],
                    "path": [
                        12,
                        6,
                        33,
                        54,
                        55,
                        55
                    ],
                    "reward": 0.512601,
                    "icds": [
                        331,
                        0,
                        0
                    ],
                    "dist_red": 2104.0
                },
                {
                    "car_id": 855206400,
                    "n_reqs": 4,
                    "reqs_in_car": [
                        1980936593,
                        582276392,
                        1963098859,
                        390093065
                    ],
                    "path": [
                        28,
                        28,
                        29,
                        29,
                        38,
                        36,
                        19,
                        18
                    ],
                    "reward": 0.457648,
                    "icds": [
                        1939,
                        0,
                        0,
                        0
                    ],
                    "dist_red": 2816.0
                },
                {
                    "car_id": 2006417109,
                    "n_reqs": 5,
                    "reqs_in_car": [
                        810815662,
                        1047898326,
                        1925165368,
                        1247160474,
                        1914268248
                    ],
                    "path": [
                        9,
                        8,
                        8,
                        8,
                        55,
                        55,
                        54,
                        54,
                        34,
                        34
                    ],
                    "reward": 1.03511,
                    "icds": [
                        0,
                        0,
                        1097,
                        0,
                        0
                    ],
                    "dist_red": 6685.0
                },
                {
                    "car_id": 1933628963,
                    "n_reqs": 5,
                    "reqs_in_car": [
                        1313479907,
                        1492699352,
                        1888545249,
                        748955927,
                        2101088555
                    ],
                    "path": [
                        32,
                        13,
                        13,
                        18,
                        20,
                        17,
                        51,
                        51,
                        55,
                        3
                    ],
                    "reward": 0.602999,
                    "icds": [
                        0,
                        3717,
                        0,
                        0,
                        0
                    ],
                    "dist_red": 4301.0
                }
            ]
        }
    ],
    "serv_rate": 95.0,
    "n_cars": 25,
    "avg_occ": 1.56,
    "dist_red": 85.119,
    "dist_red_perc": 4,
    "trip_red": 70,
    "trip_red_perc": 14,
    "kg_co2_red": 11,
    "icd_mean": 69
}