{
    "timesteps": [
        {
            "t": 0,
            "reqs": [
                {
                    "req_id": 1726163258,
                    "timesteps_left": 5,
                    "zone_from": 20,
                    "zone_to": 59
                },
                {
                    "req_id": 1907134387,
                    "timesteps_left": 5,
                    "zone_from": 52,
                    "zone_to": 28
                },
                {
                    "req_id": 866060362,
                    "timesteps_left": 5,
                    "zone_from": 32,
                    "zone_to": 3
                },
                {
                    "req_id": 1895129637,
                    "timesteps_left": 5,
                    "zone_from": 39,
                    "zone_to": 20
                }
            ],
            "cars": []
        },
        {
            "t": 1,
            "reqs": [
                {
                    "req_id": 1907134387,
                    "timesteps_left": 4,
                    "zone_from": 52,
                    "zone_to": 28
                },
                {
                    "req_id": 1895129637,
                    "timesteps_left": 4,
                    "zone_from": 39,
                    "zone_to": 20
                },
                {
                    "req_id": 1726163258,
                    "timesteps_left": 4,
                    "zone_from": 20,
                    "zone_to": 59
                },
                {
                    "req_id": 866060362,
                    "timesteps_left": 4,
                    "zone_from": 32,
                    "zone_to": 3
                },
                {
                    "req_id": 1271064830,
                    "timesteps_left": 5,
                    "zone_from": 26,
                    "zone_to": 19
                },
                {
                    "req_id": 1404235687,
                    "timesteps_left": 5,
                    "zone_from": 41,
                    "zone_to": 50
                },
                {
                    "req_id": 449893353,
                    "timesteps_left": 5,
                    "zone_from": 59,
                    "zone_to": 10
                },
                {
                    "req_id": 1512363884,
                    "timesteps_left": 5,
                    "zone_from": 8,
                    "zone_to": 55
                }
            ],
            "cars": []
        },
        {
            "t": 2,
            "reqs": [
                {
                    "req_id": 1907134387,
                    "timesteps_left": 3,
                    "zone_from": 52,
                    "zone_to": 28
                },
                {
                    "req_id": 1404235687,
                    "timesteps_left": 4,
                    "zone_from": 41,
                    "zone_to": 50
                },
                {
                    "req_id": 1895129637,
                    "timesteps_left": 3,
                    "zone_from": 39,
                    "zone_to": 20
                },
                {
                    "req_id": 1271064830,
                    "timesteps_left": 4,
                    "zone_from": 26,
                    "zone_to": 19
                },
                {
                    "req_id": 866060362,
                    "timesteps_left": 3,
                    "zone_from": 32,
                    "zone_to": 3
                },
                {
                    "req_id": 1512363884,
                    "timesteps_left": 4,
                    "zone_from": 8,
                    "zone_to": 55
                },
                {
                    "req_id": 449893353,
                    "timesteps_left": 4,
                    "zone_from": 59,
                    "zone_to": 10
                },
                {
                    "req_id": 1726163258,
                    "timesteps_left": 3,
                    "zone_from": 20,
                    "zone_to": 59
                },
                {
                    "req_id": 241746080,
                    "timesteps_left": 5,
                    "zone_from": 14,
                    "zone_to": 35
                },
                {
                    "req_id": 1038493199,
                    "timesteps_left": 5,
                    "zone_from": 27,
                    "zone_to": 62
                },
                {
                    "req_id": 1350890558,
                    "timesteps_left": 5,
                    "zone_from": 29,
                    "zone_to": 55
                },
                {
                    "req_id": 360518810,
                    "timesteps_left": 5,
                    "zone_from": 44,
                    "zone_to": 53
                }
            ],
            "cars": []
        },
        {
            "t": 3,
            "reqs": [
                {
                    "req_id": 1895129637,
                    "timesteps_left": 2,
                    "zone_from": 39,
                    "zone_to": 20
                },
                {
                    "req_id": 1271064830,
                    "timesteps_left": 3,
                    "zone_from": 26,
                    "zone_to": 19
                },
                {
                    "req_id": 1512363884,
                    "timesteps_left": 3,
                    "zone_from": 8,
                    "zone_to": 55
                },
                {
                    "req_id": 1350890558,
                    "timesteps_left": 4,
                    "zone_from": 29,
                    "zone_to": 55
                },
                {
                    "req_id": 1726163258,
                    "timesteps_left": 2,
                    "zone_from": 20,
                    "zone_to": 59
                },
                {
                    "req_id": 241746080,
                    "timesteps_left": 4,
                    "zone_from": 14,
                    "zone_to": 35
                },
                {
                    "req_id": 449893353,
                    "timesteps_left": 3,
                    "zone_from": 59,
                    "zone_to": 10
                },
                {
                    "req_id": 866060362,
                    "timesteps_left": 2,
                    "zone_from": 32,
                    "zone_to": 3
                },
                {
                    "req_id": 1038493199,
                    "timesteps_left": 4,
                    "zone_from": 27,
                    "zone_to": 62
                },
                {
                    "req_id": 360518810,
                    "timesteps_left": 4,
                    "zone_from": 44,
                    "zone_to": 53
                },
                {
                    "req_id": 1907134387,
                    "timesteps_left": 2,
                    "zone_from": 52,
                    "zone_to": 28
                },
                {
                    "req_id": 1404235687,
                    "timesteps_left": 3,
                    "zone_from": 41,
                    "zone_to": 50
                },
                {
                    "req_id": 1535070777,
                    "timesteps_left": 5,
                    "zone_from": 18,
                    "zone_to": 20
                },
                {
                    "req_id": 1624413894,
                    "timesteps_left": 5,
                    "zone_from": 29,
                    "zone_to": 42
                },
                {
                    "req_id": 491380750,
                    "timesteps_left": 5,
                    "zone_from": 51,
                    "zone_to": 14
                },
                {
                    "req_id": 592855616,
                    "timesteps_left": 5,
                    "zone_from": 41,
                    "zone_to": 47
                }
            ],
            "cars": []
        },
        {
            "t": 4,
            "reqs": [
                {
                    "req_id": 1624413894,
                    "timesteps_left": 4,
                    "zone_from": 29,
                    "zone_to": 42
                },
                {
                    "req_id": 491380750,
                    "timesteps_left": 4,
                    "zone_from": 51,
                    "zone_to": 14
                },
                {
                    "req_id": 1512363884,
                    "timesteps_left": 2,
                    "zone_from": 8,
                    "zone_to": 55
                },
                {
                    "req_id": 1350890558,
                    "timesteps_left": 3,
                    "zone_from": 29,
                    "zone_to": 55
                },
                {
                    "req_id": 1726163258,
                    "timesteps_left": 1,
                    "zone_from": 20,
                    "zone_to": 59
                },
                {
                    "req_id": 241746080,
                    "timesteps_left": 3,
                    "zone_from": 14,
                    "zone_to": 35
                },
                {
                    "req_id": 1404235687,
                    "timesteps_left": 2,
                    "zone_from": 41,
                    "zone_to": 50
                },
                {
                    "req_id": 592855616,
                    "timesteps_left": 4,
                    "zone_from": 41,
                    "zone_to": 47
                },
                {
                    "req_id": 1895129637,
                    "timesteps_left": 1,
                    "zone_from": 39,
                    "zone_to": 20
                },
                {
                    "req_id": 1535070777,
                    "timesteps_left": 4,
                    "zone_from": 18,
                    "zone_to": 20
                },
                {
                    "req_id": 1271064830,
                    "timesteps_left": 2,
                    "zone_from": 26,
                    "zone_to": 19
                },
                {
                    "req_id": 866060362,
                    "timesteps_left": 1,
                    "zone_from": 32,
                    "zone_to": 3
                },
                {
                    "req_id": 360518810,
                    "timesteps_left": 3,
                    "zone_from": 44,
                    "zone_to": 53
                },
                {
                    "req_id": 449893353,
                    "timesteps_left": 2,
                    "zone_from": 59,
                    "zone_to": 10
                },
                {
                    "req_id": 1038493199,
                    "timesteps_left": 3,
                    "zone_from": 27,
                    "zone_to": 62
                },
                {
                    "req_id": 1907134387,
                    "timesteps_left": 1,
                    "zone_from": 52,
                    "zone_to": 28
                },
                {
                    "req_id": 384172592,
                    "timesteps_left": 5,
                    "zone_from": 20,
                    "zone_to": 18
                },
                {
                    "req_id": 581638209,
                    "timesteps_left": 5,
                    "zone_from": 18,
                    "zone_to": 20
                },
                {
                    "req_id": 682115050,
                    "timesteps_left": 5,
                    "zone_from": 26,
                    "zone_to": 51
                },
                {
                    "req_id": 1763319739,
                    "timesteps_left": 5,
                    "zone_from": 52,
                    "zone_to": 8
                }
            ],
            "cars": []
        },
        {
            "t": 5,
            "reqs": [
                {
                    "req_id": 1624413894,
                    "timesteps_left": 3,
                    "zone_from": 29,
                    "zone_to": 42
                },
                {
                    "req_id": 491380750,
                    "timesteps_left": 3,
                    "zone_from": 51,
                    "zone_to": 14
                },
                {
                    "req_id": 1512363884,
                    "timesteps_left": 1,
                    "zone_from": 8,
                    "zone_to": 55
                },
                {
                    "req_id": 1350890558,
                    "timesteps_left": 2,
                    "zone_from": 29,
                    "zone_to": 55
                },
                {
                    "req_id": 241746080,
                    "timesteps_left": 2,
                    "zone_from": 14,
                    "zone_to": 35
                },
                {
                    "req_id": 449893353,
                    "timesteps_left": 1,
                    "zone_from": 59,
                    "zone_to": 10
                },
                {
                    "req_id": 1726163258,
                    "timesteps_left": 0,
                    "zone_from": 20,
                    "zone_to": 59
                },
                {
                    "req_id": 1907134387,
                    "timesteps_left": 0,
                    "zone_from": 52,
                    "zone_to": 28
                },
                {
                    "req_id": 1763319739,
                    "timesteps_left": 4,
                    "zone_from": 52,
                    "zone_to": 8
                },
                {
                    "req_id": 592855616,
                    "timesteps_left": 3,
                    "zone_from": 41,
                    "zone_to": 47
                },
                {
                    "req_id": 866060362,
                    "timesteps_left": 0,
                    "zone_from": 32,
                    "zone_to": 3
                },
                {
                    "req_id": 360518810,
                    "timesteps_left": 2,
                    "zone_from": 44,
                    "zone_to": 53
                },
                {
                    "req_id": 1404235687,
                    "timesteps_left": 1,
                    "zone_from": 41,
                    "zone_to": 50
                },
                {
                    "req_id": 384172592,
                    "timesteps_left": 4,
                    "zone_from": 20,
                    "zone_to": 18
                },
                {
                    "req_id": 1038493199,
                    "timesteps_left": 2,
                    "zone_from": 27,
                    "zone_to": 62
                },
                {
                    "req_id": 1535070777,
                    "timesteps_left": 3,
                    "zone_from": 18,
                    "zone_to": 20
                },
                {
                    "req_id": 581638209,
                    "timesteps_left": 4,
                    "zone_from": 18,
                    "zone_to": 20
                },
                {
                    "req_id": 1895129637,
                    "timesteps_left": 0,
                    "zone_from": 39,
                    "zone_to": 20
                },
                {
                    "req_id": 1271064830,
                    "timesteps_left": 1,
                    "zone_from": 26,
                    "zone_to": 19
                },
                {
                    "req_id": 682115050,
                    "timesteps_left": 4,
                    "zone_from": 26,
                    "zone_to": 51
                },
                {
                    "req_id": 1883038282,
                    "timesteps_left": 5,
                    "zone_from": 29,
                    "zone_to": 47
                },
                {
                    "req_id": 751946474,
                    "timesteps_left": 5,
                    "zone_from": 13,
                    "zone_to": 41
                },
                {
                    "req_id": 1220511402,
                    "timesteps_left": 5,
                    "zone_from": 59,
                    "zone_to": 13
                },
                {
                    "req_id": 1517510102,
                    "timesteps_left": 5,
                    "zone_from": 30,
                    "zone_to": 55
                }
            ],
            "cars": [
                {
                    "car_id": 1095108908,
                    "n_reqs": 4,
                    "reqs_in_car": [
                        1907134387,
                        1763319739,
                        592855616,
                        1404235687
                    ],
                    "path": [
                        52,
                        52,
                        28,
                        41,
                        41,
                        50,
                        47,
                        8
                    ],
                    "reward": 0.79026,
                    "icds": [
                        0,
                        1437,
                        229,
                        0
                    ],
                    "dist_red": 1166.0
                },
                {
                    "car_id": 1120930147,
                    "n_reqs": 5,
                    "reqs_in_car": [
                        1512363884,
                        866060362,
                        241746080,
                        449893353,
                        491380750
                    ],
                    "path": [
                        32,
                        51,
                        14,
                        14,
                        59,
                        35,
                        10,
                        8,
                        55,
                        3
                    ],
                    "reward": 1.16153,
                    "icds": [
                        0,
                        4366,
                        344,
                        178,
                        0
                    ],
                    "dist_red": 5288.0
                },
                {
                    "car_id": 143225807,
                    "n_reqs": 5,
                    "reqs_in_car": [
                        360518810,
                        384172592,
                        751946474,
                        1220511402,
                        1726163258
                    ],
                    "path": [
                        44,
                        20,
                        20,
                        59,
                        59,
                        13,
                        13,
                        18,
                        41,
                        53
                    ],
                    "reward": 1.50983,
                    "icds": [
                        1719,
                        1289,
                        0,
                        0,
                        0
                    ],
                    "dist_red": 5271.0
                },
                {
                    "car_id": 2119077402,
                    "n_reqs": 5,
                    "reqs_in_car": [
                        1535070777,
                        1535070777,
                        1895129637,
                        682115050,
                        1271064830
                    ],
                    "path": [
                        39,
                        26,
                        26,
                        18,
                        18,
                        51,
                        19,
                        20,
                        20,
                        20
                    ],
                    "reward": 1.72605,
                    "icds": [
                        419,
                        419,
                        921,
                        125,
                        316
                    ],
                    "dist_red": 5013.0
                }
            ]
        },
        {
            "t": 6,
            "reqs": [
                {
                    "req_id": 1038493199,
                    "timesteps_left": 1,
                    "zone_from": 27,
                    "zone_to": 62
                },
                {
                    "req_id": 1624413894,
                    "timesteps_left": 2,
                    "zone_from": 29,
                    "zone_to": 42
                },
                {
                    "req_id": 1883038282,
                    "timesteps_left": 4,
                    "zone_from": 29,
                    "zone_to": 47
                },
                {
                    "req_id": 1350890558,
                    "timesteps_left": 1,
                    "zone_from": 29,
                    "zone_to": 55
                },
                {
                    "req_id": 1517510102,
                    "timesteps_left": 4,
                    "zone_from": 30,
                    "zone_to": 55
                },
                {
                    "req_id": 544832940,
                    "timesteps_left": 5,
                    "zone_from": 13,
                    "zone_to": 28
                },
                {
                    "req_id": 1881857073,
                    "timesteps_left": 5,
                    "zone_from": 36,
                    "zone_to": 47
                },
                {
                    "req_id": 755608754,
                    "timesteps_left": 5,
                    "zone_from": 4,
                    "zone_to": 9
                },
                {
                    "req_id": 425845405,
                    "timesteps_left": 5,
                    "zone_from": 59,
                    "zone_to": 32
                }
            ],
            "cars": []
        },
        {
            "t": 7,
            "reqs": [
                {
                    "req_id": 755608754,
                    "timesteps_left": 4,
                    "zone_from": 4,
                    "zone_to": 9
                },
                {
                    "req_id": 425845405,
                    "timesteps_left": 4,
                    "zone_from": 59,
                    "zone_to": 32
                },
                {
                    "req_id": 1038493199,
                    "timesteps_left": 0,
                    "zone_from": 27,
                    "zone_to": 62
                },
                {
                    "req_id": 544832940,
                    "timesteps_left": 4,
                    "zone_from": 13,
                    "zone_to": 28
                },
                {
                    "req_id": 1350890558,
                    "timesteps_left": 0,
                    "zone_from": 29,
                    "zone_to": 55
                },
                {
                    "req_id": 1517510102,
                    "timesteps_left": 3,
                    "zone_from": 30,
                    "zone_to": 55
                },
                {
                    "req_id": 1624413894,
                    "timesteps_left": 1,
                    "zone_from": 29,
                    "zone_to": 42
                },
                {
                    "req_id": 1883038282,
                    "timesteps_left": 3,
                    "zone_from": 29,
                    "zone_to": 47
                },
                {
                    "req_id": 1881857073,
                    "timesteps_left": 4,
                    "zone_from": 36,
                    "zone_to": 47
                },
                {
                    "req_id": 745471997,
                    "timesteps_left": 5,
                    "zone_from": 17,
                    "zone_to": 44
                },
                {
                    "req_id": 1990511398,
                    "timesteps_left": 5,
                    "zone_from": 18,
                    "zone_to": 18
                },
                {
                    "req_id": 1244475919,
                    "timesteps_left": 5,
                    "zone_from": 18,
                    "zone_to": 46
                },
                {
                    "req_id": 1557006447,
                    "timesteps_left": 5,
                    "zone_from": 53,
                    "zone_to": 61
                }
            ],
            "cars": [
                {
                    "car_id": 237216011,
                    "n_reqs": 2,
                    "reqs_in_car": [
                        1038493199,
                        1557006447
                    ],
                    "path": [
                        53,
                        27,
                        62,
                        61
                    ],
                    "reward": 0.295106,
                    "icds": [
                        0,
                        501
                    ],
                    "dist_red": 745.0
                },
                {
                    "car_id": 1725041646,
                    "n_reqs": 2,
                    "reqs_in_car": [
                        1350890558,
                        1517510102
                    ],
                    "path": [
                        29,
                        30,
                        55,
                        55
                    ],
                    "reward": 0.479883,
                    "icds": [
                        160,
                        0
                    ],
                    "dist_red": 825.0
                }
            ]
        },
        {
            "t": 8,
            "reqs": [
                {
                    "req_id": 755608754,
                    "timesteps_left": 3,
                    "zone_from": 4,
                    "zone_to": 9
                },
                {
                    "req_id": 425845405,
                    "timesteps_left": 3,
                    "zone_from": 59,
                    "zone_to": 32
                },
                {
                    "req_id": 745471997,
                    "timesteps_left": 4,
                    "zone_from": 17,
                    "zone_to": 44
                },
                {
                    "req_id": 544832940,
                    "timesteps_left": 3,
                    "zone_from": 13,
                    "zone_to": 28
                },
                {
                    "req_id": 1244475919,
                    "timesteps_left": 4,
                    "zone_from": 18,
                    "zone_to": 46
                },
                {
                    "req_id": 1990511398,
                    "timesteps_left": 4,
                    "zone_from": 18,
                    "zone_to": 18
                },
                {
                    "req_id": 1883038282,
                    "timesteps_left": 2,
                    "zone_from": 29,
                    "zone_to": 47
                },
                {
                    "req_id": 1881857073,
                    "timesteps_left": 3,
                    "zone_from": 36,
                    "zone_to": 47
                },
                {
                    "req_id": 1624413894,
                    "timesteps_left": 0,
                    "zone_from": 29,
                    "zone_to": 42
                },
                {
                    "req_id": 1723447645,
                    "timesteps_left": 5,
                    "zone_from": 58,
                    "zone_to": 51
                },
                {
                    "req_id": 764140556,
                    "timesteps_left": 5,
                    "zone_from": 31,
                    "zone_to": 19
                },
                {
                    "req_id": 661953310,
                    "timesteps_left": 5,
                    "zone_from": 26,
                    "zone_to": 38
                },
                {
                    "req_id": 1691766782,
                    "timesteps_left": 5,
                    "zone_from": 20,
                    "zone_to": 32
                }
            ],
            "cars": [
                {
                    "car_id": 470920494,
                    "n_reqs": 3,
                    "reqs_in_car": [
                        1883038282,
                        1624413894,
                        1881857073
                    ],
                    "path": [
                        29,
                        29,
                        36,
                        47,
                        47,
                        42
                    ],
                    "reward": 0.943565,
                    "icds": [
                        12,
                        283,
                        0
                    ],
                    "dist_red": 2302.0
                }
            ]
        },
        {
            "t": 9,
            "reqs": [
                {
                    "req_id": 755608754,
                    "timesteps_left": 2,
                    "zone_from": 4,
                    "zone_to": 9
                },
                {
                    "req_id": 1244475919,
                    "timesteps_left": 3,
                    "zone_from": 18,
                    "zone_to": 46
                },
                {
                    "req_id": 1990511398,
                    "timesteps_left": 3,
                    "zone_from": 18,
                    "zone_to": 18
                },
                {
                    "req_id": 544832940,
                    "timesteps_left": 2,
                    "zone_from": 13,
                    "zone_to": 28
                },
                {
                    "req_id": 661953310,
                    "timesteps_left": 4,
                    "zone_from": 26,
                    "zone_to": 38
                },
                {
                    "req_id": 745471997,
                    "timesteps_left": 3,
                    "zone_from": 17,
                    "zone_to": 44
                },
                {
                    "req_id": 1723447645,
                    "timesteps_left": 4,
                    "zone_from": 58,
                    "zone_to": 51
                },
                {
                    "req_id": 425845405,
                    "timesteps_left": 2,
                    "zone_from": 59,
                    "zone_to": 32
                },
                {
                    "req_id": 1691766782,
                    "timesteps_left": 4,
                    "zone_from": 20,
                    "zone_to": 32
                },
                {
                    "req_id": 764140556,
                    "timesteps_left": 4,
                    "zone_from": 31,
                    "zone_to": 19
                },
                {
                    "req_id": 901354131,
                    "timesteps_left": 5,
                    "zone_from": 37,
                    "zone_to": 55
                },
                {
                    "req_id": 1562497522,
                    "timesteps_left": 5,
                    "zone_from": 59,
                    "zone_to": 13
                },
                {
                    "req_id": 28241650,
                    "timesteps_left": 5,
                    "zone_from": 18,
                    "zone_to": 13
                },
                {
                    "req_id": 1780415261,
                    "timesteps_left": 5,
                    "zone_from": 28,
                    "zone_to": 37
                }
            ],
            "cars": [
                {
                    "car_id": 2143798971,
                    "n_reqs": 2,
                    "reqs_in_car": [
                        745471997,
                        1723447645
                    ],
                    "path": [
                        17,
                        58,
                        51,
                        44
                    ],
                    "reward": 0.168891,
                    "icds": [
                        760,
                        0
                    ],
                    "dist_red": 126.0
                },
                {
                    "car_id": 1418947606,
                    "n_reqs": 3,
                    "reqs_in_car": [
                        755608754,
                        1780415261,
                        901354131
                    ],
                    "path": [
                        4,
                        28,
                        37,
                        37,
                        55,
                        9
                    ],
                    "reward": 0.362157,
                    "icds": [
                        2444,
                        0,
                        0
                    ],
                    "dist_red": 325.0
                },
                {
                    "car_id": 724736531,
                    "n_reqs": 4,
                    "reqs_in_car": [
                        425845405,
                        1691766782,
                        1562497522,
                        764140556
                    ],
                    "path": [
                        59,
                        59,
                        20,
                        32,
                        32,
                        31,
                        19,
                        13
                    ],
                    "reward": 0.980301,
                    "icds": [
                        178,
                        0,
                        2333,
                        0
                    ],
                    "dist_red": 2542.0
                },
                {
                    "car_id": 604997137,
                    "n_reqs": 5,
                    "reqs_in_car": [
                        1244475919,
                        661953310,
                        1990511398,
                        544832940,
                        28241650
                    ],
                    "path": [
                        18,
                        18,
                        18,
                        18,
                        13,
                        13,
                        26,
                        38,
                        28,
                        46
                    ],
                    "reward": 1.39703,
                    "icds": [
                        2512,
                        0,
                        0,
                        1210,
                        0
                    ],
                    "dist_red": 4574.0
                }
            ]
        }
    ],
    "serv_rate": 100.0,
    "n_cars": 11,
    "avg_occ": 2.0545454545454542,
    "dist_red": 28.177,
    "dist_red_perc": 7,
    "trip_red": 29,
    "trip_red_perc": 29,
    "kg_co2_red": 3,
    "icd_mean": 221
}