{
    "timesteps": [
        {
            "t": 0,
            "reqs": [
                {
                    "req_id": 648443879,
                    "timesteps_left": 5,
                    "zone_from": 20,
                    "zone_to": 31
                },
                {
                    "req_id": 196453417,
                    "timesteps_left": 5,
                    "zone_from": 13,
                    "zone_to": 41
                },
                {
                    "req_id": 874416609,
                    "timesteps_left": 5,
                    "zone_from": 59,
                    "zone_to": 10
                },
                {
                    "req_id": 1529177525,
                    "timesteps_left": 5,
                    "zone_from": 31,
                    "zone_to": 0
                }
            ],
            "cars": []
        },
        {
            "t": 1,
            "reqs": [
                {
                    "req_id": 648443879,
                    "timesteps_left": 4,
                    "zone_from": 20,
                    "zone_to": 31
                },
                {
                    "req_id": 196453417,
                    "timesteps_left": 4,
                    "zone_from": 13,
                    "zone_to": 41
                },
                {
                    "req_id": 874416609,
                    "timesteps_left": 4,
                    "zone_from": 59,
                    "zone_to": 10
                },
                {
                    "req_id": 1529177525,
                    "timesteps_left": 4,
                    "zone_from": 31,
                    "zone_to": 0
                },
                {
                    "req_id": 1413641482,
                    "timesteps_left": 5,
                    "zone_from": 36,
                    "zone_to": 54
                },
                {
                    "req_id": 1478205657,
                    "timesteps_left": 5,
                    "zone_from": 38,
                    "zone_to": 38
                },
                {
                    "req_id": 1201462314,
                    "timesteps_left": 5,
                    "zone_from": 6,
                    "zone_to": 36
                },
                {
                    "req_id": 267920995,
                    "timesteps_left": 5,
                    "zone_from": 42,
                    "zone_to": 18
                }
            ],
            "cars": []
        },
        {
            "t": 2,
            "reqs": [
                {
                    "req_id": 648443879,
                    "timesteps_left": 3,
                    "zone_from": 20,
                    "zone_to": 31
                },
                {
                    "req_id": 196453417,
                    "timesteps_left": 3,
                    "zone_from": 13,
                    "zone_to": 41
                },
                {
                    "req_id": 874416609,
                    "timesteps_left": 3,
                    "zone_from": 59,
                    "zone_to": 10
                },
                {
                    "req_id": 1529177525,
                    "timesteps_left": 3,
                    "zone_from": 31,
                    "zone_to": 0
                },
                {
                    "req_id": 1201462314,
                    "timesteps_left": 4,
                    "zone_from": 6,
                    "zone_to": 36
                },
                {
                    "req_id": 267920995,
                    "timesteps_left": 4,
                    "zone_from": 42,
                    "zone_to": 18
                },
                {
                    "req_id": 1413641482,
                    "timesteps_left": 4,
                    "zone_from": 36,
                    "zone_to": 54
                },
                {
                    "req_id": 1478205657,
                    "timesteps_left": 4,
                    "zone_from": 38,
                    "zone_to": 38
                },
                {
                    "req_id": 191732987,
                    "timesteps_left": 5,
                    "zone_from": 33,
                    "zone_to": 54
                },
                {
                    "req_id": 1470915493,
                    "timesteps_left": 5,
                    "zone_from": 38,
                    "zone_to": 48
                },
                {
                    "req_id": 2107591173,
                    "timesteps_left": 5,
                    "zone_from": 48,
                    "zone_to": 46
                },
                {
                    "req_id": 1440003756,
                    "timesteps_left": 5,
                    "zone_from": 47,
                    "zone_to": 47
                }
            ],
            "cars": []
        },
        {
            "t": 3,
            "reqs": [
                {
                    "req_id": 648443879,
                    "timesteps_left": 2,
                    "zone_from": 20,
                    "zone_to": 31
                },
                {
                    "req_id": 196453417,
                    "timesteps_left": 2,
                    "zone_from": 13,
                    "zone_to": 41
                },
                {
                    "req_id": 874416609,
                    "timesteps_left": 2,
                    "zone_from": 59,
                    "zone_to": 10
                },
                {
                    "req_id": 1529177525,
                    "timesteps_left": 2,
                    "zone_from": 31,
                    "zone_to": 0
                },
                {
                    "req_id": 267920995,
                    "timesteps_left": 3,
                    "zone_from": 42,
                    "zone_to": 18
                },
                {
                    "req_id": 1413641482,
                    "timesteps_left": 3,
                    "zone_from": 36,
                    "zone_to": 54
                },
                {
                    "req_id": 191732987,
                    "timesteps_left": 4,
                    "zone_from": 33,
                    "zone_to": 54
                },
                {
                    "req_id": 2107591173,
                    "timesteps_left": 4,
                    "zone_from": 48,
                    "zone_to": 46
                },
                {
                    "req_id": 1478205657,
                    "timesteps_left": 3,
                    "zone_from": 38,
                    "zone_to": 38
                },
                {
                    "req_id": 1470915493,
                    "timesteps_left": 4,
                    "zone_from": 38,
                    "zone_to": 48
                },
                {
                    "req_id": 1440003756,
                    "timesteps_left": 4,
                    "zone_from": 47,
                    "zone_to": 47
                },
                {
                    "req_id": 1201462314,
                    "timesteps_left": 3,
                    "zone_from": 6,
                    "zone_to": 36
                },
                {
                    "req_id": 1927336206,
                    "timesteps_left": 5,
                    "zone_from": 55,
                    "zone_to": 54
                },
                {
                    "req_id": 1009386087,
                    "timesteps_left": 5,
                    "zone_from": 35,
                    "zone_to": 48
                },
                {
                    "req_id": 955719816,
                    "timesteps_left": 5,
                    "zone_from": 59,
                    "zone_to": 18
                },
                {
                    "req_id": 1976439503,
                    "timesteps_left": 5,
                    "zone_from": 13,
                    "zone_to": 38
                }
            ],
            "cars": []
        },
        {
            "t": 4,
            "reqs": [
                {
                    "req_id": 648443879,
                    "timesteps_left": 1,
                    "zone_from": 20,
                    "zone_to": 31
                },
                {
                    "req_id": 874416609,
                    "timesteps_left": 1,
                    "zone_from": 59,
                    "zone_to": 10
                },
                {
                    "req_id": 1529177525,
                    "timesteps_left": 1,
                    "zone_from": 31,
                    "zone_to": 0
                },
                {
                    "req_id": 267920995,
                    "timesteps_left": 2,
                    "zone_from": 42,
                    "zone_to": 18
                },
                {
                    "req_id": 191732987,
                    "timesteps_left": 3,
                    "zone_from": 33,
                    "zone_to": 54
                },
                {
                    "req_id": 1201462314,
                    "timesteps_left": 2,
                    "zone_from": 6,
                    "zone_to": 36
                },
                {
                    "req_id": 955719816,
                    "timesteps_left": 4,
                    "zone_from": 59,
                    "zone_to": 18
                },
                {
                    "req_id": 1478205657,
                    "timesteps_left": 2,
                    "zone_from": 38,
                    "zone_to": 38
                },
                {
                    "req_id": 1976439503,
                    "timesteps_left": 4,
                    "zone_from": 13,
                    "zone_to": 38
                },
                {
                    "req_id": 196453417,
                    "timesteps_left": 1,
                    "zone_from": 13,
                    "zone_to": 41
                },
                {
                    "req_id": 1413641482,
                    "timesteps_left": 2,
                    "zone_from": 36,
                    "zone_to": 54
                },
                {
                    "req_id": 1440003756,
                    "timesteps_left": 3,
                    "zone_from": 47,
                    "zone_to": 47
                },
                {
                    "req_id": 1927336206,
                    "timesteps_left": 4,
                    "zone_from": 55,
                    "zone_to": 54
                },
                {
                    "req_id": 1470915493,
                    "timesteps_left": 3,
                    "zone_from": 38,
                    "zone_to": 48
                },
                {
                    "req_id": 1009386087,
                    "timesteps_left": 4,
                    "zone_from": 35,
                    "zone_to": 48
                },
                {
                    "req_id": 2107591173,
                    "timesteps_left": 3,
                    "zone_from": 48,
                    "zone_to": 46
                },
                {
                    "req_id": 1012942085,
                    "timesteps_left": 5,
                    "zone_from": 39,
                    "zone_to": 27
                },
                {
                    "req_id": 1813581740,
                    "timesteps_left": 5,
                    "zone_from": 16,
                    "zone_to": 59
                },
                {
                    "req_id": 1217678206,
                    "timesteps_left": 5,
                    "zone_from": 36,
                    "zone_to": 42
                },
                {
                    "req_id": 136193930,
                    "timesteps_left": 5,
                    "zone_from": 37,
                    "zone_to": 47
                }
            ],
            "cars": []
        },
        {
            "t": 5,
            "reqs": [
                {
                    "req_id": 648443879,
                    "timesteps_left": 0,
                    "zone_from": 20,
                    "zone_to": 31
                },
                {
                    "req_id": 874416609,
                    "timesteps_left": 0,
                    "zone_from": 59,
                    "zone_to": 10
                },
                {
                    "req_id": 1529177525,
                    "timesteps_left": 0,
                    "zone_from": 31,
                    "zone_to": 0
                },
                {
                    "req_id": 267920995,
                    "timesteps_left": 1,
                    "zone_from": 42,
                    "zone_to": 18
                },
                {
                    "req_id": 191732987,
                    "timesteps_left": 2,
                    "zone_from": 33,
                    "zone_to": 54
                },
                {
                    "req_id": 955719816,
                    "timesteps_left": 3,
                    "zone_from": 59,
                    "zone_to": 18
                },
                {
                    "req_id": 2107591173,
                    "timesteps_left": 2,
                    "zone_from": 48,
                    "zone_to": 46
                },
                {
                    "req_id": 1012942085,
                    "timesteps_left": 4,
                    "zone_from": 39,
                    "zone_to": 27
                },
                {
                    "req_id": 1813581740,
                    "timesteps_left": 4,
                    "zone_from": 16,
                    "zone_to": 59
                },
                {
                    "req_id": 1413641482,
                    "timesteps_left": 1,
                    "zone_from": 36,
                    "zone_to": 54
                },
                {
                    "req_id": 1927336206,
                    "timesteps_left": 3,
                    "zone_from": 55,
                    "zone_to": 54
                },
                {
                    "req_id": 1976439503,
                    "timesteps_left": 3,
                    "zone_from": 13,
                    "zone_to": 38
                },
                {
                    "req_id": 196453417,
                    "timesteps_left": 0,
                    "zone_from": 13,
                    "zone_to": 41
                },
                {
                    "req_id": 1440003756,
                    "timesteps_left": 2,
                    "zone_from": 47,
                    "zone_to": 47
                },
                {
                    "req_id": 136193930,
                    "timesteps_left": 4,
                    "zone_from": 37,
                    "zone_to": 47
                },
                {
                    "req_id": 1470915493,
                    "timesteps_left": 2,
                    "zone_from": 38,
                    "zone_to": 48
                },
                {
                    "req_id": 1009386087,
                    "timesteps_left": 3,
                    "zone_from": 35,
                    "zone_to": 48
                },
                {
                    "req_id": 1478205657,
                    "timesteps_left": 1,
                    "zone_from": 38,
                    "zone_to": 38
                },
                {
                    "req_id": 1217678206,
                    "timesteps_left": 4,
                    "zone_from": 36,
                    "zone_to": 42
                },
                {
                    "req_id": 1201462314,
                    "timesteps_left": 1,
                    "zone_from": 6,
                    "zone_to": 36
                },
                {
                    "req_id": 1133788969,
                    "timesteps_left": 5,
                    "zone_from": 41,
                    "zone_to": 62
                },
                {
                    "req_id": 61510088,
                    "timesteps_left": 5,
                    "zone_from": 51,
                    "zone_to": 59
                },
                {
                    "req_id": 1640777671,
                    "timesteps_left": 5,
                    "zone_from": 26,
                    "zone_to": 27
                },
                {
                    "req_id": 77386710,
                    "timesteps_left": 5,
                    "zone_from": 10,
                    "zone_to": 46
                }
            ],
            "cars": [
                {
                    "car_id": 1493439094,
                    "n_reqs": 4,
                    "reqs_in_car": [
                        1976439503,
                        196453417,
                        1440003756,
                        136193930
                    ],
                    "path": [
                        13,
                        13,
                        41,
                        37,
                        47,
                        47,
                        47,
                        38
                    ],
                    "reward": 0.152705,
                    "icds": [
                        948,
                        0,
                        0,
                        0
                    ],
                    "dist_red": 3611.0
                }
            ]
        },
        {
            "t": 6,
            "reqs": [
                {
                    "req_id": 267920995,
                    "timesteps_left": 0,
                    "zone_from": 42,
                    "zone_to": 18
                },
                {
                    "req_id": 191732987,
                    "timesteps_left": 1,
                    "zone_from": 33,
                    "zone_to": 54
                },
                {
                    "req_id": 2107591173,
                    "timesteps_left": 1,
                    "zone_from": 48,
                    "zone_to": 46
                },
                {
                    "req_id": 1012942085,
                    "timesteps_left": 3,
                    "zone_from": 39,
                    "zone_to": 27
                },
                {
                    "req_id": 1133788969,
                    "timesteps_left": 4,
                    "zone_from": 41,
                    "zone_to": 62
                },
                {
                    "req_id": 1640777671,
                    "timesteps_left": 4,
                    "zone_from": 26,
                    "zone_to": 27
                },
                {
                    "req_id": 77386710,
                    "timesteps_left": 4,
                    "zone_from": 10,
                    "zone_to": 46
                },
                {
                    "req_id": 1413641482,
                    "timesteps_left": 0,
                    "zone_from": 36,
                    "zone_to": 54
                },
                {
                    "req_id": 1927336206,
                    "timesteps_left": 2,
                    "zone_from": 55,
                    "zone_to": 54
                },
                {
                    "req_id": 1813581740,
                    "timesteps_left": 3,
                    "zone_from": 16,
                    "zone_to": 59
                },
                {
                    "req_id": 61510088,
                    "timesteps_left": 4,
                    "zone_from": 51,
                    "zone_to": 59
                },
                {
                    "req_id": 955719816,
                    "timesteps_left": 2,
                    "zone_from": 59,
                    "zone_to": 18
                },
                {
                    "req_id": 1470915493,
                    "timesteps_left": 1,
                    "zone_from": 38,
                    "zone_to": 48
                },
                {
                    "req_id": 1217678206,
                    "timesteps_left": 3,
                    "zone_from": 36,
                    "zone_to": 42
                },
                {
                    "req_id": 1478205657,
                    "timesteps_left": 0,
                    "zone_from": 38,
                    "zone_to": 38
                },
                {
                    "req_id": 1201462314,
                    "timesteps_left": 0,
                    "zone_from": 6,
                    "zone_to": 36
                },
                {
                    "req_id": 1009386087,
                    "timesteps_left": 2,
                    "zone_from": 35,
                    "zone_to": 48
                },
                {
                    "req_id": 1849095374,
                    "timesteps_left": 5,
                    "zone_from": 2,
                    "zone_to": 23
                },
                {
                    "req_id": 140219494,
                    "timesteps_left": 5,
                    "zone_from": 6,
                    "zone_to": 47
                },
                {
                    "req_id": 1530601816,
                    "timesteps_left": 5,
                    "zone_from": 51,
                    "zone_to": 44
                },
                {
                    "req_id": 1665980108,
                    "timesteps_left": 5,
                    "zone_from": 13,
                    "zone_to": 48
                }
            ],
            "cars": [
                {
                    "car_id": 2074470316,
                    "n_reqs": 2,
                    "reqs_in_car": [
                        1413641482,
                        1927336206
                    ],
                    "path": [
                        36,
                        55,
                        54,
                        54
                    ],
                    "reward": 0.0230817,
                    "icds": [
                        239,
                        0
                    ],
                    "dist_red": 1692.0
                },
                {
                    "car_id": 909957583,
                    "n_reqs": 2,
                    "reqs_in_car": [
                        1201462314,
                        140219494
                    ],
                    "path": [
                        6,
                        6,
                        36,
                        47
                    ],
                    "reward": 0.204512,
                    "icds": [
                        0,
                        0
                    ],
                    "dist_red": 975.0
                },
                {
                    "car_id": 2008828416,
                    "n_reqs": 4,
                    "reqs_in_car": [
                        1470915493,
                        1217678206,
                        1478205657,
                        1009386087
                    ],
                    "path": [
                        38,
                        38,
                        38,
                        36,
                        42,
                        35,
                        48,
                        48
                    ],
                    "reward": 0.283222,
                    "icds": [
                        646,
                        0,
                        0,
                        0
                    ],
                    "dist_red": 4793.0
                }
            ]
        },
        {
            "t": 7,
            "reqs": [
                {
                    "req_id": 191732987,
                    "timesteps_left": 0,
                    "zone_from": 33,
                    "zone_to": 54
                },
                {
                    "req_id": 2107591173,
                    "timesteps_left": 0,
                    "zone_from": 48,
                    "zone_to": 46
                },
                {
                    "req_id": 1012942085,
                    "timesteps_left": 2,
                    "zone_from": 39,
                    "zone_to": 27
                },
                {
                    "req_id": 1133788969,
                    "timesteps_left": 3,
                    "zone_from": 41,
                    "zone_to": 62
                },
                {
                    "req_id": 1640777671,
                    "timesteps_left": 3,
                    "zone_from": 26,
                    "zone_to": 27
                },
                {
                    "req_id": 77386710,
                    "timesteps_left": 3,
                    "zone_from": 10,
                    "zone_to": 46
                },
                {
                    "req_id": 1849095374,
                    "timesteps_left": 4,
                    "zone_from": 2,
                    "zone_to": 23
                },
                {
                    "req_id": 1530601816,
                    "timesteps_left": 4,
                    "zone_from": 51,
                    "zone_to": 44
                },
                {
                    "req_id": 1665980108,
                    "timesteps_left": 4,
                    "zone_from": 13,
                    "zone_to": 48
                },
                {
                    "req_id": 1813581740,
                    "timesteps_left": 2,
                    "zone_from": 16,
                    "zone_to": 59
                },
                {
                    "req_id": 61510088,
                    "timesteps_left": 3,
                    "zone_from": 51,
                    "zone_to": 59
                },
                {
                    "req_id": 955719816,
                    "timesteps_left": 1,
                    "zone_from": 59,
                    "zone_to": 18
                },
                {
                    "req_id": 1747768133,
                    "timesteps_left": 5,
                    "zone_from": 13,
                    "zone_to": 19
                },
                {
                    "req_id": 235427435,
                    "timesteps_left": 5,
                    "zone_from": 11,
                    "zone_to": 12
                },
                {
                    "req_id": 1258655361,
                    "timesteps_left": 5,
                    "zone_from": 20,
                    "zone_to": 59
                },
                {
                    "req_id": 1169154903,
                    "timesteps_left": 5,
                    "zone_from": 20,
                    "zone_to": 10
                }
            ],
            "cars": []
        },
        {
            "t": 8,
            "reqs": [
                {
                    "req_id": 1012942085,
                    "timesteps_left": 1,
                    "zone_from": 39,
                    "zone_to": 27
                },
                {
                    "req_id": 1133788969,
                    "timesteps_left": 2,
                    "zone_from": 41,
                    "zone_to": 62
                },
                {
                    "req_id": 1640777671,
                    "timesteps_left": 2,
                    "zone_from": 26,
                    "zone_to": 27
                },
                {
                    "req_id": 77386710,
                    "timesteps_left": 2,
                    "zone_from": 10,
                    "zone_to": 46
                },
                {
                    "req_id": 1849095374,
                    "timesteps_left": 3,
                    "zone_from": 2,
                    "zone_to": 23
                },
                {
                    "req_id": 1530601816,
                    "timesteps_left": 3,
                    "zone_from": 51,
                    "zone_to": 44
                },
                {
                    "req_id": 1665980108,
                    "timesteps_left": 3,
                    "zone_from": 13,
                    "zone_to": 48
                },
                {
                    "req_id": 1747768133,
                    "timesteps_left": 4,
                    "zone_from": 13,
                    "zone_to": 19
                },
                {
                    "req_id": 235427435,
                    "timesteps_left": 4,
                    "zone_from": 11,
                    "zone_to": 12
                },
                {
                    "req_id": 1258655361,
                    "timesteps_left": 4,
                    "zone_from": 20,
                    "zone_to": 59
                },
                {
                    "req_id": 1169154903,
                    "timesteps_left": 4,
                    "zone_from": 20,
                    "zone_to": 10
                },
                {
                    "req_id": 1813581740,
                    "timesteps_left": 1,
                    "zone_from": 16,
                    "zone_to": 59
                },
                {
                    "req_id": 61510088,
                    "timesteps_left": 2,
                    "zone_from": 51,
                    "zone_to": 59
                },
                {
                    "req_id": 955719816,
                    "timesteps_left": 0,
                    "zone_from": 59,
                    "zone_to": 18
                },
                {
                    "req_id": 1537688524,
                    "timesteps_left": 5,
                    "zone_from": 18,
                    "zone_to": 0
                },
                {
                    "req_id": 969234853,
                    "timesteps_left": 5,
                    "zone_from": 47,
                    "zone_to": 54
                },
                {
                    "req_id": 1684084489,
                    "timesteps_left": 5,
                    "zone_from": 31,
                    "zone_to": 23
                },
                {
                    "req_id": 1430501986,
                    "timesteps_left": 5,
                    "zone_from": 18,
                    "zone_to": 12
                }
            ],
            "cars": [
                {
                    "car_id": 509628109,
                    "n_reqs": 3,
                    "reqs_in_car": [
                        1813581740,
                        61510088,
                        955719816
                    ],
                    "path": [
                        51,
                        59,
                        18,
                        16,
                        59,
                        59
                    ],
                    "reward": 0.104895,
                    "icds": [
                        0,
                        0,
                        0
                    ],
                    "dist_red": -689.0
                }
            ]
        },
        {
            "t": 9,
            "reqs": [
                {
                    "req_id": 1012942085,
                    "timesteps_left": 0,
                    "zone_from": 39,
                    "zone_to": 27
                },
                {
                    "req_id": 1133788969,
                    "timesteps_left": 1,
                    "zone_from": 41,
                    "zone_to": 62
                },
                {
                    "req_id": 1640777671,
                    "timesteps_left": 1,
                    "zone_from": 26,
                    "zone_to": 27
                },
                {
                    "req_id": 77386710,
                    "timesteps_left": 1,
                    "zone_from": 10,
                    "zone_to": 46
                },
                {
                    "req_id": 1849095374,
                    "timesteps_left": 2,
                    "zone_from": 2,
                    "zone_to": 23
                },
                {
                    "req_id": 1530601816,
                    "timesteps_left": 2,
                    "zone_from": 51,
                    "zone_to": 44
                },
                {
                    "req_id": 1665980108,
                    "timesteps_left": 2,
                    "zone_from": 13,
                    "zone_to": 48
                },
                {
                    "req_id": 1747768133,
                    "timesteps_left": 3,
                    "zone_from": 13,
                    "zone_to": 19
                },
                {
                    "req_id": 235427435,
                    "timesteps_left": 3,
                    "zone_from": 11,
                    "zone_to": 12
                },
                {
                    "req_id": 1537688524,
                    "timesteps_left": 4,
                    "zone_from": 18,
                    "zone_to": 0
                },
                {
                    "req_id": 969234853,
                    "timesteps_left": 4,
                    "zone_from": 47,
                    "zone_to": 54
                },
                {
                    "req_id": 1684084489,
                    "timesteps_left": 4,
                    "zone_from": 31,
                    "zone_to": 23
                },
                {
                    "req_id": 1430501986,
                    "timesteps_left": 4,
                    "zone_from": 18,
                    "zone_to": 12
                },
                {
                    "req_id": 1258655361,
                    "timesteps_left": 3,
                    "zone_from": 20,
                    "zone_to": 59
                },
                {
                    "req_id": 1169154903,
                    "timesteps_left": 3,
                    "zone_from": 20,
                    "zone_to": 10
                },
                {
                    "req_id": 198480744,
                    "timesteps_left": 5,
                    "zone_from": 52,
                    "zone_to": 53
                },
                {
                    "req_id": 305272504,
                    "timesteps_left": 5,
                    "zone_from": 58,
                    "zone_to": 21
                },
                {
                    "req_id": 1705039097,
                    "timesteps_left": 5,
                    "zone_from": 52,
                    "zone_to": 41
                },
                {
                    "req_id": 507971691,
                    "timesteps_left": 5,
                    "zone_from": 8,
                    "zone_to": 56
                }
            ],
            "cars": [
                {
                    "car_id": 351556949,
                    "n_reqs": 2,
                    "reqs_in_car": [
                        1258655361,
                        1169154903
                    ],
                    "path": [
                        20,
                        20,
                        59,
                        10
                    ],
                    "reward": 0.0826759,
                    "icds": [
                        0,
                        175
                    ],
                    "dist_red": 1924.0
                },
                {
                    "car_id": 389290687,
                    "n_reqs": 2,
                    "reqs_in_car": [
                        198480744,
                        1705039097
                    ],
                    "path": [
                        52,
                        52,
                        53,
                        41
                    ],
                    "reward": 0.1066,
                    "icds": [
                        0,
                        195
                    ],
                    "dist_red": 3186.0
                }
            ]
        }
    ],
    "serv_rate": 47.5,
    "n_cars": 7,
    "avg_occ": 1.685714285714286,
    "dist_red": 15.492,
    "dist_red_perc": 3,
    "trip_red": 12,
    "trip_red_perc": 12,
    "kg_co2_red": 2,
    "icd_mean": 27
}