{
    "timesteps": [
        {
            "t": 0,
            "reqs": [
                {
                    "req_id": 571917751,
                    "timesteps_left": 1,
                    "zone_from": 54,
                    "zone_to": 40
                },
                {
                    "req_id": 1199788907,
                    "timesteps_left": 1,
                    "zone_from": 38,
                    "zone_to": 51
                },
                {
                    "req_id": 1845621219,
                    "timesteps_left": 1,
                    "zone_from": 59,
                    "zone_to": 55
                },
                {
                    "req_id": 285920155,
                    "timesteps_left": 1,
                    "zone_from": 12,
                    "zone_to": 12
                },
                {
                    "req_id": 269138092,
                    "timesteps_left": 1,
                    "zone_from": 52,
                    "zone_to": 20
                },
                {
                    "req_id": 1842612278,
                    "timesteps_left": 1,
                    "zone_from": 36,
                    "zone_to": 52
                },
                {
                    "req_id": 273308610,
                    "timesteps_left": 1,
                    "zone_from": 38,
                    "zone_to": 8
                },
                {
                    "req_id": 826453039,
                    "timesteps_left": 1,
                    "zone_from": 32,
                    "zone_to": 0
                },
                {
                    "req_id": 1911510610,
                    "timesteps_left": 1,
                    "zone_from": 55,
                    "zone_to": 57
                },
                {
                    "req_id": 668510961,
                    "timesteps_left": 1,
                    "zone_from": 59,
                    "zone_to": 18
                }
            ],
            "cars": []
        },
        {
            "t": 1,
            "reqs": [
                {
                    "req_id": 571917751,
                    "timesteps_left": 0,
                    "zone_from": 54,
                    "zone_to": 40
                },
                {
                    "req_id": 1199788907,
                    "timesteps_left": 0,
                    "zone_from": 38,
                    "zone_to": 51
                },
                {
                    "req_id": 1845621219,
                    "timesteps_left": 0,
                    "zone_from": 59,
                    "zone_to": 55
                },
                {
                    "req_id": 285920155,
                    "timesteps_left": 0,
                    "zone_from": 12,
                    "zone_to": 12
                },
                {
                    "req_id": 269138092,
                    "timesteps_left": 0,
                    "zone_from": 52,
                    "zone_to": 20
                },
                {
                    "req_id": 1842612278,
                    "timesteps_left": 0,
                    "zone_from": 36,
                    "zone_to": 52
                },
                {
                    "req_id": 273308610,
                    "timesteps_left": 0,
                    "zone_from": 38,
                    "zone_to": 8
                },
                {
                    "req_id": 826453039,
                    "timesteps_left": 0,
                    "zone_from": 32,
                    "zone_to": 0
                },
                {
                    "req_id": 1911510610,
                    "timesteps_left": 0,
                    "zone_from": 55,
                    "zone_to": 57
                },
                {
                    "req_id": 668510961,
                    "timesteps_left": 0,
                    "zone_from": 59,
                    "zone_to": 18
                },
                {
                    "req_id": 876025815,
                    "timesteps_left": 1,
                    "zone_from": 42,
                    "zone_to": 10
                },
                {
                    "req_id": 1419731855,
                    "timesteps_left": 1,
                    "zone_from": 36,
                    "zone_to": 5
                },
                {
                    "req_id": 1264629026,
                    "timesteps_left": 1,
                    "zone_from": 39,
                    "zone_to": 36
                },
                {
                    "req_id": 674816469,
                    "timesteps_left": 1,
                    "zone_from": 17,
                    "zone_to": 10
                },
                {
                    "req_id": 1195528262,
                    "timesteps_left": 1,
                    "zone_from": 47,
                    "zone_to": 8
                },
                {
                    "req_id": 1904265805,
                    "timesteps_left": 1,
                    "zone_from": 8,
                    "zone_to": 10
                },
                {
                    "req_id": 1672039582,
                    "timesteps_left": 1,
                    "zone_from": 18,
                    "zone_to": 39
                },
                {
                    "req_id": 70212370,
                    "timesteps_left": 1,
                    "zone_from": 0,
                    "zone_to": 59
                },
                {
                    "req_id": 645311508,
                    "timesteps_left": 1,
                    "zone_from": 55,
                    "zone_to": 30
                },
                {
                    "req_id": 1814144807,
                    "timesteps_left": 1,
                    "zone_from": 35,
                    "zone_to": 44
                }
            ],
            "cars": [
                {
                    "car_id": 1836069013,
                    "n_reqs": 2,
                    "reqs_in_car": [
                        1845621219,
                        645311508
                    ],
                    "path": [
                        59,
                        55,
                        30,
                        55
                    ],
                    "reward": 0.0317318,
                    "icds": [
                        0,
                        0
                    ],
                    "dist_red": -1379.0
                }
            ]
        },
        {
            "t": 2,
            "reqs": [
                {
                    "req_id": 876025815,
                    "timesteps_left": 0,
                    "zone_from": 42,
                    "zone_to": 10
                },
                {
                    "req_id": 1419731855,
                    "timesteps_left": 0,
                    "zone_from": 36,
                    "zone_to": 5
                },
                {
                    "req_id": 1264629026,
                    "timesteps_left": 0,
                    "zone_from": 39,
                    "zone_to": 36
                },
                {
                    "req_id": 674816469,
                    "timesteps_left": 0,
                    "zone_from": 17,
                    "zone_to": 10
                },
                {
                    "req_id": 1195528262,
                    "timesteps_left": 0,
                    "zone_from": 47,
                    "zone_to": 8
                },
                {
                    "req_id": 1904265805,
                    "timesteps_left": 0,
                    "zone_from": 8,
                    "zone_to": 10
                },
                {
                    "req_id": 1672039582,
                    "timesteps_left": 0,
                    "zone_from": 18,
                    "zone_to": 39
                },
                {
                    "req_id": 70212370,
                    "timesteps_left": 0,
                    "zone_from": 0,
                    "zone_to": 59
                },
                {
                    "req_id": 1814144807,
                    "timesteps_left": 0,
                    "zone_from": 35,
                    "zone_to": 44
                },
                {
                    "req_id": 560115245,
                    "timesteps_left": 1,
                    "zone_from": 31,
                    "zone_to": 0
                },
                {
                    "req_id": 554579777,
                    "timesteps_left": 1,
                    "zone_from": 0,
                    "zone_to": 33
                },
                {
                    "req_id": 260516058,
                    "timesteps_left": 1,
                    "zone_from": 16,
                    "zone_to": 45
                },
                {
                    "req_id": 868272873,
                    "timesteps_left": 1,
                    "zone_from": 27,
                    "zone_to": 46
                },
                {
                    "req_id": 916521297,
                    "timesteps_left": 1,
                    "zone_from": 36,
                    "zone_to": 19
                },
                {
                    "req_id": 178129421,
                    "timesteps_left": 1,
                    "zone_from": 27,
                    "zone_to": 62
                },
                {
                    "req_id": 752573588,
                    "timesteps_left": 1,
                    "zone_from": 8,
                    "zone_to": 62
                },
                {
                    "req_id": 1862150972,
                    "timesteps_left": 1,
                    "zone_from": 51,
                    "zone_to": 9
                },
                {
                    "req_id": 1088758429,
                    "timesteps_left": 1,
                    "zone_from": 18,
                    "zone_to": 13
                },
                {
                    "req_id": 813270691,
                    "timesteps_left": 1,
                    "zone_from": 13,
                    "zone_to": 31
                }
            ],
            "cars": []
        },
        {
            "t": 3,
            "reqs": [
                {
                    "req_id": 560115245,
                    "timesteps_left": 0,
                    "zone_from": 31,
                    "zone_to": 0
                },
                {
                    "req_id": 554579777,
                    "timesteps_left": 0,
                    "zone_from": 0,
                    "zone_to": 33
                },
                {
                    "req_id": 260516058,
                    "timesteps_left": 0,
                    "zone_from": 16,
                    "zone_to": 45
                },
                {
                    "req_id": 868272873,
                    "timesteps_left": 0,
                    "zone_from": 27,
                    "zone_to": 46
                },
                {
                    "req_id": 916521297,
                    "timesteps_left": 0,
                    "zone_from": 36,
                    "zone_to": 19
                },
                {
                    "req_id": 178129421,
                    "timesteps_left": 0,
                    "zone_from": 27,
                    "zone_to": 62
                },
                {
                    "req_id": 752573588,
                    "timesteps_left": 0,
                    "zone_from": 8,
                    "zone_to": 62
                },
                {
                    "req_id": 1862150972,
                    "timesteps_left": 0,
                    "zone_from": 51,
                    "zone_to": 9
                },
                {
                    "req_id": 1088758429,
                    "timesteps_left": 0,
                    "zone_from": 18,
                    "zone_to": 13
                },
                {
                    "req_id": 813270691,
                    "timesteps_left": 0,
                    "zone_from": 13,
                    "zone_to": 31
                },
                {
                    "req_id": 1543067497,
                    "timesteps_left": 1,
                    "zone_from": 55,
                    "zone_to": 52
                },
                {
                    "req_id": 1336664520,
                    "timesteps_left": 1,
                    "zone_from": 18,
                    "zone_to": 17
                },
                {
                    "req_id": 518619263,
                    "timesteps_left": 1,
                    "zone_from": 28,
                    "zone_to": 47
                },
                {
                    "req_id": 1684174022,
                    "timesteps_left": 1,
                    "zone_from": 59,
                    "zone_to": 58
                },
                {
                    "req_id": 261422722,
                    "timesteps_left": 1,
                    "zone_from": 8,
                    "zone_to": 42
                },
                {
                    "req_id": 268362393,
                    "timesteps_left": 1,
                    "zone_from": 16,
                    "zone_to": 38
                },
                {
                    "req_id": 1473538168,
                    "timesteps_left": 1,
                    "zone_from": 51,
                    "zone_to": 19
                },
                {
                    "req_id": 482191508,
                    "timesteps_left": 1,
                    "zone_from": 53,
                    "zone_to": 19
                },
                {
                    "req_id": 1974840928,
                    "timesteps_left": 1,
                    "zone_from": 46,
                    "zone_to": 53
                },
                {
                    "req_id": 1920624118,
                    "timesteps_left": 1,
                    "zone_from": 8,
                    "zone_to": 9
                }
            ],
            "cars": [
                {
                    "car_id": 1633665457,
                    "n_reqs": 2,
                    "reqs_in_car": [
                        916521297,
                        482191508
                    ],
                    "path": [
                        53,
                        36,
                        19,
                        19
                    ],
                    "reward": 0.134405,
                    "icds": [
                        0,
                        151
                    ],
                    "dist_red": 3240.0
                }
            ]
        },
        {
            "t": 4,
            "reqs": [
                {
                    "req_id": 1543067497,
                    "timesteps_left": 0,
                    "zone_from": 55,
                    "zone_to": 52
                },
                {
                    "req_id": 1336664520,
                    "timesteps_left": 0,
                    "zone_from": 18,
                    "zone_to": 17
                },
                {
                    "req_id": 518619263,
                    "timesteps_left": 0,
                    "zone_from": 28,
                    "zone_to": 47
                },
                {
                    "req_id": 1684174022,
                    "timesteps_left": 0,
                    "zone_from": 59,
                    "zone_to": 58
                },
                {
                    "req_id": 261422722,
                    "timesteps_left": 0,
                    "zone_from": 8,
                    "zone_to": 42
                },
                {
                    "req_id": 268362393,
                    "timesteps_left": 0,
                    "zone_from": 16,
                    "zone_to": 38
                },
                {
                    "req_id": 1473538168,
                    "timesteps_left": 0,
                    "zone_from": 51,
                    "zone_to": 19
                },
                {
                    "req_id": 1974840928,
                    "timesteps_left": 0,
                    "zone_from": 46,
                    "zone_to": 53
                },
                {
                    "req_id": 1920624118,
                    "timesteps_left": 0,
                    "zone_from": 8,
                    "zone_to": 9
                },
                {
                    "req_id": 462133835,
                    "timesteps_left": 1,
                    "zone_from": 59,
                    "zone_to": 49
                },
                {
                    "req_id": 1463171604,
                    "timesteps_left": 1,
                    "zone_from": 41,
                    "zone_to": 20
                },
                {
                    "req_id": 1358743373,
                    "timesteps_left": 1,
                    "zone_from": 58,
                    "zone_to": 36
                },
                {
                    "req_id": 1866200587,
                    "timesteps_left": 1,
                    "zone_from": 29,
                    "zone_to": 33
                },
                {
                    "req_id": 1553243474,
                    "timesteps_left": 1,
                    "zone_from": 35,
                    "zone_to": 8
                },
                {
                    "req_id": 106525519,
                    "timesteps_left": 1,
                    "zone_from": 8,
                    "zone_to": 9
                },
                {
                    "req_id": 278328929,
                    "timesteps_left": 1,
                    "zone_from": 47,
                    "zone_to": 53
                },
                {
                    "req_id": 171939677,
                    "timesteps_left": 1,
                    "zone_from": 13,
                    "zone_to": 32
                },
                {
                    "req_id": 1807786990,
                    "timesteps_left": 1,
                    "zone_from": 31,
                    "zone_to": 13
                },
                {
                    "req_id": 737282064,
                    "timesteps_left": 1,
                    "zone_from": 44,
                    "zone_to": 41
                }
            ],
            "cars": [
                {
                    "car_id": 1184882216,
                    "n_reqs": 2,
                    "reqs_in_car": [
                        1920624118,
                        1920624118
                    ],
                    "path": [
                        8,
                        8,
                        9,
                        9
                    ],
                    "reward": 0.25,
                    "icds": [
                        0,
                        0
                    ],
                    "dist_red": 1203.0
                }
            ]
        },
        {
            "t": 5,
            "reqs": [
                {
                    "req_id": 462133835,
                    "timesteps_left": 0,
                    "zone_from": 59,
                    "zone_to": 49
                },
                {
                    "req_id": 1463171604,
                    "timesteps_left": 0,
                    "zone_from": 41,
                    "zone_to": 20
                },
                {
                    "req_id": 1358743373,
                    "timesteps_left": 0,
                    "zone_from": 58,
                    "zone_to": 36
                },
                {
                    "req_id": 1866200587,
                    "timesteps_left": 0,
                    "zone_from": 29,
                    "zone_to": 33
                },
                {
                    "req_id": 1553243474,
                    "timesteps_left": 0,
                    "zone_from": 35,
                    "zone_to": 8
                },
                {
                    "req_id": 278328929,
                    "timesteps_left": 0,
                    "zone_from": 47,
                    "zone_to": 53
                },
                {
                    "req_id": 171939677,
                    "timesteps_left": 0,
                    "zone_from": 13,
                    "zone_to": 32
                },
                {
                    "req_id": 1807786990,
                    "timesteps_left": 0,
                    "zone_from": 31,
                    "zone_to": 13
                },
                {
                    "req_id": 737282064,
                    "timesteps_left": 0,
                    "zone_from": 44,
                    "zone_to": 41
                },
                {
                    "req_id": 1740253644,
                    "timesteps_left": 1,
                    "zone_from": 52,
                    "zone_to": 29
                },
                {
                    "req_id": 1047090098,
                    "timesteps_left": 1,
                    "zone_from": 30,
                    "zone_to": 9
                },
                {
                    "req_id": 1304195276,
                    "timesteps_left": 1,
                    "zone_from": 36,
                    "zone_to": 8
                },
                {
                    "req_id": 1171687813,
                    "timesteps_left": 1,
                    "zone_from": 36,
                    "zone_to": 59
                },
                {
                    "req_id": 896742707,
                    "timesteps_left": 1,
                    "zone_from": 42,
                    "zone_to": 48
                },
                {
                    "req_id": 1278568595,
                    "timesteps_left": 1,
                    "zone_from": 18,
                    "zone_to": 29
                },
                {
                    "req_id": 487120598,
                    "timesteps_left": 1,
                    "zone_from": 16,
                    "zone_to": 30
                },
                {
                    "req_id": 1060457635,
                    "timesteps_left": 1,
                    "zone_from": 29,
                    "zone_to": 57
                },
                {
                    "req_id": 1226322828,
                    "timesteps_left": 1,
                    "zone_from": 42,
                    "zone_to": 52
                },
                {
                    "req_id": 2047369327,
                    "timesteps_left": 1,
                    "zone_from": 36,
                    "zone_to": 10
                }
            ],
            "cars": [
                {
                    "car_id": 1952462010,
                    "n_reqs": 2,
                    "reqs_in_car": [
                        278328929,
                        1226322828
                    ],
                    "path": [
                        42,
                        47,
                        53,
                        52
                    ],
                    "reward": 0.019962,
                    "icds": [
                        0,
                        353
                    ],
                    "dist_red": 2130.0
                }
            ]
        },
        {
            "t": 6,
            "reqs": [
                {
                    "req_id": 1740253644,
                    "timesteps_left": 0,
                    "zone_from": 52,
                    "zone_to": 29
                },
                {
                    "req_id": 896742707,
                    "timesteps_left": 0,
                    "zone_from": 42,
                    "zone_to": 48
                },
                {
                    "req_id": 1278568595,
                    "timesteps_left": 0,
                    "zone_from": 18,
                    "zone_to": 29
                },
                {
                    "req_id": 1060457635,
                    "timesteps_left": 0,
                    "zone_from": 29,
                    "zone_to": 57
                },
                {
                    "req_id": 1047090098,
                    "timesteps_left": 0,
                    "zone_from": 30,
                    "zone_to": 9
                },
                {
                    "req_id": 487120598,
                    "timesteps_left": 0,
                    "zone_from": 16,
                    "zone_to": 30
                },
                {
                    "req_id": 1304195276,
                    "timesteps_left": 0,
                    "zone_from": 36,
                    "zone_to": 8
                },
                {
                    "req_id": 2047369327,
                    "timesteps_left": 0,
                    "zone_from": 36,
                    "zone_to": 10
                },
                {
                    "req_id": 1171687813,
                    "timesteps_left": 0,
                    "zone_from": 36,
                    "zone_to": 59
                },
                {
                    "req_id": 865704280,
                    "timesteps_left": 1,
                    "zone_from": 31,
                    "zone_to": 32
                },
                {
                    "req_id": 489767071,
                    "timesteps_left": 1,
                    "zone_from": 8,
                    "zone_to": 8
                },
                {
                    "req_id": 1342385401,
                    "timesteps_left": 1,
                    "zone_from": 59,
                    "zone_to": 32
                },
                {
                    "req_id": 1306746767,
                    "timesteps_left": 1,
                    "zone_from": 8,
                    "zone_to": 35
                },
                {
                    "req_id": 935091624,
                    "timesteps_left": 1,
                    "zone_from": 31,
                    "zone_to": 16
                },
                {
                    "req_id": 434762687,
                    "timesteps_left": 1,
                    "zone_from": 19,
                    "zone_to": 35
                },
                {
                    "req_id": 1472147701,
                    "timesteps_left": 1,
                    "zone_from": 10,
                    "zone_to": 58
                },
                {
                    "req_id": 333617935,
                    "timesteps_left": 1,
                    "zone_from": 27,
                    "zone_to": 11
                },
                {
                    "req_id": 1571367912,
                    "timesteps_left": 1,
                    "zone_from": 20,
                    "zone_to": 30
                },
                {
                    "req_id": 1184623454,
                    "timesteps_left": 1,
                    "zone_from": 19,
                    "zone_to": 16
                }
            ],
            "cars": [
                {
                    "car_id": 148249726,
                    "n_reqs": 4,
                    "reqs_in_car": [
                        487120598,
                        1571367912,
                        1184623454,
                        1047090098
                    ],
                    "path": [
                        20,
                        19,
                        16,
                        16,
                        30,
                        30,
                        9,
                        30
                    ],
                    "reward": 0.264148,
                    "icds": [
                        0,
                        575,
                        0,
                        0
                    ],
                    "dist_red": 5420.0
                },
                {
                    "car_id": 531366448,
                    "n_reqs": 5,
                    "reqs_in_car": [
                        1304195276,
                        2047369327,
                        489767071,
                        1171687813,
                        1306746767
                    ],
                    "path": [
                        36,
                        36,
                        36,
                        8,
                        8,
                        8,
                        8,
                        10,
                        35,
                        59
                    ],
                    "reward": 0.447033,
                    "icds": [
                        0,
                        40,
                        0,
                        635,
                        1
                    ],
                    "dist_red": 5740.0
                }
            ]
        },
        {
            "t": 7,
            "reqs": [
                {
                    "req_id": 935091624,
                    "timesteps_left": 0,
                    "zone_from": 31,
                    "zone_to": 16
                },
                {
                    "req_id": 434762687,
                    "timesteps_left": 0,
                    "zone_from": 19,
                    "zone_to": 35
                },
                {
                    "req_id": 1472147701,
                    "timesteps_left": 0,
                    "zone_from": 10,
                    "zone_to": 58
                },
                {
                    "req_id": 333617935,
                    "timesteps_left": 0,
                    "zone_from": 27,
                    "zone_to": 11
                },
                {
                    "req_id": 865704280,
                    "timesteps_left": 0,
                    "zone_from": 31,
                    "zone_to": 32
                },
                {
                    "req_id": 1342385401,
                    "timesteps_left": 0,
                    "zone_from": 59,
                    "zone_to": 32
                },
                {
                    "req_id": 1606620880,
                    "timesteps_left": 1,
                    "zone_from": 44,
                    "zone_to": 39
                },
                {
                    "req_id": 1611312287,
                    "timesteps_left": 1,
                    "zone_from": 35,
                    "zone_to": 16
                },
                {
                    "req_id": 1806110945,
                    "timesteps_left": 1,
                    "zone_from": 29,
                    "zone_to": 56
                },
                {
                    "req_id": 1956157125,
                    "timesteps_left": 1,
                    "zone_from": 37,
                    "zone_to": 29
                },
                {
                    "req_id": 145801582,
                    "timesteps_left": 1,
                    "zone_from": 29,
                    "zone_to": 50
                },
                {
                    "req_id": 1020985844,
                    "timesteps_left": 1,
                    "zone_from": 17,
                    "zone_to": 38
                },
                {
                    "req_id": 692166201,
                    "timesteps_left": 1,
                    "zone_from": 20,
                    "zone_to": 9
                },
                {
                    "req_id": 817661261,
                    "timesteps_left": 1,
                    "zone_from": 39,
                    "zone_to": 13
                },
                {
                    "req_id": 1483279317,
                    "timesteps_left": 1,
                    "zone_from": 31,
                    "zone_to": 19
                },
                {
                    "req_id": 1449024363,
                    "timesteps_left": 1,
                    "zone_from": 8,
                    "zone_to": 9
                }
            ],
            "cars": [
                {
                    "car_id": 1201643522,
                    "n_reqs": 2,
                    "reqs_in_car": [
                        865704280,
                        1342385401
                    ],
                    "path": [
                        59,
                        31,
                        32,
                        32
                    ],
                    "reward": 0.0826816,
                    "icds": [
                        0,
                        146
                    ],
                    "dist_red": 1227.0
                }
            ]
        },
        {
            "t": 8,
            "reqs": [
                {
                    "req_id": 1606620880,
                    "timesteps_left": 0,
                    "zone_from": 44,
                    "zone_to": 39
                },
                {
                    "req_id": 1611312287,
                    "timesteps_left": 0,
                    "zone_from": 35,
                    "zone_to": 16
                },
                {
                    "req_id": 1806110945,
                    "timesteps_left": 0,
                    "zone_from": 29,
                    "zone_to": 56
                },
                {
                    "req_id": 1956157125,
                    "timesteps_left": 0,
                    "zone_from": 37,
                    "zone_to": 29
                },
                {
                    "req_id": 145801582,
                    "timesteps_left": 0,
                    "zone_from": 29,
                    "zone_to": 50
                },
                {
                    "req_id": 1020985844,
                    "timesteps_left": 0,
                    "zone_from": 17,
                    "zone_to": 38
                },
                {
                    "req_id": 692166201,
                    "timesteps_left": 0,
                    "zone_from": 20,
                    "zone_to": 9
                },
                {
                    "req_id": 817661261,
                    "timesteps_left": 0,
                    "zone_from": 39,
                    "zone_to": 13
                },
                {
                    "req_id": 1483279317,
                    "timesteps_left": 0,
                    "zone_from": 31,
                    "zone_to": 19
                },
                {
                    "req_id": 1449024363,
                    "timesteps_left": 0,
                    "zone_from": 8,
                    "zone_to": 9
                },
                {
                    "req_id": 336522395,
                    "timesteps_left": 1,
                    "zone_from": 10,
                    "zone_to": 29
                },
                {
                    "req_id": 1974176383,
                    "timesteps_left": 1,
                    "zone_from": 28,
                    "zone_to": 9
                },
                {
                    "req_id": 1503703963,
                    "timesteps_left": 1,
                    "zone_from": 32,
                    "zone_to": 28
                },
                {
                    "req_id": 216286457,
                    "timesteps_left": 1,
                    "zone_from": 19,
                    "zone_to": 37
                },
                {
                    "req_id": 631795832,
                    "timesteps_left": 1,
                    "zone_from": 18,
                    "zone_to": 12
                },
                {
                    "req_id": 1316489609,
                    "timesteps_left": 1,
                    "zone_from": 10,
                    "zone_to": 14
                },
                {
                    "req_id": 2004198601,
                    "timesteps_left": 1,
                    "zone_from": 0,
                    "zone_to": 27
                },
                {
                    "req_id": 626253889,
                    "timesteps_left": 1,
                    "zone_from": 29,
                    "zone_to": 55
                },
                {
                    "req_id": 1179523805,
                    "timesteps_left": 1,
                    "zone_from": 13,
                    "zone_to": 19
                },
                {
                    "req_id": 828396314,
                    "timesteps_left": 1,
                    "zone_from": 61,
                    "zone_to": 11
                }
            ],
            "cars": [
                {
                    "car_id": 386196934,
                    "n_reqs": 2,
                    "reqs_in_car": [
                        1449024363,
                        1974176383
                    ],
                    "path": [
                        28,
                        8,
                        9,
                        9
                    ],
                    "reward": 0.0417701,
                    "icds": [
                        0,
                        167
                    ],
                    "dist_red": 879.0
                }
            ]
        },
        {
            "t": 9,
            "reqs": [
                {
                    "req_id": 336522395,
                    "timesteps_left": 0,
                    "zone_from": 10,
                    "zone_to": 29
                },
                {
                    "req_id": 1503703963,
                    "timesteps_left": 0,
                    "zone_from": 32,
                    "zone_to": 28
                },
                {
                    "req_id": 216286457,
                    "timesteps_left": 0,
                    "zone_from": 19,
                    "zone_to": 37
                },
                {
                    "req_id": 631795832,
                    "timesteps_left": 0,
                    "zone_from": 18,
                    "zone_to": 12
                },
                {
                    "req_id": 1316489609,
                    "timesteps_left": 0,
                    "zone_from": 10,
                    "zone_to": 14
                },
                {
                    "req_id": 2004198601,
                    "timesteps_left": 0,
                    "zone_from": 0,
                    "zone_to": 27
                },
                {
                    "req_id": 626253889,
                    "timesteps_left": 0,
                    "zone_from": 29,
                    "zone_to": 55
                },
                {
                    "req_id": 1179523805,
                    "timesteps_left": 0,
                    "zone_from": 13,
                    "zone_to": 19
                },
                {
                    "req_id": 828396314,
                    "timesteps_left": 0,
                    "zone_from": 61,
                    "zone_to": 11
                },
                {
                    "req_id": 374337457,
                    "timesteps_left": 1,
                    "zone_from": 37,
                    "zone_to": 29
                },
                {
                    "req_id": 714668753,
                    "timesteps_left": 1,
                    "zone_from": 8,
                    "zone_to": 59
                },
                {
                    "req_id": 1323733486,
                    "timesteps_left": 1,
                    "zone_from": 31,
                    "zone_to": 62
                },
                {
                    "req_id": 423536205,
                    "timesteps_left": 1,
                    "zone_from": 54,
                    "zone_to": 30
                },
                {
                    "req_id": 59471139,
                    "timesteps_left": 1,
                    "zone_from": 39,
                    "zone_to": 6
                },
                {
                    "req_id": 1120516253,
                    "timesteps_left": 1,
                    "zone_from": 51,
                    "zone_to": 18
                },
                {
                    "req_id": 1072912482,
                    "timesteps_left": 1,
                    "zone_from": 60,
                    "zone_to": 32
                },
                {
                    "req_id": 622799884,
                    "timesteps_left": 1,
                    "zone_from": 51,
                    "zone_to": 26
                },
                {
                    "req_id": 603412805,
                    "timesteps_left": 1,
                    "zone_from": 20,
                    "zone_to": 44
                },
                {
                    "req_id": 1094818356,
                    "timesteps_left": 1,
                    "zone_from": 51,
                    "zone_to": 30
                }
            ],
            "cars": [
                {
                    "car_id": 1613885322,
                    "n_reqs": 2,
                    "reqs_in_car": [
                        1120516253,
                        622799884
                    ],
                    "path": [
                        51,
                        51,
                        18,
                        26
                    ],
                    "reward": 0.195464,
                    "icds": [
                        0,
                        1
                    ],
                    "dist_red": 1342.0
                }
            ]
        }
    ],
    "serv_rate": 23.0,
    "n_cars": 9,
    "avg_occ": 1.3111111111111111,
    "dist_red": 19.802,
    "dist_red_perc": 0,
    "trip_red": 14,
    "trip_red_perc": 2,
    "kg_co2_red": 2,
    "icd_mean": 4
}