{
    "timesteps": [
        {
            "t": 0,
            "reqs": [
                {
                    "req_id": 1734567488,
                    "timesteps_left": 5,
                    "zone_from": 58,
                    "zone_to": 8
                },
                {
                    "req_id": 2032369057,
                    "timesteps_left": 5,
                    "zone_from": 16,
                    "zone_to": 31
                },
                {
                    "req_id": 945770463,
                    "timesteps_left": 5,
                    "zone_from": 49,
                    "zone_to": 31
                },
                {
                    "req_id": 1823104619,
                    "timesteps_left": 5,
                    "zone_from": 42,
                    "zone_to": 13
                },
                {
                    "req_id": 1743045797,
                    "timesteps_left": 5,
                    "zone_from": 10,
                    "zone_to": 10
                },
                {
                    "req_id": 1862087282,
                    "timesteps_left": 5,
                    "zone_from": 39,
                    "zone_to": 28
                },
                {
                    "req_id": 1817459456,
                    "timesteps_left": 5,
                    "zone_from": 38,
                    "zone_to": 10
                },
                {
                    "req_id": 337961723,
                    "timesteps_left": 5,
                    "zone_from": 15,
                    "zone_to": 47
                },
                {
                    "req_id": 1338390547,
                    "timesteps_left": 5,
                    "zone_from": 17,
                    "zone_to": 45
                },
                {
                    "req_id": 1442415620,
                    "timesteps_left": 5,
                    "zone_from": 28,
                    "zone_to": 19
                }
            ],
            "cars": []
        },
        {
            "t": 1,
            "reqs": [
                {
                    "req_id": 945770463,
                    "timesteps_left": 4,
                    "zone_from": 49,
                    "zone_to": 31
                },
                {
                    "req_id": 337961723,
                    "timesteps_left": 4,
                    "zone_from": 15,
                    "zone_to": 47
                },
                {
                    "req_id": 1734567488,
                    "timesteps_left": 4,
                    "zone_from": 58,
                    "zone_to": 8
                },
                {
                    "req_id": 2032369057,
                    "timesteps_left": 4,
                    "zone_from": 16,
                    "zone_to": 31
                },
                {
                    "req_id": 1823104619,
                    "timesteps_left": 4,
                    "zone_from": 42,
                    "zone_to": 13
                },
                {
                    "req_id": 1817459456,
                    "timesteps_left": 4,
                    "zone_from": 38,
                    "zone_to": 10
                },
                {
                    "req_id": 1442415620,
                    "timesteps_left": 4,
                    "zone_from": 28,
                    "zone_to": 19
                },
                {
                    "req_id": 1743045797,
                    "timesteps_left": 4,
                    "zone_from": 10,
                    "zone_to": 10
                },
                {
                    "req_id": 1338390547,
                    "timesteps_left": 4,
                    "zone_from": 17,
                    "zone_to": 45
                },
                {
                    "req_id": 1862087282,
                    "timesteps_left": 4,
                    "zone_from": 39,
                    "zone_to": 28
                },
                {
                    "req_id": 2046632198,
                    "timesteps_left": 5,
                    "zone_from": 36,
                    "zone_to": 8
                },
                {
                    "req_id": 307320570,
                    "timesteps_left": 5,
                    "zone_from": 41,
                    "zone_to": 41
                },
                {
                    "req_id": 2047095950,
                    "timesteps_left": 5,
                    "zone_from": 13,
                    "zone_to": 16
                },
                {
                    "req_id": 949820607,
                    "timesteps_left": 5,
                    "zone_from": 26,
                    "zone_to": 45
                },
                {
                    "req_id": 587783774,
                    "timesteps_left": 5,
                    "zone_from": 16,
                    "zone_to": 20
                },
                {
                    "req_id": 1267547732,
                    "timesteps_left": 5,
                    "zone_from": 26,
                    "zone_to": 8
                },
                {
                    "req_id": 458754356,
                    "timesteps_left": 5,
                    "zone_from": 8,
                    "zone_to": 46
                },
                {
                    "req_id": 370743175,
                    "timesteps_left": 5,
                    "zone_from": 59,
                    "zone_to": 13
                },
                {
                    "req_id": 1984295766,
                    "timesteps_left": 5,
                    "zone_from": 0,
                    "zone_to": 52
                },
                {
                    "req_id": 1664328200,
                    "timesteps_left": 5,
                    "zone_from": 53,
                    "zone_to": 51
                }
            ],
            "cars": []
        },
        {
            "t": 2,
            "reqs": [
                {
                    "req_id": 2032369057,
                    "timesteps_left": 3,
                    "zone_from": 16,
                    "zone_to": 31
                },
                {
                    "req_id": 587783774,
                    "timesteps_left": 4,
                    "zone_from": 16,
                    "zone_to": 20
                },
                {
                    "req_id": 945770463,
                    "timesteps_left": 3,
                    "zone_from": 49,
                    "zone_to": 31
                },
                {
                    "req_id": 337961723,
                    "timesteps_left": 3,
                    "zone_from": 15,
                    "zone_to": 47
                },
                {
                    "req_id": 2047095950,
                    "timesteps_left": 4,
                    "zone_from": 13,
                    "zone_to": 16
                },
                {
                    "req_id": 1862087282,
                    "timesteps_left": 3,
                    "zone_from": 39,
                    "zone_to": 28
                },
                {
                    "req_id": 1984295766,
                    "timesteps_left": 4,
                    "zone_from": 0,
                    "zone_to": 52
                },
                {
                    "req_id": 458754356,
                    "timesteps_left": 4,
                    "zone_from": 8,
                    "zone_to": 46
                },
                {
                    "req_id": 1267547732,
                    "timesteps_left": 4,
                    "zone_from": 26,
                    "zone_to": 8
                },
                {
                    "req_id": 1734567488,
                    "timesteps_left": 3,
                    "zone_from": 58,
                    "zone_to": 8
                },
                {
                    "req_id": 1823104619,
                    "timesteps_left": 3,
                    "zone_from": 42,
                    "zone_to": 13
                },
                {
                    "req_id": 1338390547,
                    "timesteps_left": 3,
                    "zone_from": 17,
                    "zone_to": 45
                },
                {
                    "req_id": 307320570,
                    "timesteps_left": 4,
                    "zone_from": 41,
                    "zone_to": 41
                },
                {
                    "req_id": 949820607,
                    "timesteps_left": 4,
                    "zone_from": 26,
                    "zone_to": 45
                },
                {
                    "req_id": 370743175,
                    "timesteps_left": 4,
                    "zone_from": 59,
                    "zone_to": 13
                },
                {
                    "req_id": 1442415620,
                    "timesteps_left": 3,
                    "zone_from": 28,
                    "zone_to": 19
                },
                {
                    "req_id": 1664328200,
                    "timesteps_left": 4,
                    "zone_from": 53,
                    "zone_to": 51
                },
                {
                    "req_id": 1817459456,
                    "timesteps_left": 3,
                    "zone_from": 38,
                    "zone_to": 10
                },
                {
                    "req_id": 1743045797,
                    "timesteps_left": 3,
                    "zone_from": 10,
                    "zone_to": 10
                },
                {
                    "req_id": 2046632198,
                    "timesteps_left": 4,
                    "zone_from": 36,
                    "zone_to": 8
                },
                {
                    "req_id": 1327057420,
                    "timesteps_left": 5,
                    "zone_from": 51,
                    "zone_to": 8
                },
                {
                    "req_id": 872187190,
                    "timesteps_left": 5,
                    "zone_from": 53,
                    "zone_to": 62
                },
                {
                    "req_id": 38313226,
                    "timesteps_left": 5,
                    "zone_from": 28,
                    "zone_to": 41
                },
                {
                    "req_id": 1072047598,
                    "timesteps_left": 5,
                    "zone_from": 14,
                    "zone_to": 10
                },
                {
                    "req_id": 907093592,
                    "timesteps_left": 5,
                    "zone_from": 18,
                    "zone_to": 42
                },
                {
                    "req_id": 996274471,
                    "timesteps_left": 5,
                    "zone_from": 13,
                    "zone_to": 52
                },
                {
                    "req_id": 1507777456,
                    "timesteps_left": 5,
                    "zone_from": 32,
                    "zone_to": 18
                },
                {
                    "req_id": 1701170773,
                    "timesteps_left": 5,
                    "zone_from": 38,
                    "zone_to": 48
                },
                {
                    "req_id": 1850227851,
                    "timesteps_left": 5,
                    "zone_from": 52,
                    "zone_to": 53
                },
                {
                    "req_id": 1886287815,
                    "timesteps_left": 5,
                    "zone_from": 59,
                    "zone_to": 8
                }
            ],
            "cars": []
        },
        {
            "t": 3,
            "reqs": [
                {
                    "req_id": 1817459456,
                    "timesteps_left": 2,
                    "zone_from": 38,
                    "zone_to": 10
                },
                {
                    "req_id": 1701170773,
                    "timesteps_left": 4,
                    "zone_from": 38,
                    "zone_to": 48
                },
                {
                    "req_id": 1743045797,
                    "timesteps_left": 2,
                    "zone_from": 10,
                    "zone_to": 10
                },
                {
                    "req_id": 2032369057,
                    "timesteps_left": 2,
                    "zone_from": 16,
                    "zone_to": 31
                },
                {
                    "req_id": 587783774,
                    "timesteps_left": 3,
                    "zone_from": 16,
                    "zone_to": 20
                },
                {
                    "req_id": 337961723,
                    "timesteps_left": 2,
                    "zone_from": 15,
                    "zone_to": 47
                },
                {
                    "req_id": 2047095950,
                    "timesteps_left": 3,
                    "zone_from": 13,
                    "zone_to": 16
                },
                {
                    "req_id": 1507777456,
                    "timesteps_left": 4,
                    "zone_from": 32,
                    "zone_to": 18
                },
                {
                    "req_id": 1072047598,
                    "timesteps_left": 4,
                    "zone_from": 14,
                    "zone_to": 10
                },
                {
                    "req_id": 945770463,
                    "timesteps_left": 2,
                    "zone_from": 49,
                    "zone_to": 31
                },
                {
                    "req_id": 1862087282,
                    "timesteps_left": 2,
                    "zone_from": 39,
                    "zone_to": 28
                },
                {
                    "req_id": 1984295766,
                    "timesteps_left": 3,
                    "zone_from": 0,
                    "zone_to": 52
                },
                {
                    "req_id": 996274471,
                    "timesteps_left": 4,
                    "zone_from": 13,
                    "zone_to": 52
                },
                {
                    "req_id": 458754356,
                    "timesteps_left": 3,
                    "zone_from": 8,
                    "zone_to": 46
                },
                {
                    "req_id": 2046632198,
                    "timesteps_left": 3,
                    "zone_from": 36,
                    "zone_to": 8
                },
                {
                    "req_id": 1327057420,
                    "timesteps_left": 4,
                    "zone_from": 51,
                    "zone_to": 8
                },
                {
                    "req_id": 1886287815,
                    "timesteps_left": 4,
                    "zone_from": 59,
                    "zone_to": 8
                },
                {
                    "req_id": 1267547732,
                    "timesteps_left": 3,
                    "zone_from": 26,
                    "zone_to": 8
                },
                {
                    "req_id": 907093592,
                    "timesteps_left": 4,
                    "zone_from": 18,
                    "zone_to": 42
                },
                {
                    "req_id": 1734567488,
                    "timesteps_left": 2,
                    "zone_from": 58,
                    "zone_to": 8
                },
                {
                    "req_id": 1823104619,
                    "timesteps_left": 2,
                    "zone_from": 42,
                    "zone_to": 13
                },
                {
                    "req_id": 1338390547,
                    "timesteps_left": 2,
                    "zone_from": 17,
                    "zone_to": 45
                },
                {
                    "req_id": 307320570,
                    "timesteps_left": 3,
                    "zone_from": 41,
                    "zone_to": 41
                },
                {
                    "req_id": 949820607,
                    "timesteps_left": 3,
                    "zone_from": 26,
                    "zone_to": 45
                },
                {
                    "req_id": 370743175,
                    "timesteps_left": 3,
                    "zone_from": 59,
                    "zone_to": 13
                },
                {
                    "req_id": 1442415620,
                    "timesteps_left": 2,
                    "zone_from": 28,
                    "zone_to": 19
                },
                {
                    "req_id": 1664328200,
                    "timesteps_left": 3,
                    "zone_from": 53,
                    "zone_to": 51
                },
                {
                    "req_id": 38313226,
                    "timesteps_left": 4,
                    "zone_from": 28,
                    "zone_to": 41
                },
                {
                    "req_id": 1850227851,
                    "timesteps_left": 4,
                    "zone_from": 52,
                    "zone_to": 53
                },
                {
                    "req_id": 872187190,
                    "timesteps_left": 4,
                    "zone_from": 53,
                    "zone_to": 62
                },
                {
                    "req_id": 1293937013,
                    "timesteps_left": 5,
                    "zone_from": 32,
                    "zone_to": 62
                },
                {
                    "req_id": 1743574031,
                    "timesteps_left": 5,
                    "zone_from": 42,
                    "zone_to": 35
                },
                {
                    "req_id": 648098191,
                    "timesteps_left": 5,
                    "zone_from": 50,
                    "zone_to": 47
                },
                {
                    "req_id": 782023912,
                    "timesteps_left": 5,
                    "zone_from": 53,
                    "zone_to": 13
                },
                {
                    "req_id": 764140179,
                    "timesteps_left": 5,
                    "zone_from": 20,
                    "zone_to": 62
                },
                {
                    "req_id": 1555781896,
                    "timesteps_left": 5,
                    "zone_from": 18,
                    "zone_to": 37
                },
                {
                    "req_id": 894505754,
                    "timesteps_left": 5,
                    "zone_from": 39,
                    "zone_to": 17
                },
                {
                    "req_id": 789018606,
                    "timesteps_left": 5,
                    "zone_from": 35,
                    "zone_to": 16
                },
                {
                    "req_id": 79255933,
                    "timesteps_left": 5,
                    "zone_from": 48,
                    "zone_to": 16
                },
                {
                    "req_id": 694411876,
                    "timesteps_left": 5,
                    "zone_from": 42,
                    "zone_to": 13
                }
            ],
            "cars": []
        },
        {
            "t": 4,
            "reqs": [
                {
                    "req_id": 1817459456,
                    "timesteps_left": 1,
                    "zone_from": 38,
                    "zone_to": 10
                },
                {
                    "req_id": 1701170773,
                    "timesteps_left": 3,
                    "zone_from": 38,
                    "zone_to": 48
                },
                {
                    "req_id": 2032369057,
                    "timesteps_left": 1,
                    "zone_from": 16,
                    "zone_to": 31
                },
                {
                    "req_id": 587783774,
                    "timesteps_left": 2,
                    "zone_from": 16,
                    "zone_to": 20
                },
                {
                    "req_id": 945770463,
                    "timesteps_left": 1,
                    "zone_from": 49,
                    "zone_to": 31
                },
                {
                    "req_id": 337961723,
                    "timesteps_left": 1,
                    "zone_from": 15,
                    "zone_to": 47
                },
                {
                    "req_id": 1072047598,
                    "timesteps_left": 3,
                    "zone_from": 14,
                    "zone_to": 10
                },
                {
                    "req_id": 789018606,
                    "timesteps_left": 4,
                    "zone_from": 35,
                    "zone_to": 16
                },
                {
                    "req_id": 79255933,
                    "timesteps_left": 4,
                    "zone_from": 48,
                    "zone_to": 16
                },
                {
                    "req_id": 1743045797,
                    "timesteps_left": 1,
                    "zone_from": 10,
                    "zone_to": 10
                },
                {
                    "req_id": 1984295766,
                    "timesteps_left": 2,
                    "zone_from": 0,
                    "zone_to": 52
                },
                {
                    "req_id": 996274471,
                    "timesteps_left": 3,
                    "zone_from": 13,
                    "zone_to": 52
                },
                {
                    "req_id": 2047095950,
                    "timesteps_left": 2,
                    "zone_from": 13,
                    "zone_to": 16
                },
                {
                    "req_id": 907093592,
                    "timesteps_left": 3,
                    "zone_from": 18,
                    "zone_to": 42
                },
                {
                    "req_id": 1734567488,
                    "timesteps_left": 1,
                    "zone_from": 58,
                    "zone_to": 8
                },
                {
                    "req_id": 1507777456,
                    "timesteps_left": 3,
                    "zone_from": 32,
                    "zone_to": 18
                },
                {
                    "req_id": 1293937013,
                    "timesteps_left": 4,
                    "zone_from": 32,
                    "zone_to": 62
                },
                {
                    "req_id": 872187190,
                    "timesteps_left": 3,
                    "zone_from": 53,
                    "zone_to": 62
                },
                {
                    "req_id": 1850227851,
                    "timesteps_left": 3,
                    "zone_from": 52,
                    "zone_to": 53
                },
                {
                    "req_id": 307320570,
                    "timesteps_left": 2,
                    "zone_from": 41,
                    "zone_to": 41
                },
                {
                    "req_id": 1862087282,
                    "timesteps_left": 1,
                    "zone_from": 39,
                    "zone_to": 28
                },
                {
                    "req_id": 764140179,
                    "timesteps_left": 4,
                    "zone_from": 20,
                    "zone_to": 62
                },
                {
                    "req_id": 894505754,
                    "timesteps_left": 4,
                    "zone_from": 39,
                    "zone_to": 17
                },
                {
                    "req_id": 458754356,
                    "timesteps_left": 2,
                    "zone_from": 8,
                    "zone_to": 46
                },
                {
                    "req_id": 1886287815,
                    "timesteps_left": 3,
                    "zone_from": 59,
                    "zone_to": 8
                },
                {
                    "req_id": 2046632198,
                    "timesteps_left": 2,
                    "zone_from": 36,
                    "zone_to": 8
                },
                {
                    "req_id": 1267547732,
                    "timesteps_left": 2,
                    "zone_from": 26,
                    "zone_to": 8
                },
                {
                    "req_id": 1327057420,
                    "timesteps_left": 3,
                    "zone_from": 51,
                    "zone_to": 8
                },
                {
                    "req_id": 1555781896,
                    "timesteps_left": 4,
                    "zone_from": 18,
                    "zone_to": 37
                },
                {
                    "req_id": 648098191,
                    "timesteps_left": 4,
                    "zone_from": 50,
                    "zone_to": 47
                },
                {
                    "req_id": 1823104619,
                    "timesteps_left": 1,
                    "zone_from": 42,
                    "zone_to": 13
                },
                {
                    "req_id": 694411876,
                    "timesteps_left": 4,
                    "zone_from": 42,
                    "zone_to": 13
                },
                {
                    "req_id": 370743175,
                    "timesteps_left": 2,
                    "zone_from": 59,
                    "zone_to": 13
                },
                {
                    "req_id": 1338390547,
                    "timesteps_left": 1,
                    "zone_from": 17,
                    "zone_to": 45
                },
                {
                    "req_id": 1743574031,
                    "timesteps_left": 4,
                    "zone_from": 42,
                    "zone_to": 35
                },
                {
                    "req_id": 1442415620,
                    "timesteps_left": 1,
                    "zone_from": 28,
                    "zone_to": 19
                },
                {
                    "req_id": 1664328200,
                    "timesteps_left": 2,
                    "zone_from": 53,
                    "zone_to": 51
                },
                {
                    "req_id": 38313226,
                    "timesteps_left": 3,
                    "zone_from": 28,
                    "zone_to": 41
                },
                {
                    "req_id": 782023912,
                    "timesteps_left": 4,
                    "zone_from": 53,
                    "zone_to": 13
                },
                {
                    "req_id": 949820607,
                    "timesteps_left": 2,
                    "zone_from": 26,
                    "zone_to": 45
                },
                {
                    "req_id": 1216516006,
                    "timesteps_left": 5,
                    "zone_from": 40,
                    "zone_to": 54
                },
                {
                    "req_id": 1088589252,
                    "timesteps_left": 5,
                    "zone_from": 38,
                    "zone_to": 10
                },
                {
                    "req_id": 2010784740,
                    "timesteps_left": 5,
                    "zone_from": 37,
                    "zone_to": 36
                },
                {
                    "req_id": 995511829,
                    "timesteps_left": 5,
                    "zone_from": 20,
                    "zone_to": 48
                },
                {
                    "req_id": 1579942751,
                    "timesteps_left": 5,
                    "zone_from": 32,
                    "zone_to": 2
                },
                {
                    "req_id": 1994721154,
                    "timesteps_left": 5,
                    "zone_from": 31,
                    "zone_to": 58
                },
                {
                    "req_id": 1501875184,
                    "timesteps_left": 5,
                    "zone_from": 51,
                    "zone_to": 8
                },
                {
                    "req_id": 72522609,
                    "timesteps_left": 5,
                    "zone_from": 44,
                    "zone_to": 55
                },
                {
                    "req_id": 1682241229,
                    "timesteps_left": 5,
                    "zone_from": 48,
                    "zone_to": 20
                },
                {
                    "req_id": 1236614003,
                    "timesteps_left": 5,
                    "zone_from": 13,
                    "zone_to": 32
                }
            ],
            "cars": []
        },
        {
            "t": 5,
            "reqs": [
                {
                    "req_id": 1216516006,
                    "timesteps_left": 4,
                    "zone_from": 40,
                    "zone_to": 54
                },
                {
                    "req_id": 2032369057,
                    "timesteps_left": 0,
                    "zone_from": 16,
                    "zone_to": 31
                },
                {
                    "req_id": 587783774,
                    "timesteps_left": 1,
                    "zone_from": 16,
                    "zone_to": 20
                },
                {
                    "req_id": 1236614003,
                    "timesteps_left": 4,
                    "zone_from": 13,
                    "zone_to": 32
                },
                {
                    "req_id": 2047095950,
                    "timesteps_left": 1,
                    "zone_from": 13,
                    "zone_to": 16
                },
                {
                    "req_id": 1817459456,
                    "timesteps_left": 0,
                    "zone_from": 38,
                    "zone_to": 10
                },
                {
                    "req_id": 1088589252,
                    "timesteps_left": 4,
                    "zone_from": 38,
                    "zone_to": 10
                },
                {
                    "req_id": 1743045797,
                    "timesteps_left": 0,
                    "zone_from": 10,
                    "zone_to": 10
                },
                {
                    "req_id": 1701170773,
                    "timesteps_left": 2,
                    "zone_from": 38,
                    "zone_to": 48
                },
                {
                    "req_id": 995511829,
                    "timesteps_left": 4,
                    "zone_from": 20,
                    "zone_to": 48
                },
                {
                    "req_id": 337961723,
                    "timesteps_left": 0,
                    "zone_from": 15,
                    "zone_to": 47
                },
                {
                    "req_id": 1072047598,
                    "timesteps_left": 2,
                    "zone_from": 14,
                    "zone_to": 10
                },
                {
                    "req_id": 894505754,
                    "timesteps_left": 3,
                    "zone_from": 39,
                    "zone_to": 17
                },
                {
                    "req_id": 945770463,
                    "timesteps_left": 0,
                    "zone_from": 49,
                    "zone_to": 31
                },
                {
                    "req_id": 907093592,
                    "timesteps_left": 2,
                    "zone_from": 18,
                    "zone_to": 42
                },
                {
                    "req_id": 79255933,
                    "timesteps_left": 3,
                    "zone_from": 48,
                    "zone_to": 16
                },
                {
                    "req_id": 1682241229,
                    "timesteps_left": 4,
                    "zone_from": 48,
                    "zone_to": 20
                },
                {
                    "req_id": 789018606,
                    "timesteps_left": 3,
                    "zone_from": 35,
                    "zone_to": 16
                },
                {
                    "req_id": 1507777456,
                    "timesteps_left": 2,
                    "zone_from": 32,
                    "zone_to": 18
                },
                {
                    "req_id": 1579942751,
                    "timesteps_left": 4,
                    "zone_from": 32,
                    "zone_to": 2
                },
                {
                    "req_id": 1984295766,
                    "timesteps_left": 1,
                    "zone_from": 0,
                    "zone_to": 52
                },
                {
                    "req_id": 996274471,
                    "timesteps_left": 2,
                    "zone_from": 13,
                    "zone_to": 52
                },
                {
                    "req_id": 1555781896,
                    "timesteps_left": 3,
                    "zone_from": 18,
                    "zone_to": 37
                },
                {
                    "req_id": 307320570,
                    "timesteps_left": 1,
                    "zone_from": 41,
                    "zone_to": 41
                },
                {
                    "req_id": 2010784740,
                    "timesteps_left": 4,
                    "zone_from": 37,
                    "zone_to": 36
                },
                {
                    "req_id": 1886287815,
                    "timesteps_left": 2,
                    "zone_from": 59,
                    "zone_to": 8
                },
                {
                    "req_id": 1994721154,
                    "timesteps_left": 4,
                    "zone_from": 31,
                    "zone_to": 58
                },
                {
                    "req_id": 1293937013,
                    "timesteps_left": 3,
                    "zone_from": 32,
                    "zone_to": 62
                },
                {
                    "req_id": 1734567488,
                    "timesteps_left": 0,
                    "zone_from": 58,
                    "zone_to": 8
                },
                {
                    "req_id": 458754356,
                    "timesteps_left": 1,
                    "zone_from": 8,
                    "zone_to": 46
                },
                {
                    "req_id": 1862087282,
                    "timesteps_left": 0,
                    "zone_from": 39,
                    "zone_to": 28
                },
                {
                    "req_id": 764140179,
                    "timesteps_left": 3,
                    "zone_from": 20,
                    "zone_to": 62
                },
                {
                    "req_id": 872187190,
                    "timesteps_left": 2,
                    "zone_from": 53,
                    "zone_to": 62
                },
                {
                    "req_id": 72522609,
                    "timesteps_left": 4,
                    "zone_from": 44,
                    "zone_to": 55
                },
                {
                    "req_id": 1850227851,
                    "timesteps_left": 2,
                    "zone_from": 52,
                    "zone_to": 53
                },
                {
                    "req_id": 1327057420,
                    "timesteps_left": 2,
                    "zone_from": 51,
                    "zone_to": 8
                },
                {
                    "req_id": 1501875184,
                    "timesteps_left": 4,
                    "zone_from": 51,
                    "zone_to": 8
                },
                {
                    "req_id": 648098191,
                    "timesteps_left": 3,
                    "zone_from": 50,
                    "zone_to": 47
                },
                {
                    "req_id": 1267547732,
                    "timesteps_left": 1,
                    "zone_from": 26,
                    "zone_to": 8
                },
                {
                    "req_id": 2046632198,
                    "timesteps_left": 1,
                    "zone_from": 36,
                    "zone_to": 8
                },
                {
                    "req_id": 1823104619,
                    "timesteps_left": 0,
                    "zone_from": 42,
                    "zone_to": 13
                },
                {
                    "req_id": 694411876,
                    "timesteps_left": 3,
                    "zone_from": 42,
                    "zone_to": 13
                },
                {
                    "req_id": 370743175,
                    "timesteps_left": 1,
                    "zone_from": 59,
                    "zone_to": 13
                },
                {
                    "req_id": 1338390547,
                    "timesteps_left": 0,
                    "zone_from": 17,
                    "zone_to": 45
                },
                {
                    "req_id": 1743574031,
                    "timesteps_left": 3,
                    "zone_from": 42,
                    "zone_to": 35
                },
                {
                    "req_id": 1442415620,
                    "timesteps_left": 0,
                    "zone_from": 28,
                    "zone_to": 19
                },
                {
                    "req_id": 1664328200,
                    "timesteps_left": 1,
                    "zone_from": 53,
                    "zone_to": 51
                },
                {
                    "req_id": 38313226,
                    "timesteps_left": 2,
                    "zone_from": 28,
                    "zone_to": 41
                },
                {
                    "req_id": 782023912,
                    "timesteps_left": 3,
                    "zone_from": 53,
                    "zone_to": 13
                },
                {
                    "req_id": 949820607,
                    "timesteps_left": 1,
                    "zone_from": 26,
                    "zone_to": 45
                },
                {
                    "req_id": 960541736,
                    "timesteps_left": 5,
                    "zone_from": 9,
                    "zone_to": 27
                },
                {
                    "req_id": 954042884,
                    "timesteps_left": 5,
                    "zone_from": 29,
                    "zone_to": 54
                },
                {
                    "req_id": 2110830682,
                    "timesteps_left": 5,
                    "zone_from": 16,
                    "zone_to": 14
                },
                {
                    "req_id": 1644650009,
                    "timesteps_left": 5,
                    "zone_from": 54,
                    "zone_to": 45
                },
                {
                    "req_id": 988224692,
                    "timesteps_left": 5,
                    "zone_from": 59,
                    "zone_to": 4
                },
                {
                    "req_id": 2058619222,
                    "timesteps_left": 5,
                    "zone_from": 51,
                    "zone_to": 53
                },
                {
                    "req_id": 733703047,
                    "timesteps_left": 5,
                    "zone_from": 21,
                    "zone_to": 57
                },
                {
                    "req_id": 666572996,
                    "timesteps_left": 5,
                    "zone_from": 4,
                    "zone_to": 4
                },
                {
                    "req_id": 628741390,
                    "timesteps_left": 5,
                    "zone_from": 50,
                    "zone_to": 37
                },
                {
                    "req_id": 192277800,
                    "timesteps_left": 5,
                    "zone_from": 40,
                    "zone_to": 32
                }
            ],
            "cars": [
                {
                    "car_id": 802934406,
                    "n_reqs": 4,
                    "reqs_in_car": [
                        1823104619,
                        1823104619,
                        1338390547,
                        949820607
                    ],
                    "path": [
                        17,
                        42,
                        42,
                        26,
                        13,
                        13,
                        45,
                        45
                    ],
                    "reward": 2.57571,
                    "icds": [
                        280,
                        280,
                        626,
                        300
                    ],
                    "dist_red": 8835.0
                },
                {
                    "car_id": 176139849,
                    "n_reqs": 5,
                    "reqs_in_car": [
                        2032369057,
                        2110830682,
                        587783774,
                        995511829,
                        945770463
                    ],
                    "path": [
                        16,
                        16,
                        16,
                        20,
                        20,
                        49,
                        14,
                        48,
                        31,
                        31
                    ],
                    "reward": 2.87351,
                    "icds": [
                        1836,
                        569,
                        0,
                        1069,
                        871
                    ],
                    "dist_red": 7744.0
                },
                {
                    "car_id": 368307180,
                    "n_reqs": 5,
                    "reqs_in_car": [
                        1817459456,
                        1817459456,
                        1743045797,
                        1701170773,
                        1743574031
                    ],
                    "path": [
                        38,
                        38,
                        38,
                        42,
                        10,
                        10,
                        10,
                        10,
                        35,
                        48
                    ],
                    "reward": 3.02829,
                    "icds": [
                        234,
                        234,
                        0,
                        459,
                        10
                    ],
                    "dist_red": 8448.0
                },
                {
                    "car_id": 1035084057,
                    "n_reqs": 5,
                    "reqs_in_car": [
                        337961723,
                        1072047598,
                        1886287815,
                        1994721154,
                        1734567488
                    ],
                    "path": [
                        15,
                        14,
                        31,
                        59,
                        10,
                        58,
                        58,
                        8,
                        8,
                        47
                    ],
                    "reward": 3.14901,
                    "icds": [
                        2538,
                        859,
                        548,
                        575,
                        0
                    ],
                    "dist_red": 14963.0
                },
                {
                    "car_id": 597809219,
                    "n_reqs": 5,
                    "reqs_in_car": [
                        1442415620,
                        1664328200,
                        307320570,
                        782023912,
                        38313226
                    ],
                    "path": [
                        53,
                        53,
                        28,
                        28,
                        41,
                        41,
                        41,
                        51,
                        19,
                        13
                    ],
                    "reward": 3.2341,
                    "icds": [
                        573,
                        537,
                        0,
                        1449,
                        0
                    ],
                    "dist_red": 11497.0
                },
                {
                    "car_id": 712982164,
                    "n_reqs": 5,
                    "reqs_in_car": [
                        458754356,
                        960541736,
                        1862087282,
                        1327057420,
                        1327057420
                    ],
                    "path": [
                        39,
                        51,
                        51,
                        9,
                        8,
                        8,
                        8,
                        46,
                        27,
                        28
                    ],
                    "reward": 2.736,
                    "icds": [
                        0,
                        352,
                        2325,
                        229,
                        229
                    ],
                    "dist_red": 8639.0
                }
            ]
        },
        {
            "t": 6,
            "reqs": [
                {
                    "req_id": 733703047,
                    "timesteps_left": 4,
                    "zone_from": 21,
                    "zone_to": 57
                },
                {
                    "req_id": 1644650009,
                    "timesteps_left": 4,
                    "zone_from": 54,
                    "zone_to": 45
                },
                {
                    "req_id": 192277800,
                    "timesteps_left": 4,
                    "zone_from": 40,
                    "zone_to": 32
                },
                {
                    "req_id": 1236614003,
                    "timesteps_left": 3,
                    "zone_from": 13,
                    "zone_to": 32
                },
                {
                    "req_id": 1850227851,
                    "timesteps_left": 1,
                    "zone_from": 52,
                    "zone_to": 53
                },
                {
                    "req_id": 1216516006,
                    "timesteps_left": 3,
                    "zone_from": 40,
                    "zone_to": 54
                },
                {
                    "req_id": 79255933,
                    "timesteps_left": 2,
                    "zone_from": 48,
                    "zone_to": 16
                },
                {
                    "req_id": 1507777456,
                    "timesteps_left": 1,
                    "zone_from": 32,
                    "zone_to": 18
                },
                {
                    "req_id": 370743175,
                    "timesteps_left": 0,
                    "zone_from": 59,
                    "zone_to": 13
                },
                {
                    "req_id": 789018606,
                    "timesteps_left": 2,
                    "zone_from": 35,
                    "zone_to": 16
                },
                {
                    "req_id": 2047095950,
                    "timesteps_left": 0,
                    "zone_from": 13,
                    "zone_to": 16
                },
                {
                    "req_id": 72522609,
                    "timesteps_left": 3,
                    "zone_from": 44,
                    "zone_to": 55
                },
                {
                    "req_id": 988224692,
                    "timesteps_left": 4,
                    "zone_from": 59,
                    "zone_to": 4
                },
                {
                    "req_id": 954042884,
                    "timesteps_left": 4,
                    "zone_from": 29,
                    "zone_to": 54
                },
                {
                    "req_id": 666572996,
                    "timesteps_left": 4,
                    "zone_from": 4,
                    "zone_to": 4
                },
                {
                    "req_id": 894505754,
                    "timesteps_left": 2,
                    "zone_from": 39,
                    "zone_to": 17
                },
                {
                    "req_id": 1984295766,
                    "timesteps_left": 0,
                    "zone_from": 0,
                    "zone_to": 52
                },
                {
                    "req_id": 996274471,
                    "timesteps_left": 1,
                    "zone_from": 13,
                    "zone_to": 52
                },
                {
                    "req_id": 2058619222,
                    "timesteps_left": 4,
                    "zone_from": 51,
                    "zone_to": 53
                },
                {
                    "req_id": 907093592,
                    "timesteps_left": 1,
                    "zone_from": 18,
                    "zone_to": 42
                },
                {
                    "req_id": 1555781896,
                    "timesteps_left": 2,
                    "zone_from": 18,
                    "zone_to": 37
                },
                {
                    "req_id": 1293937013,
                    "timesteps_left": 2,
                    "zone_from": 32,
                    "zone_to": 62
                },
                {
                    "req_id": 764140179,
                    "timesteps_left": 2,
                    "zone_from": 20,
                    "zone_to": 62
                },
                {
                    "req_id": 872187190,
                    "timesteps_left": 1,
                    "zone_from": 53,
                    "zone_to": 62
                },
                {
                    "req_id": 1682241229,
                    "timesteps_left": 3,
                    "zone_from": 48,
                    "zone_to": 20
                },
                {
                    "req_id": 1579942751,
                    "timesteps_left": 3,
                    "zone_from": 32,
                    "zone_to": 2
                },
                {
                    "req_id": 648098191,
                    "timesteps_left": 2,
                    "zone_from": 50,
                    "zone_to": 47
                },
                {
                    "req_id": 628741390,
                    "timesteps_left": 4,
                    "zone_from": 50,
                    "zone_to": 37
                },
                {
                    "req_id": 2010784740,
                    "timesteps_left": 3,
                    "zone_from": 37,
                    "zone_to": 36
                },
                {
                    "req_id": 1267547732,
                    "timesteps_left": 0,
                    "zone_from": 26,
                    "zone_to": 8
                },
                {
                    "req_id": 2046632198,
                    "timesteps_left": 0,
                    "zone_from": 36,
                    "zone_to": 8
                },
                {
                    "req_id": 1381463299,
                    "timesteps_left": 5,
                    "zone_from": 12,
                    "zone_to": 11
                },
                {
                    "req_id": 1683092334,
                    "timesteps_left": 5,
                    "zone_from": 57,
                    "zone_to": 33
                },
                {
                    "req_id": 150395483,
                    "timesteps_left": 5,
                    "zone_from": 61,
                    "zone_to": 27
                },
                {
                    "req_id": 1336501160,
                    "timesteps_left": 5,
                    "zone_from": 17,
                    "zone_to": 51
                },
                {
                    "req_id": 2056042170,
                    "timesteps_left": 5,
                    "zone_from": 46,
                    "zone_to": 18
                },
                {
                    "req_id": 667460762,
                    "timesteps_left": 5,
                    "zone_from": 8,
                    "zone_to": 52
                },
                {
                    "req_id": 1373736773,
                    "timesteps_left": 5,
                    "zone_from": 30,
                    "zone_to": 53
                },
                {
                    "req_id": 283502335,
                    "timesteps_left": 5,
                    "zone_from": 35,
                    "zone_to": 23
                },
                {
                    "req_id": 777442199,
                    "timesteps_left": 5,
                    "zone_from": 32,
                    "zone_to": 0
                },
                {
                    "req_id": 1614391214,
                    "timesteps_left": 5,
                    "zone_from": 48,
                    "zone_to": 20
                }
            ],
            "cars": [
                {
                    "car_id": 975892070,
                    "n_reqs": 4,
                    "reqs_in_car": [
                        789018606,
                        283502335,
                        2047095950,
                        370743175
                    ],
                    "path": [
                        35,
                        35,
                        59,
                        23,
                        13,
                        13,
                        16,
                        16
                    ],
                    "reward": 1.70909,
                    "icds": [
                        1733,
                        417,
                        0,
                        385
                    ],
                    "dist_red": 2925.0
                },
                {
                    "car_id": 709386968,
                    "n_reqs": 5,
                    "reqs_in_car": [
                        1984295766,
                        2058619222,
                        907093592,
                        1373736773,
                        667460762
                    ],
                    "path": [
                        0,
                        18,
                        51,
                        42,
                        8,
                        30,
                        53,
                        53,
                        52,
                        52
                    ],
                    "reward": 2.89188,
                    "icds": [
                        2401,
                        948,
                        217,
                        0,
                        365
                    ],
                    "dist_red": 11878.0
                },
                {
                    "car_id": 1207780764,
                    "n_reqs": 5,
                    "reqs_in_car": [
                        648098191,
                        1267547732,
                        2046632198,
                        2010784740,
                        628741390
                    ],
                    "path": [
                        26,
                        50,
                        50,
                        37,
                        37,
                        36,
                        36,
                        47,
                        8,
                        8
                    ],
                    "reward": 2.71293,
                    "icds": [
                        183,
                        519,
                        87,
                        0,
                        0
                    ],
                    "dist_red": 3453.0
                }
            ]
        },
        {
            "t": 7,
            "reqs": [
                {
                    "req_id": 1381463299,
                    "timesteps_left": 4,
                    "zone_from": 12,
                    "zone_to": 11
                },
                {
                    "req_id": 1216516006,
                    "timesteps_left": 2,
                    "zone_from": 40,
                    "zone_to": 54
                },
                {
                    "req_id": 1683092334,
                    "timesteps_left": 4,
                    "zone_from": 57,
                    "zone_to": 33
                },
                {
                    "req_id": 733703047,
                    "timesteps_left": 3,
                    "zone_from": 21,
                    "zone_to": 57
                },
                {
                    "req_id": 1336501160,
                    "timesteps_left": 4,
                    "zone_from": 17,
                    "zone_to": 51
                },
                {
                    "req_id": 2056042170,
                    "timesteps_left": 4,
                    "zone_from": 46,
                    "zone_to": 18
                },
                {
                    "req_id": 894505754,
                    "timesteps_left": 1,
                    "zone_from": 39,
                    "zone_to": 17
                },
                {
                    "req_id": 1644650009,
                    "timesteps_left": 3,
                    "zone_from": 54,
                    "zone_to": 45
                },
                {
                    "req_id": 192277800,
                    "timesteps_left": 3,
                    "zone_from": 40,
                    "zone_to": 32
                },
                {
                    "req_id": 1236614003,
                    "timesteps_left": 2,
                    "zone_from": 13,
                    "zone_to": 32
                },
                {
                    "req_id": 1850227851,
                    "timesteps_left": 0,
                    "zone_from": 52,
                    "zone_to": 53
                },
                {
                    "req_id": 150395483,
                    "timesteps_left": 4,
                    "zone_from": 61,
                    "zone_to": 27
                },
                {
                    "req_id": 1682241229,
                    "timesteps_left": 2,
                    "zone_from": 48,
                    "zone_to": 20
                },
                {
                    "req_id": 1614391214,
                    "timesteps_left": 4,
                    "zone_from": 48,
                    "zone_to": 20
                },
                {
                    "req_id": 79255933,
                    "timesteps_left": 1,
                    "zone_from": 48,
                    "zone_to": 16
                },
                {
                    "req_id": 1507777456,
                    "timesteps_left": 0,
                    "zone_from": 32,
                    "zone_to": 18
                },
                {
                    "req_id": 1579942751,
                    "timesteps_left": 2,
                    "zone_from": 32,
                    "zone_to": 2
                },
                {
                    "req_id": 72522609,
                    "timesteps_left": 2,
                    "zone_from": 44,
                    "zone_to": 55
                },
                {
                    "req_id": 988224692,
                    "timesteps_left": 3,
                    "zone_from": 59,
                    "zone_to": 4
                },
                {
                    "req_id": 764140179,
                    "timesteps_left": 1,
                    "zone_from": 20,
                    "zone_to": 62
                },
                {
                    "req_id": 666572996,
                    "timesteps_left": 3,
                    "zone_from": 4,
                    "zone_to": 4
                },
                {
                    "req_id": 954042884,
                    "timesteps_left": 3,
                    "zone_from": 29,
                    "zone_to": 54
                },
                {
                    "req_id": 996274471,
                    "timesteps_left": 0,
                    "zone_from": 13,
                    "zone_to": 52
                },
                {
                    "req_id": 1293937013,
                    "timesteps_left": 1,
                    "zone_from": 32,
                    "zone_to": 62
                },
                {
                    "req_id": 1555781896,
                    "timesteps_left": 1,
                    "zone_from": 18,
                    "zone_to": 37
                },
                {
                    "req_id": 777442199,
                    "timesteps_left": 4,
                    "zone_from": 32,
                    "zone_to": 0
                },
                {
                    "req_id": 872187190,
                    "timesteps_left": 0,
                    "zone_from": 53,
                    "zone_to": 62
                },
                {
                    "req_id": 919544441,
                    "timesteps_left": 5,
                    "zone_from": 38,
                    "zone_to": 42
                },
                {
                    "req_id": 1818504624,
                    "timesteps_left": 5,
                    "zone_from": 51,
                    "zone_to": 18
                },
                {
                    "req_id": 558077463,
                    "timesteps_left": 5,
                    "zone_from": 47,
                    "zone_to": 36
                },
                {
                    "req_id": 907259415,
                    "timesteps_left": 5,
                    "zone_from": 51,
                    "zone_to": 53
                },
                {
                    "req_id": 837171003,
                    "timesteps_left": 5,
                    "zone_from": 51,
                    "zone_to": 42
                },
                {
                    "req_id": 1889542835,
                    "timesteps_left": 5,
                    "zone_from": 12,
                    "zone_to": 55
                },
                {
                    "req_id": 1969055936,
                    "timesteps_left": 5,
                    "zone_from": 30,
                    "zone_to": 21
                },
                {
                    "req_id": 1778997870,
                    "timesteps_left": 5,
                    "zone_from": 17,
                    "zone_to": 41
                },
                {
                    "req_id": 668301921,
                    "timesteps_left": 5,
                    "zone_from": 26,
                    "zone_to": 52
                },
                {
                    "req_id": 2039282428,
                    "timesteps_left": 5,
                    "zone_from": 8,
                    "zone_to": 9
                }
            ],
            "cars": [
                {
                    "car_id": 881925699,
                    "n_reqs": 5,
                    "reqs_in_car": [
                        1644650009,
                        192277800,
                        1850227851,
                        1236614003,
                        150395483
                    ],
                    "path": [
                        40,
                        54,
                        52,
                        61,
                        27,
                        53,
                        45,
                        13,
                        32,
                        32
                    ],
                    "reward": 2.84979,
                    "icds": [
                        1275,
                        2389,
                        750,
                        0,
                        0
                    ],
                    "dist_red": 15209.0
                },
                {
                    "car_id": 361791205,
                    "n_reqs": 5,
                    "reqs_in_car": [
                        1682241229,
                        1682241229,
                        79255933,
                        1507777456,
                        1579942751
                    ],
                    "path": [
                        32,
                        32,
                        48,
                        48,
                        48,
                        2,
                        20,
                        20,
                        16,
                        18
                    ],
                    "reward": 2.70961,
                    "icds": [
                        522,
                        522,
                        903,
                        2356,
                        623
                    ],
                    "dist_red": 7294.0
                },
                {
                    "car_id": 1525583804,
                    "n_reqs": 5,
                    "reqs_in_car": [
                        764140179,
                        907259415,
                        837171003,
                        872187190,
                        1778997870
                    ],
                    "path": [
                        20,
                        51,
                        51,
                        42,
                        17,
                        41,
                        53,
                        53,
                        62,
                        62
                    ],
                    "reward": 2.94003,
                    "icds": [
                        2092,
                        967,
                        0,
                        0,
                        0
                    ],
                    "dist_red": 11024.0
                },
                {
                    "car_id": 2137530605,
                    "n_reqs": 5,
                    "reqs_in_car": [
                        996274471,
                        668301921,
                        1555781896,
                        1293937013,
                        777442199
                    ],
                    "path": [
                        32,
                        32,
                        0,
                        13,
                        18,
                        26,
                        37,
                        52,
                        52,
                        62
                    ],
                    "reward": 3.45397,
                    "icds": [
                        1006,
                        205,
                        206,
                        2046,
                        0
                    ],
                    "dist_red": 18725.0
                }
            ]
        },
        {
            "t": 8,
            "reqs": [
                {
                    "req_id": 1381463299,
                    "timesteps_left": 3,
                    "zone_from": 12,
                    "zone_to": 11
                },
                {
                    "req_id": 1889542835,
                    "timesteps_left": 4,
                    "zone_from": 12,
                    "zone_to": 55
                },
                {
                    "req_id": 1216516006,
                    "timesteps_left": 1,
                    "zone_from": 40,
                    "zone_to": 54
                },
                {
                    "req_id": 1683092334,
                    "timesteps_left": 3,
                    "zone_from": 57,
                    "zone_to": 33
                },
                {
                    "req_id": 733703047,
                    "timesteps_left": 2,
                    "zone_from": 21,
                    "zone_to": 57
                },
                {
                    "req_id": 1969055936,
                    "timesteps_left": 4,
                    "zone_from": 30,
                    "zone_to": 21
                },
                {
                    "req_id": 954042884,
                    "timesteps_left": 2,
                    "zone_from": 29,
                    "zone_to": 54
                },
                {
                    "req_id": 1336501160,
                    "timesteps_left": 3,
                    "zone_from": 17,
                    "zone_to": 51
                },
                {
                    "req_id": 2056042170,
                    "timesteps_left": 3,
                    "zone_from": 46,
                    "zone_to": 18
                },
                {
                    "req_id": 1818504624,
                    "timesteps_left": 4,
                    "zone_from": 51,
                    "zone_to": 18
                },
                {
                    "req_id": 919544441,
                    "timesteps_left": 4,
                    "zone_from": 38,
                    "zone_to": 42
                },
                {
                    "req_id": 894505754,
                    "timesteps_left": 0,
                    "zone_from": 39,
                    "zone_to": 17
                },
                {
                    "req_id": 72522609,
                    "timesteps_left": 1,
                    "zone_from": 44,
                    "zone_to": 55
                },
                {
                    "req_id": 988224692,
                    "timesteps_left": 2,
                    "zone_from": 59,
                    "zone_to": 4
                },
                {
                    "req_id": 558077463,
                    "timesteps_left": 4,
                    "zone_from": 47,
                    "zone_to": 36
                },
                {
                    "req_id": 2039282428,
                    "timesteps_left": 4,
                    "zone_from": 8,
                    "zone_to": 9
                },
                {
                    "req_id": 666572996,
                    "timesteps_left": 2,
                    "zone_from": 4,
                    "zone_to": 4
                },
                {
                    "req_id": 355264856,
                    "timesteps_left": 5,
                    "zone_from": 47,
                    "zone_to": 36
                },
                {
                    "req_id": 1863331377,
                    "timesteps_left": 5,
                    "zone_from": 62,
                    "zone_to": 53
                },
                {
                    "req_id": 651612795,
                    "timesteps_left": 5,
                    "zone_from": 48,
                    "zone_to": 18
                },
                {
                    "req_id": 597776383,
                    "timesteps_left": 5,
                    "zone_from": 50,
                    "zone_to": 13
                },
                {
                    "req_id": 570628748,
                    "timesteps_left": 5,
                    "zone_from": 42,
                    "zone_to": 42
                },
                {
                    "req_id": 1234862473,
                    "timesteps_left": 5,
                    "zone_from": 2,
                    "zone_to": 8
                },
                {
                    "req_id": 1629934624,
                    "timesteps_left": 5,
                    "zone_from": 52,
                    "zone_to": 18
                },
                {
                    "req_id": 755096262,
                    "timesteps_left": 5,
                    "zone_from": 28,
                    "zone_to": 41
                },
                {
                    "req_id": 835853068,
                    "timesteps_left": 5,
                    "zone_from": 36,
                    "zone_to": 13
                },
                {
                    "req_id": 267099066,
                    "timesteps_left": 5,
                    "zone_from": 62,
                    "zone_to": 28
                }
            ],
            "cars": [
                {
                    "car_id": 903269395,
                    "n_reqs": 5,
                    "reqs_in_car": [
                        651612795,
                        1234862473,
                        2039282428,
                        894505754,
                        1818504624
                    ],
                    "path": [
                        2,
                        48,
                        51,
                        18,
                        18,
                        39,
                        17,
                        8,
                        9,
                        8
                    ],
                    "reward": 1.77145,
                    "icds": [
                        318,
                        1920,
                        0,
                        0,
                        0
                    ],
                    "dist_red": 1930.0
                }
            ]
        },
        {
            "t": 9,
            "reqs": [
                {
                    "req_id": 558077463,
                    "timesteps_left": 3,
                    "zone_from": 47,
                    "zone_to": 36
                },
                {
                    "req_id": 355264856,
                    "timesteps_left": 4,
                    "zone_from": 47,
                    "zone_to": 36
                },
                {
                    "req_id": 72522609,
                    "timesteps_left": 0,
                    "zone_from": 44,
                    "zone_to": 55
                },
                {
                    "req_id": 988224692,
                    "timesteps_left": 1,
                    "zone_from": 59,
                    "zone_to": 4
                },
                {
                    "req_id": 1889542835,
                    "timesteps_left": 3,
                    "zone_from": 12,
                    "zone_to": 55
                },
                {
                    "req_id": 1381463299,
                    "timesteps_left": 2,
                    "zone_from": 12,
                    "zone_to": 11
                },
                {
                    "req_id": 666572996,
                    "timesteps_left": 1,
                    "zone_from": 4,
                    "zone_to": 4
                },
                {
                    "req_id": 1216516006,
                    "timesteps_left": 0,
                    "zone_from": 40,
                    "zone_to": 54
                },
                {
                    "req_id": 1683092334,
                    "timesteps_left": 2,
                    "zone_from": 57,
                    "zone_to": 33
                },
                {
                    "req_id": 733703047,
                    "timesteps_left": 1,
                    "zone_from": 21,
                    "zone_to": 57
                },
                {
                    "req_id": 1969055936,
                    "timesteps_left": 3,
                    "zone_from": 30,
                    "zone_to": 21
                },
                {
                    "req_id": 954042884,
                    "timesteps_left": 1,
                    "zone_from": 29,
                    "zone_to": 54
                },
                {
                    "req_id": 597776383,
                    "timesteps_left": 4,
                    "zone_from": 50,
                    "zone_to": 13
                },
                {
                    "req_id": 835853068,
                    "timesteps_left": 4,
                    "zone_from": 36,
                    "zone_to": 13
                },
                {
                    "req_id": 570628748,
                    "timesteps_left": 4,
                    "zone_from": 42,
                    "zone_to": 42
                },
                {
                    "req_id": 1336501160,
                    "timesteps_left": 2,
                    "zone_from": 17,
                    "zone_to": 51
                },
                {
                    "req_id": 919544441,
                    "timesteps_left": 3,
                    "zone_from": 38,
                    "zone_to": 42
                },
                {
                    "req_id": 1863331377,
                    "timesteps_left": 4,
                    "zone_from": 62,
                    "zone_to": 53
                },
                {
                    "req_id": 267099066,
                    "timesteps_left": 4,
                    "zone_from": 62,
                    "zone_to": 28
                },
                {
                    "req_id": 1629934624,
                    "timesteps_left": 4,
                    "zone_from": 52,
                    "zone_to": 18
                },
                {
                    "req_id": 755096262,
                    "timesteps_left": 4,
                    "zone_from": 28,
                    "zone_to": 41
                },
                {
                    "req_id": 2056042170,
                    "timesteps_left": 2,
                    "zone_from": 46,
                    "zone_to": 18
                },
                {
                    "req_id": 573634316,
                    "timesteps_left": 5,
                    "zone_from": 10,
                    "zone_to": 32
                },
                {
                    "req_id": 1216082519,
                    "timesteps_left": 5,
                    "zone_from": 10,
                    "zone_to": 10
                },
                {
                    "req_id": 698833766,
                    "timesteps_left": 5,
                    "zone_from": 28,
                    "zone_to": 37
                },
                {
                    "req_id": 755931819,
                    "timesteps_left": 5,
                    "zone_from": 62,
                    "zone_to": 18
                },
                {
                    "req_id": 872424515,
                    "timesteps_left": 5,
                    "zone_from": 20,
                    "zone_to": 39
                },
                {
                    "req_id": 125880593,
                    "timesteps_left": 5,
                    "zone_from": 10,
                    "zone_to": 39
                },
                {
                    "req_id": 1840594166,
                    "timesteps_left": 5,
                    "zone_from": 58,
                    "zone_to": 2
                },
                {
                    "req_id": 554062386,
                    "timesteps_left": 5,
                    "zone_from": 62,
                    "zone_to": 53
                },
                {
                    "req_id": 214610660,
                    "timesteps_left": 5,
                    "zone_from": 23,
                    "zone_to": 39
                },
                {
                    "req_id": 1862551703,
                    "timesteps_left": 5,
                    "zone_from": 20,
                    "zone_to": 45
                }
            ],
            "cars": [
                {
                    "car_id": 1339548653,
                    "n_reqs": 2,
                    "reqs_in_car": [
                        558077463,
                        558077463
                    ],
                    "path": [
                        47,
                        47,
                        36,
                        36
                    ],
                    "reward": 1.0,
                    "icds": [
                        0,
                        0
                    ],
                    "dist_red": 1456.0
                },
                {
                    "car_id": 228177048,
                    "n_reqs": 2,
                    "reqs_in_car": [
                        573634316,
                        1840594166
                    ],
                    "path": [
                        10,
                        58,
                        2,
                        32
                    ],
                    "reward": 0.383163,
                    "icds": [
                        792,
                        0
                    ],
                    "dist_red": 438.0
                },
                {
                    "car_id": 1037399804,
                    "n_reqs": 3,
                    "reqs_in_car": [
                        1863331377,
                        1863331377,
                        267099066
                    ],
                    "path": [
                        62,
                        62,
                        62,
                        28,
                        53,
                        53
                    ],
                    "reward": 1.9281,
                    "icds": [
                        70,
                        70,
                        0
                    ],
                    "dist_red": 3626.0
                },
                {
                    "car_id": 1221744124,
                    "n_reqs": 5,
                    "reqs_in_car": [
                        72522609,
                        988224692,
                        1381463299,
                        1889542835,
                        666572996
                    ],
                    "path": [
                        44,
                        59,
                        12,
                        12,
                        11,
                        4,
                        4,
                        4,
                        55,
                        55
                    ],
                    "reward": 2.1228,
                    "icds": [
                        2671,
                        742,
                        0,
                        906,
                        0
                    ],
                    "dist_red": 6596.0
                },
                {
                    "car_id": 424734336,
                    "n_reqs": 5,
                    "reqs_in_car": [
                        1216516006,
                        1683092334,
                        954042884,
                        1969055936,
                        733703047
                    ],
                    "path": [
                        29,
                        30,
                        40,
                        21,
                        57,
                        57,
                        21,
                        33,
                        54,
                        54
                    ],
                    "reward": 2.10092,
                    "icds": [
                        1929,
                        394,
                        2924,
                        452,
                        0
                    ],
                    "dist_red": 5481.0
                },
                {
                    "car_id": 1404073251,
                    "n_reqs": 5,
                    "reqs_in_car": [
                        597776383,
                        835853068,
                        1336501160,
                        919544441,
                        1862551703
                    ],
                    "path": [
                        50,
                        36,
                        38,
                        17,
                        42,
                        51,
                        20,
                        45,
                        13,
                        13
                    ],
                    "reward": 2.10632,
                    "icds": [
                        3353,
                        2493,
                        84,
                        237,
                        0
                    ],
                    "dist_red": 3804.0
                },
                {
                    "car_id": 339664138,
                    "n_reqs": 5,
                    "reqs_in_car": [
                        872424515,
                        214610660,
                        125880593,
                        1216082519,
                        570628748
                    ],
                    "path": [
                        23,
                        20,
                        42,
                        42,
                        10,
                        10,
                        10,
                        39,
                        39,
                        39
                    ],
                    "reward": 2.22336,
                    "icds": [
                        738,
                        1119,
                        0,
                        0,
                        0
                    ],
                    "dist_red": 2461.0
                },
                {
                    "car_id": 1718097147,
                    "n_reqs": 5,
                    "reqs_in_car": [
                        1629934624,
                        755931819,
                        755096262,
                        2056042170,
                        698833766
                    ],
                    "path": [
                        52,
                        62,
                        28,
                        28,
                        46,
                        37,
                        41,
                        18,
                        18,
                        18
                    ],
                    "reward": 3.57971,
                    "icds": [
                        1200,
                        1118,
                        432,
                        515,
                        290
                    ],
                    "dist_red": 16153.0
                }
            ]
        }
    ],
    "serv_rate": 100.0,
    "n_cars": 22,
    "avg_occ": 1.7090909090909094,
    "dist_red": 172.579,
    "dist_red_perc": 8,
    "trip_red": 78,
    "trip_red_perc": 15,
    "kg_co2_red": 22,
    "icd_mean": 129
}