{
    "timesteps": [
        {
            "t": 0,
            "reqs": [
                {
                    "req_id": 1455247278,
                    "timesteps_left": 5,
                    "zone_from": 17,
                    "zone_to": 62
                },
                {
                    "req_id": 1226915598,
                    "timesteps_left": 5,
                    "zone_from": 18,
                    "zone_to": 51
                },
                {
                    "req_id": 1962941645,
                    "timesteps_left": 5,
                    "zone_from": 46,
                    "zone_to": 35
                },
                {
                    "req_id": 325704740,
                    "timesteps_left": 5,
                    "zone_from": 42,
                    "zone_to": 13
                }
            ],
            "cars": []
        },
        {
            "t": 1,
            "reqs": [
                {
                    "req_id": 1226915598,
                    "timesteps_left": 4,
                    "zone_from": 18,
                    "zone_to": 51
                },
                {
                    "req_id": 1962941645,
                    "timesteps_left": 4,
                    "zone_from": 46,
                    "zone_to": 35
                },
                {
                    "req_id": 325704740,
                    "timesteps_left": 4,
                    "zone_from": 42,
                    "zone_to": 13
                },
                {
                    "req_id": 1455247278,
                    "timesteps_left": 4,
                    "zone_from": 17,
                    "zone_to": 62
                },
                {
                    "req_id": 259741746,
                    "timesteps_left": 5,
                    "zone_from": 39,
                    "zone_to": 38
                },
                {
                    "req_id": 1452586959,
                    "timesteps_left": 5,
                    "zone_from": 10,
                    "zone_to": 3
                },
                {
                    "req_id": 489139664,
                    "timesteps_left": 5,
                    "zone_from": 41,
                    "zone_to": 59
                },
                {
                    "req_id": 211640454,
                    "timesteps_left": 5,
                    "zone_from": 55,
                    "zone_to": 62
                }
            ],
            "cars": []
        },
        {
            "t": 2,
            "reqs": [
                {
                    "req_id": 1962941645,
                    "timesteps_left": 3,
                    "zone_from": 46,
                    "zone_to": 35
                },
                {
                    "req_id": 489139664,
                    "timesteps_left": 4,
                    "zone_from": 41,
                    "zone_to": 59
                },
                {
                    "req_id": 1226915598,
                    "timesteps_left": 3,
                    "zone_from": 18,
                    "zone_to": 51
                },
                {
                    "req_id": 325704740,
                    "timesteps_left": 3,
                    "zone_from": 42,
                    "zone_to": 13
                },
                {
                    "req_id": 1455247278,
                    "timesteps_left": 3,
                    "zone_from": 17,
                    "zone_to": 62
                },
                {
                    "req_id": 259741746,
                    "timesteps_left": 4,
                    "zone_from": 39,
                    "zone_to": 38
                },
                {
                    "req_id": 1452586959,
                    "timesteps_left": 4,
                    "zone_from": 10,
                    "zone_to": 3
                },
                {
                    "req_id": 211640454,
                    "timesteps_left": 4,
                    "zone_from": 55,
                    "zone_to": 62
                },
                {
                    "req_id": 1608506759,
                    "timesteps_left": 5,
                    "zone_from": 53,
                    "zone_to": 53
                },
                {
                    "req_id": 78366719,
                    "timesteps_left": 5,
                    "zone_from": 26,
                    "zone_to": 42
                },
                {
                    "req_id": 585904376,
                    "timesteps_left": 5,
                    "zone_from": 13,
                    "zone_to": 17
                },
                {
                    "req_id": 154398981,
                    "timesteps_left": 5,
                    "zone_from": 15,
                    "zone_to": 18
                }
            ],
            "cars": []
        },
        {
            "t": 3,
            "reqs": [
                {
                    "req_id": 489139664,
                    "timesteps_left": 3,
                    "zone_from": 41,
                    "zone_to": 59
                },
                {
                    "req_id": 1226915598,
                    "timesteps_left": 2,
                    "zone_from": 18,
                    "zone_to": 51
                },
                {
                    "req_id": 1962941645,
                    "timesteps_left": 2,
                    "zone_from": 46,
                    "zone_to": 35
                },
                {
                    "req_id": 78366719,
                    "timesteps_left": 4,
                    "zone_from": 26,
                    "zone_to": 42
                },
                {
                    "req_id": 585904376,
                    "timesteps_left": 4,
                    "zone_from": 13,
                    "zone_to": 17
                },
                {
                    "req_id": 154398981,
                    "timesteps_left": 4,
                    "zone_from": 15,
                    "zone_to": 18
                },
                {
                    "req_id": 325704740,
                    "timesteps_left": 2,
                    "zone_from": 42,
                    "zone_to": 13
                },
                {
                    "req_id": 1455247278,
                    "timesteps_left": 2,
                    "zone_from": 17,
                    "zone_to": 62
                },
                {
                    "req_id": 259741746,
                    "timesteps_left": 3,
                    "zone_from": 39,
                    "zone_to": 38
                },
                {
                    "req_id": 1452586959,
                    "timesteps_left": 3,
                    "zone_from": 10,
                    "zone_to": 3
                },
                {
                    "req_id": 1608506759,
                    "timesteps_left": 4,
                    "zone_from": 53,
                    "zone_to": 53
                },
                {
                    "req_id": 211640454,
                    "timesteps_left": 3,
                    "zone_from": 55,
                    "zone_to": 62
                },
                {
                    "req_id": 1032867270,
                    "timesteps_left": 5,
                    "zone_from": 36,
                    "zone_to": 61
                },
                {
                    "req_id": 1723801623,
                    "timesteps_left": 5,
                    "zone_from": 18,
                    "zone_to": 39
                },
                {
                    "req_id": 1955959269,
                    "timesteps_left": 5,
                    "zone_from": 38,
                    "zone_to": 45
                },
                {
                    "req_id": 1405797033,
                    "timesteps_left": 5,
                    "zone_from": 39,
                    "zone_to": 17
                }
            ],
            "cars": []
        },
        {
            "t": 4,
            "reqs": [
                {
                    "req_id": 154398981,
                    "timesteps_left": 3,
                    "zone_from": 15,
                    "zone_to": 18
                },
                {
                    "req_id": 211640454,
                    "timesteps_left": 2,
                    "zone_from": 55,
                    "zone_to": 62
                },
                {
                    "req_id": 585904376,
                    "timesteps_left": 3,
                    "zone_from": 13,
                    "zone_to": 17
                },
                {
                    "req_id": 1723801623,
                    "timesteps_left": 4,
                    "zone_from": 18,
                    "zone_to": 39
                },
                {
                    "req_id": 1405797033,
                    "timesteps_left": 4,
                    "zone_from": 39,
                    "zone_to": 17
                },
                {
                    "req_id": 1226915598,
                    "timesteps_left": 1,
                    "zone_from": 18,
                    "zone_to": 51
                },
                {
                    "req_id": 489139664,
                    "timesteps_left": 2,
                    "zone_from": 41,
                    "zone_to": 59
                },
                {
                    "req_id": 1962941645,
                    "timesteps_left": 1,
                    "zone_from": 46,
                    "zone_to": 35
                },
                {
                    "req_id": 78366719,
                    "timesteps_left": 3,
                    "zone_from": 26,
                    "zone_to": 42
                },
                {
                    "req_id": 325704740,
                    "timesteps_left": 1,
                    "zone_from": 42,
                    "zone_to": 13
                },
                {
                    "req_id": 1955959269,
                    "timesteps_left": 4,
                    "zone_from": 38,
                    "zone_to": 45
                },
                {
                    "req_id": 1455247278,
                    "timesteps_left": 1,
                    "zone_from": 17,
                    "zone_to": 62
                },
                {
                    "req_id": 1032867270,
                    "timesteps_left": 4,
                    "zone_from": 36,
                    "zone_to": 61
                },
                {
                    "req_id": 1608506759,
                    "timesteps_left": 3,
                    "zone_from": 53,
                    "zone_to": 53
                },
                {
                    "req_id": 259741746,
                    "timesteps_left": 2,
                    "zone_from": 39,
                    "zone_to": 38
                },
                {
                    "req_id": 1452586959,
                    "timesteps_left": 2,
                    "zone_from": 10,
                    "zone_to": 3
                },
                {
                    "req_id": 109845301,
                    "timesteps_left": 5,
                    "zone_from": 36,
                    "zone_to": 52
                },
                {
                    "req_id": 921401313,
                    "timesteps_left": 5,
                    "zone_from": 35,
                    "zone_to": 8
                },
                {
                    "req_id": 456291496,
                    "timesteps_left": 5,
                    "zone_from": 41,
                    "zone_to": 46
                },
                {
                    "req_id": 674790603,
                    "timesteps_left": 5,
                    "zone_from": 13,
                    "zone_to": 13
                }
            ],
            "cars": []
        },
        {
            "t": 5,
            "reqs": [
                {
                    "req_id": 1032867270,
                    "timesteps_left": 3,
                    "zone_from": 36,
                    "zone_to": 61
                },
                {
                    "req_id": 109845301,
                    "timesteps_left": 4,
                    "zone_from": 36,
                    "zone_to": 52
                },
                {
                    "req_id": 1608506759,
                    "timesteps_left": 2,
                    "zone_from": 53,
                    "zone_to": 53
                },
                {
                    "req_id": 1455247278,
                    "timesteps_left": 0,
                    "zone_from": 17,
                    "zone_to": 62
                },
                {
                    "req_id": 259741746,
                    "timesteps_left": 1,
                    "zone_from": 39,
                    "zone_to": 38
                },
                {
                    "req_id": 1452586959,
                    "timesteps_left": 1,
                    "zone_from": 10,
                    "zone_to": 3
                },
                {
                    "req_id": 211640454,
                    "timesteps_left": 1,
                    "zone_from": 55,
                    "zone_to": 62
                },
                {
                    "req_id": 585904376,
                    "timesteps_left": 2,
                    "zone_from": 13,
                    "zone_to": 17
                },
                {
                    "req_id": 1723801623,
                    "timesteps_left": 3,
                    "zone_from": 18,
                    "zone_to": 39
                },
                {
                    "req_id": 1405797033,
                    "timesteps_left": 3,
                    "zone_from": 39,
                    "zone_to": 17
                },
                {
                    "req_id": 674790603,
                    "timesteps_left": 4,
                    "zone_from": 13,
                    "zone_to": 13
                },
                {
                    "req_id": 1962941645,
                    "timesteps_left": 0,
                    "zone_from": 46,
                    "zone_to": 35
                },
                {
                    "req_id": 78366719,
                    "timesteps_left": 2,
                    "zone_from": 26,
                    "zone_to": 42
                },
                {
                    "req_id": 489139664,
                    "timesteps_left": 1,
                    "zone_from": 41,
                    "zone_to": 59
                },
                {
                    "req_id": 456291496,
                    "timesteps_left": 4,
                    "zone_from": 41,
                    "zone_to": 46
                },
                {
                    "req_id": 154398981,
                    "timesteps_left": 2,
                    "zone_from": 15,
                    "zone_to": 18
                },
                {
                    "req_id": 921401313,
                    "timesteps_left": 4,
                    "zone_from": 35,
                    "zone_to": 8
                },
                {
                    "req_id": 1955959269,
                    "timesteps_left": 3,
                    "zone_from": 38,
                    "zone_to": 45
                },
                {
                    "req_id": 1226915598,
                    "timesteps_left": 0,
                    "zone_from": 18,
                    "zone_to": 51
                },
                {
                    "req_id": 325704740,
                    "timesteps_left": 0,
                    "zone_from": 42,
                    "zone_to": 13
                },
                {
                    "req_id": 175622814,
                    "timesteps_left": 5,
                    "zone_from": 36,
                    "zone_to": 50
                },
                {
                    "req_id": 1841188850,
                    "timesteps_left": 5,
                    "zone_from": 18,
                    "zone_to": 26
                },
                {
                    "req_id": 1302266541,
                    "timesteps_left": 5,
                    "zone_from": 29,
                    "zone_to": 54
                },
                {
                    "req_id": 1898110071,
                    "timesteps_left": 5,
                    "zone_from": 59,
                    "zone_to": 59
                }
            ],
            "cars": [
                {
                    "car_id": 1629191034,
                    "n_reqs": 4,
                    "reqs_in_car": [
                        1962941645,
                        489139664,
                        1226915598,
                        1898110071
                    ],
                    "path": [
                        46,
                        41,
                        18,
                        51,
                        59,
                        59,
                        59,
                        35
                    ],
                    "reward": 2.09239,
                    "icds": [
                        748,
                        125,
                        0,
                        0
                    ],
                    "dist_red": 5012.0
                },
                {
                    "car_id": 1580629480,
                    "n_reqs": 5,
                    "reqs_in_car": [
                        1455247278,
                        259741746,
                        211640454,
                        1302266541,
                        1452586959
                    ],
                    "path": [
                        17,
                        10,
                        39,
                        38,
                        29,
                        55,
                        54,
                        3,
                        62,
                        62
                    ],
                    "reward": 2.59381,
                    "icds": [
                        2759,
                        0,
                        705,
                        148,
                        1771
                    ],
                    "dist_red": 8799.0
                },
                {
                    "car_id": 1195159931,
                    "n_reqs": 5,
                    "reqs_in_car": [
                        154398981,
                        921401313,
                        1955959269,
                        325704740,
                        674790603
                    ],
                    "path": [
                        15,
                        35,
                        8,
                        38,
                        42,
                        13,
                        13,
                        13,
                        45,
                        18
                    ],
                    "reward": 1.4923,
                    "icds": [
                        4166,
                        0,
                        901,
                        0,
                        0
                    ],
                    "dist_red": 979.0
                }
            ]
        },
        {
            "t": 6,
            "reqs": [
                {
                    "req_id": 1032867270,
                    "timesteps_left": 2,
                    "zone_from": 36,
                    "zone_to": 61
                },
                {
                    "req_id": 1608506759,
                    "timesteps_left": 1,
                    "zone_from": 53,
                    "zone_to": 53
                },
                {
                    "req_id": 109845301,
                    "timesteps_left": 3,
                    "zone_from": 36,
                    "zone_to": 52
                },
                {
                    "req_id": 456291496,
                    "timesteps_left": 3,
                    "zone_from": 41,
                    "zone_to": 46
                },
                {
                    "req_id": 175622814,
                    "timesteps_left": 4,
                    "zone_from": 36,
                    "zone_to": 50
                },
                {
                    "req_id": 585904376,
                    "timesteps_left": 1,
                    "zone_from": 13,
                    "zone_to": 17
                },
                {
                    "req_id": 1723801623,
                    "timesteps_left": 2,
                    "zone_from": 18,
                    "zone_to": 39
                },
                {
                    "req_id": 78366719,
                    "timesteps_left": 1,
                    "zone_from": 26,
                    "zone_to": 42
                },
                {
                    "req_id": 1841188850,
                    "timesteps_left": 4,
                    "zone_from": 18,
                    "zone_to": 26
                },
                {
                    "req_id": 1405797033,
                    "timesteps_left": 2,
                    "zone_from": 39,
                    "zone_to": 17
                },
                {
                    "req_id": 1164348824,
                    "timesteps_left": 5,
                    "zone_from": 13,
                    "zone_to": 9
                },
                {
                    "req_id": 1255645272,
                    "timesteps_left": 5,
                    "zone_from": 13,
                    "zone_to": 59
                },
                {
                    "req_id": 1426153440,
                    "timesteps_left": 5,
                    "zone_from": 38,
                    "zone_to": 53
                },
                {
                    "req_id": 95395398,
                    "timesteps_left": 5,
                    "zone_from": 41,
                    "zone_to": 46
                }
            ],
            "cars": []
        },
        {
            "t": 7,
            "reqs": [
                {
                    "req_id": 456291496,
                    "timesteps_left": 2,
                    "zone_from": 41,
                    "zone_to": 46
                },
                {
                    "req_id": 95395398,
                    "timesteps_left": 4,
                    "zone_from": 41,
                    "zone_to": 46
                },
                {
                    "req_id": 1164348824,
                    "timesteps_left": 4,
                    "zone_from": 13,
                    "zone_to": 9
                },
                {
                    "req_id": 1255645272,
                    "timesteps_left": 4,
                    "zone_from": 13,
                    "zone_to": 59
                },
                {
                    "req_id": 1032867270,
                    "timesteps_left": 1,
                    "zone_from": 36,
                    "zone_to": 61
                },
                {
                    "req_id": 1426153440,
                    "timesteps_left": 4,
                    "zone_from": 38,
                    "zone_to": 53
                },
                {
                    "req_id": 109845301,
                    "timesteps_left": 2,
                    "zone_from": 36,
                    "zone_to": 52
                },
                {
                    "req_id": 1608506759,
                    "timesteps_left": 0,
                    "zone_from": 53,
                    "zone_to": 53
                },
                {
                    "req_id": 175622814,
                    "timesteps_left": 3,
                    "zone_from": 36,
                    "zone_to": 50
                },
                {
                    "req_id": 585904376,
                    "timesteps_left": 0,
                    "zone_from": 13,
                    "zone_to": 17
                },
                {
                    "req_id": 1841188850,
                    "timesteps_left": 3,
                    "zone_from": 18,
                    "zone_to": 26
                },
                {
                    "req_id": 78366719,
                    "timesteps_left": 0,
                    "zone_from": 26,
                    "zone_to": 42
                },
                {
                    "req_id": 1405797033,
                    "timesteps_left": 1,
                    "zone_from": 39,
                    "zone_to": 17
                },
                {
                    "req_id": 1723801623,
                    "timesteps_left": 1,
                    "zone_from": 18,
                    "zone_to": 39
                },
                {
                    "req_id": 1424121978,
                    "timesteps_left": 5,
                    "zone_from": 59,
                    "zone_to": 26
                },
                {
                    "req_id": 1844906819,
                    "timesteps_left": 5,
                    "zone_from": 13,
                    "zone_to": 15
                },
                {
                    "req_id": 1598481320,
                    "timesteps_left": 5,
                    "zone_from": 29,
                    "zone_to": 56
                },
                {
                    "req_id": 172419466,
                    "timesteps_left": 5,
                    "zone_from": 8,
                    "zone_to": 9
                }
            ],
            "cars": [
                {
                    "car_id": 258665365,
                    "n_reqs": 5,
                    "reqs_in_car": [
                        585904376,
                        78366719,
                        1841188850,
                        1255645272,
                        1424121978
                    ],
                    "path": [
                        13,
                        13,
                        59,
                        59,
                        18,
                        26,
                        26,
                        26,
                        42,
                        17
                    ],
                    "reward": 2.5361,
                    "icds": [
                        1660,
                        0,
                        0,
                        0,
                        36
                    ],
                    "dist_red": 4895.0
                },
                {
                    "car_id": 824421930,
                    "n_reqs": 5,
                    "reqs_in_car": [
                        1032867270,
                        109845301,
                        1426153440,
                        1608506759,
                        175622814
                    ],
                    "path": [
                        36,
                        36,
                        50,
                        36,
                        38,
                        53,
                        53,
                        53,
                        52,
                        61
                    ],
                    "reward": 2.60909,
                    "icds": [
                        1571,
                        1266,
                        0,
                        0,
                        0
                    ],
                    "dist_red": 5207.0
                }
            ]
        },
        {
            "t": 8,
            "reqs": [
                {
                    "req_id": 1844906819,
                    "timesteps_left": 4,
                    "zone_from": 13,
                    "zone_to": 15
                },
                {
                    "req_id": 1598481320,
                    "timesteps_left": 4,
                    "zone_from": 29,
                    "zone_to": 56
                },
                {
                    "req_id": 456291496,
                    "timesteps_left": 1,
                    "zone_from": 41,
                    "zone_to": 46
                },
                {
                    "req_id": 95395398,
                    "timesteps_left": 3,
                    "zone_from": 41,
                    "zone_to": 46
                },
                {
                    "req_id": 1164348824,
                    "timesteps_left": 3,
                    "zone_from": 13,
                    "zone_to": 9
                },
                {
                    "req_id": 1723801623,
                    "timesteps_left": 0,
                    "zone_from": 18,
                    "zone_to": 39
                },
                {
                    "req_id": 1405797033,
                    "timesteps_left": 0,
                    "zone_from": 39,
                    "zone_to": 17
                },
                {
                    "req_id": 172419466,
                    "timesteps_left": 4,
                    "zone_from": 8,
                    "zone_to": 9
                },
                {
                    "req_id": 1115000219,
                    "timesteps_left": 5,
                    "zone_from": 46,
                    "zone_to": 37
                },
                {
                    "req_id": 6336195,
                    "timesteps_left": 5,
                    "zone_from": 0,
                    "zone_to": 10
                },
                {
                    "req_id": 599310293,
                    "timesteps_left": 5,
                    "zone_from": 55,
                    "zone_to": 12
                },
                {
                    "req_id": 1841349662,
                    "timesteps_left": 5,
                    "zone_from": 62,
                    "zone_to": 51
                }
            ],
            "cars": [
                {
                    "car_id": 2054895721,
                    "n_reqs": 5,
                    "reqs_in_car": [
                        1164348824,
                        6336195,
                        172419466,
                        1723801623,
                        1405797033
                    ],
                    "path": [
                        13,
                        0,
                        18,
                        39,
                        39,
                        10,
                        17,
                        8,
                        9,
                        9
                    ],
                    "reward": 2.72767,
                    "icds": [
                        1257,
                        283,
                        0,
                        0,
                        600
                    ],
                    "dist_red": 6884.0
                }
            ]
        },
        {
            "t": 9,
            "reqs": [
                {
                    "req_id": 1844906819,
                    "timesteps_left": 3,
                    "zone_from": 13,
                    "zone_to": 15
                },
                {
                    "req_id": 1598481320,
                    "timesteps_left": 3,
                    "zone_from": 29,
                    "zone_to": 56
                },
                {
                    "req_id": 599310293,
                    "timesteps_left": 4,
                    "zone_from": 55,
                    "zone_to": 12
                },
                {
                    "req_id": 456291496,
                    "timesteps_left": 0,
                    "zone_from": 41,
                    "zone_to": 46
                },
                {
                    "req_id": 95395398,
                    "timesteps_left": 2,
                    "zone_from": 41,
                    "zone_to": 46
                },
                {
                    "req_id": 1115000219,
                    "timesteps_left": 4,
                    "zone_from": 46,
                    "zone_to": 37
                },
                {
                    "req_id": 1841349662,
                    "timesteps_left": 4,
                    "zone_from": 62,
                    "zone_to": 51
                },
                {
                    "req_id": 163742203,
                    "timesteps_left": 5,
                    "zone_from": 60,
                    "zone_to": 53
                },
                {
                    "req_id": 1902063884,
                    "timesteps_left": 5,
                    "zone_from": 32,
                    "zone_to": 62
                },
                {
                    "req_id": 13510182,
                    "timesteps_left": 5,
                    "zone_from": 42,
                    "zone_to": 41
                },
                {
                    "req_id": 910053772,
                    "timesteps_left": 5,
                    "zone_from": 41,
                    "zone_to": 28
                }
            ],
            "cars": [
                {
                    "car_id": 1694012624,
                    "n_reqs": 2,
                    "reqs_in_car": [
                        1598481320,
                        599310293
                    ],
                    "path": [
                        29,
                        55,
                        12,
                        56
                    ],
                    "reward": 0.484426,
                    "icds": [
                        1128,
                        0
                    ],
                    "dist_red": 1984.0
                },
                {
                    "car_id": 379545077,
                    "n_reqs": 2,
                    "reqs_in_car": [
                        456291496,
                        456291496
                    ],
                    "path": [
                        41,
                        41,
                        46,
                        46
                    ],
                    "reward": 1.0,
                    "icds": [
                        0,
                        0
                    ],
                    "dist_red": 2033.0
                },
                {
                    "car_id": 1440277253,
                    "n_reqs": 2,
                    "reqs_in_car": [
                        1115000219,
                        1841349662
                    ],
                    "path": [
                        62,
                        46,
                        37,
                        51
                    ],
                    "reward": 0.520437,
                    "icds": [
                        0,
                        631
                    ],
                    "dist_red": 1260.0
                },
                {
                    "car_id": 417851469,
                    "n_reqs": 5,
                    "reqs_in_car": [
                        163742203,
                        1902063884,
                        13510182,
                        910053772,
                        1844906819
                    ],
                    "path": [
                        32,
                        13,
                        15,
                        60,
                        42,
                        41,
                        41,
                        53,
                        28,
                        62
                    ],
                    "reward": 2.47034,
                    "icds": [
                        1562,
                        4072,
                        0,
                        243,
                        0
                    ],
                    "dist_red": 11652.0
                }
            ]
        }
    ],
    "serv_rate": 100.0,
    "n_cars": 10,
    "avg_occ": 2.2,
    "dist_red": 48.705,
    "dist_red_perc": 12,
    "trip_red": 30,
    "trip_red_perc": 30,
    "kg_co2_red": 6,
    "icd_mean": 256
}