{
    "timesteps": [
        {
            "t": 0,
            "reqs": [
                {
                    "req_id": 742209883,
                    "timesteps_left": 5,
                    "zone_from": 12,
                    "zone_to": 62
                },
                {
                    "req_id": 928176569,
                    "timesteps_left": 5,
                    "zone_from": 57,
                    "zone_to": 24
                },
                {
                    "req_id": 1681287599,
                    "timesteps_left": 5,
                    "zone_from": 47,
                    "zone_to": 50
                },
                {
                    "req_id": 1443483894,
                    "timesteps_left": 5,
                    "zone_from": 47,
                    "zone_to": 23
                },
                {
                    "req_id": 213454338,
                    "timesteps_left": 5,
                    "zone_from": 51,
                    "zone_to": 59
                },
                {
                    "req_id": 21797697,
                    "timesteps_left": 5,
                    "zone_from": 8,
                    "zone_to": 61
                }
            ],
            "cars": []
        },
        {
            "t": 1,
            "reqs": [
                {
                    "req_id": 742209883,
                    "timesteps_left": 4,
                    "zone_from": 12,
                    "zone_to": 62
                },
                {
                    "req_id": 928176569,
                    "timesteps_left": 4,
                    "zone_from": 57,
                    "zone_to": 24
                },
                {
                    "req_id": 1681287599,
                    "timesteps_left": 4,
                    "zone_from": 47,
                    "zone_to": 50
                },
                {
                    "req_id": 1443483894,
                    "timesteps_left": 4,
                    "zone_from": 47,
                    "zone_to": 23
                },
                {
                    "req_id": 213454338,
                    "timesteps_left": 4,
                    "zone_from": 51,
                    "zone_to": 59
                },
                {
                    "req_id": 21797697,
                    "timesteps_left": 4,
                    "zone_from": 8,
                    "zone_to": 61
                },
                {
                    "req_id": 1022481127,
                    "timesteps_left": 5,
                    "zone_from": 59,
                    "zone_to": 23
                },
                {
                    "req_id": 498129465,
                    "timesteps_left": 5,
                    "zone_from": 18,
                    "zone_to": 24
                },
                {
                    "req_id": 750453812,
                    "timesteps_left": 5,
                    "zone_from": 41,
                    "zone_to": 48
                },
                {
                    "req_id": 1554460675,
                    "timesteps_left": 5,
                    "zone_from": 59,
                    "zone_to": 44
                },
                {
                    "req_id": 2038439257,
                    "timesteps_left": 5,
                    "zone_from": 59,
                    "zone_to": 13
                },
                {
                    "req_id": 2032973332,
                    "timesteps_left": 5,
                    "zone_from": 38,
                    "zone_to": 4
                }
            ],
            "cars": []
        },
        {
            "t": 2,
            "reqs": [
                {
                    "req_id": 742209883,
                    "timesteps_left": 3,
                    "zone_from": 12,
                    "zone_to": 62
                },
                {
                    "req_id": 1443483894,
                    "timesteps_left": 3,
                    "zone_from": 47,
                    "zone_to": 23
                },
                {
                    "req_id": 21797697,
                    "timesteps_left": 3,
                    "zone_from": 8,
                    "zone_to": 61
                },
                {
                    "req_id": 2038439257,
                    "timesteps_left": 4,
                    "zone_from": 59,
                    "zone_to": 13
                },
                {
                    "req_id": 928176569,
                    "timesteps_left": 3,
                    "zone_from": 57,
                    "zone_to": 24
                },
                {
                    "req_id": 498129465,
                    "timesteps_left": 4,
                    "zone_from": 18,
                    "zone_to": 24
                },
                {
                    "req_id": 2032973332,
                    "timesteps_left": 4,
                    "zone_from": 38,
                    "zone_to": 4
                },
                {
                    "req_id": 1681287599,
                    "timesteps_left": 3,
                    "zone_from": 47,
                    "zone_to": 50
                },
                {
                    "req_id": 213454338,
                    "timesteps_left": 3,
                    "zone_from": 51,
                    "zone_to": 59
                },
                {
                    "req_id": 750453812,
                    "timesteps_left": 4,
                    "zone_from": 41,
                    "zone_to": 48
                },
                {
                    "req_id": 1554460675,
                    "timesteps_left": 4,
                    "zone_from": 59,
                    "zone_to": 44
                },
                {
                    "req_id": 1022481127,
                    "timesteps_left": 4,
                    "zone_from": 59,
                    "zone_to": 23
                },
                {
                    "req_id": 1003413519,
                    "timesteps_left": 5,
                    "zone_from": 27,
                    "zone_to": 21
                },
                {
                    "req_id": 1228874628,
                    "timesteps_left": 5,
                    "zone_from": 31,
                    "zone_to": 0
                },
                {
                    "req_id": 1175891009,
                    "timesteps_left": 5,
                    "zone_from": 32,
                    "zone_to": 13
                },
                {
                    "req_id": 1043852078,
                    "timesteps_left": 5,
                    "zone_from": 53,
                    "zone_to": 27
                },
                {
                    "req_id": 1817709281,
                    "timesteps_left": 5,
                    "zone_from": 40,
                    "zone_to": 55
                },
                {
                    "req_id": 650158602,
                    "timesteps_left": 5,
                    "zone_from": 4,
                    "zone_to": 33
                }
            ],
            "cars": []
        },
        {
            "t": 3,
            "reqs": [
                {
                    "req_id": 742209883,
                    "timesteps_left": 2,
                    "zone_from": 12,
                    "zone_to": 62
                },
                {
                    "req_id": 1817709281,
                    "timesteps_left": 4,
                    "zone_from": 40,
                    "zone_to": 55
                },
                {
                    "req_id": 2032973332,
                    "timesteps_left": 3,
                    "zone_from": 38,
                    "zone_to": 4
                },
                {
                    "req_id": 650158602,
                    "timesteps_left": 4,
                    "zone_from": 4,
                    "zone_to": 33
                },
                {
                    "req_id": 1443483894,
                    "timesteps_left": 2,
                    "zone_from": 47,
                    "zone_to": 23
                },
                {
                    "req_id": 750453812,
                    "timesteps_left": 3,
                    "zone_from": 41,
                    "zone_to": 48
                },
                {
                    "req_id": 213454338,
                    "timesteps_left": 2,
                    "zone_from": 51,
                    "zone_to": 59
                },
                {
                    "req_id": 1681287599,
                    "timesteps_left": 2,
                    "zone_from": 47,
                    "zone_to": 50
                },
                {
                    "req_id": 498129465,
                    "timesteps_left": 3,
                    "zone_from": 18,
                    "zone_to": 24
                },
                {
                    "req_id": 1003413519,
                    "timesteps_left": 4,
                    "zone_from": 27,
                    "zone_to": 21
                },
                {
                    "req_id": 928176569,
                    "timesteps_left": 2,
                    "zone_from": 57,
                    "zone_to": 24
                },
                {
                    "req_id": 1043852078,
                    "timesteps_left": 4,
                    "zone_from": 53,
                    "zone_to": 27
                },
                {
                    "req_id": 21797697,
                    "timesteps_left": 2,
                    "zone_from": 8,
                    "zone_to": 61
                },
                {
                    "req_id": 2038439257,
                    "timesteps_left": 3,
                    "zone_from": 59,
                    "zone_to": 13
                },
                {
                    "req_id": 1554460675,
                    "timesteps_left": 3,
                    "zone_from": 59,
                    "zone_to": 44
                },
                {
                    "req_id": 1228874628,
                    "timesteps_left": 4,
                    "zone_from": 31,
                    "zone_to": 0
                },
                {
                    "req_id": 1022481127,
                    "timesteps_left": 3,
                    "zone_from": 59,
                    "zone_to": 23
                },
                {
                    "req_id": 1175891009,
                    "timesteps_left": 4,
                    "zone_from": 32,
                    "zone_to": 13
                },
                {
                    "req_id": 1438484514,
                    "timesteps_left": 5,
                    "zone_from": 50,
                    "zone_to": 20
                },
                {
                    "req_id": 84679667,
                    "timesteps_left": 5,
                    "zone_from": 28,
                    "zone_to": 36
                },
                {
                    "req_id": 2004704406,
                    "timesteps_left": 5,
                    "zone_from": 12,
                    "zone_to": 54
                },
                {
                    "req_id": 756045652,
                    "timesteps_left": 5,
                    "zone_from": 54,
                    "zone_to": 21
                },
                {
                    "req_id": 647221700,
                    "timesteps_left": 5,
                    "zone_from": 31,
                    "zone_to": 20
                },
                {
                    "req_id": 1710653104,
                    "timesteps_left": 5,
                    "zone_from": 47,
                    "zone_to": 39
                }
            ],
            "cars": []
        },
        {
            "t": 4,
            "reqs": [
                {
                    "req_id": 1817709281,
                    "timesteps_left": 3,
                    "zone_from": 40,
                    "zone_to": 55
                },
                {
                    "req_id": 1043852078,
                    "timesteps_left": 3,
                    "zone_from": 53,
                    "zone_to": 27
                },
                {
                    "req_id": 21797697,
                    "timesteps_left": 1,
                    "zone_from": 8,
                    "zone_to": 61
                },
                {
                    "req_id": 2032973332,
                    "timesteps_left": 2,
                    "zone_from": 38,
                    "zone_to": 4
                },
                {
                    "req_id": 1003413519,
                    "timesteps_left": 3,
                    "zone_from": 27,
                    "zone_to": 21
                },
                {
                    "req_id": 84679667,
                    "timesteps_left": 4,
                    "zone_from": 28,
                    "zone_to": 36
                },
                {
                    "req_id": 650158602,
                    "timesteps_left": 3,
                    "zone_from": 4,
                    "zone_to": 33
                },
                {
                    "req_id": 1443483894,
                    "timesteps_left": 1,
                    "zone_from": 47,
                    "zone_to": 23
                },
                {
                    "req_id": 1022481127,
                    "timesteps_left": 2,
                    "zone_from": 59,
                    "zone_to": 23
                },
                {
                    "req_id": 1710653104,
                    "timesteps_left": 4,
                    "zone_from": 47,
                    "zone_to": 39
                },
                {
                    "req_id": 213454338,
                    "timesteps_left": 1,
                    "zone_from": 51,
                    "zone_to": 59
                },
                {
                    "req_id": 750453812,
                    "timesteps_left": 2,
                    "zone_from": 41,
                    "zone_to": 48
                },
                {
                    "req_id": 1438484514,
                    "timesteps_left": 4,
                    "zone_from": 50,
                    "zone_to": 20
                },
                {
                    "req_id": 1681287599,
                    "timesteps_left": 1,
                    "zone_from": 47,
                    "zone_to": 50
                },
                {
                    "req_id": 647221700,
                    "timesteps_left": 4,
                    "zone_from": 31,
                    "zone_to": 20
                },
                {
                    "req_id": 2038439257,
                    "timesteps_left": 2,
                    "zone_from": 59,
                    "zone_to": 13
                },
                {
                    "req_id": 1554460675,
                    "timesteps_left": 2,
                    "zone_from": 59,
                    "zone_to": 44
                },
                {
                    "req_id": 1228874628,
                    "timesteps_left": 3,
                    "zone_from": 31,
                    "zone_to": 0
                },
                {
                    "req_id": 1175891009,
                    "timesteps_left": 3,
                    "zone_from": 32,
                    "zone_to": 13
                },
                {
                    "req_id": 498129465,
                    "timesteps_left": 2,
                    "zone_from": 18,
                    "zone_to": 24
                },
                {
                    "req_id": 928176569,
                    "timesteps_left": 1,
                    "zone_from": 57,
                    "zone_to": 24
                },
                {
                    "req_id": 756045652,
                    "timesteps_left": 4,
                    "zone_from": 54,
                    "zone_to": 21
                },
                {
                    "req_id": 2004704406,
                    "timesteps_left": 4,
                    "zone_from": 12,
                    "zone_to": 54
                },
                {
                    "req_id": 742209883,
                    "timesteps_left": 1,
                    "zone_from": 12,
                    "zone_to": 62
                },
                {
                    "req_id": 488880595,
                    "timesteps_left": 5,
                    "zone_from": 13,
                    "zone_to": 46
                },
                {
                    "req_id": 1786459693,
                    "timesteps_left": 5,
                    "zone_from": 55,
                    "zone_to": 28
                },
                {
                    "req_id": 1459735516,
                    "timesteps_left": 5,
                    "zone_from": 13,
                    "zone_to": 59
                },
                {
                    "req_id": 1152350057,
                    "timesteps_left": 5,
                    "zone_from": 53,
                    "zone_to": 61
                },
                {
                    "req_id": 1878437272,
                    "timesteps_left": 5,
                    "zone_from": 47,
                    "zone_to": 2
                },
                {
                    "req_id": 1169781878,
                    "timesteps_left": 5,
                    "zone_from": 46,
                    "zone_to": 52
                }
            ],
            "cars": []
        },
        {
            "t": 5,
            "reqs": [
                {
                    "req_id": 1817709281,
                    "timesteps_left": 2,
                    "zone_from": 40,
                    "zone_to": 55
                },
                {
                    "req_id": 1786459693,
                    "timesteps_left": 4,
                    "zone_from": 55,
                    "zone_to": 28
                },
                {
                    "req_id": 2004704406,
                    "timesteps_left": 3,
                    "zone_from": 12,
                    "zone_to": 54
                },
                {
                    "req_id": 742209883,
                    "timesteps_left": 0,
                    "zone_from": 12,
                    "zone_to": 62
                },
                {
                    "req_id": 1043852078,
                    "timesteps_left": 2,
                    "zone_from": 53,
                    "zone_to": 27
                },
                {
                    "req_id": 1152350057,
                    "timesteps_left": 4,
                    "zone_from": 53,
                    "zone_to": 61
                },
                {
                    "req_id": 21797697,
                    "timesteps_left": 0,
                    "zone_from": 8,
                    "zone_to": 61
                },
                {
                    "req_id": 2032973332,
                    "timesteps_left": 1,
                    "zone_from": 38,
                    "zone_to": 4
                },
                {
                    "req_id": 1003413519,
                    "timesteps_left": 2,
                    "zone_from": 27,
                    "zone_to": 21
                },
                {
                    "req_id": 84679667,
                    "timesteps_left": 3,
                    "zone_from": 28,
                    "zone_to": 36
                },
                {
                    "req_id": 650158602,
                    "timesteps_left": 2,
                    "zone_from": 4,
                    "zone_to": 33
                },
                {
                    "req_id": 750453812,
                    "timesteps_left": 1,
                    "zone_from": 41,
                    "zone_to": 48
                },
                {
                    "req_id": 1438484514,
                    "timesteps_left": 3,
                    "zone_from": 50,
                    "zone_to": 20
                },
                {
                    "req_id": 1681287599,
                    "timesteps_left": 0,
                    "zone_from": 47,
                    "zone_to": 50
                },
                {
                    "req_id": 647221700,
                    "timesteps_left": 3,
                    "zone_from": 31,
                    "zone_to": 20
                },
                {
                    "req_id": 1443483894,
                    "timesteps_left": 0,
                    "zone_from": 47,
                    "zone_to": 23
                },
                {
                    "req_id": 1878437272,
                    "timesteps_left": 4,
                    "zone_from": 47,
                    "zone_to": 2
                },
                {
                    "req_id": 1022481127,
                    "timesteps_left": 1,
                    "zone_from": 59,
                    "zone_to": 23
                },
                {
                    "req_id": 213454338,
                    "timesteps_left": 0,
                    "zone_from": 51,
                    "zone_to": 59
                },
                {
                    "req_id": 1710653104,
                    "timesteps_left": 3,
                    "zone_from": 47,
                    "zone_to": 39
                },
                {
                    "req_id": 2038439257,
                    "timesteps_left": 1,
                    "zone_from": 59,
                    "zone_to": 13
                },
                {
                    "req_id": 1554460675,
                    "timesteps_left": 1,
                    "zone_from": 59,
                    "zone_to": 44
                },
                {
                    "req_id": 1228874628,
                    "timesteps_left": 2,
                    "zone_from": 31,
                    "zone_to": 0
                },
                {
                    "req_id": 1175891009,
                    "timesteps_left": 2,
                    "zone_from": 32,
                    "zone_to": 13
                },
                {
                    "req_id": 1459735516,
                    "timesteps_left": 4,
                    "zone_from": 13,
                    "zone_to": 59
                },
                {
                    "req_id": 498129465,
                    "timesteps_left": 1,
                    "zone_from": 18,
                    "zone_to": 24
                },
                {
                    "req_id": 928176569,
                    "timesteps_left": 0,
                    "zone_from": 57,
                    "zone_to": 24
                },
                {
                    "req_id": 756045652,
                    "timesteps_left": 3,
                    "zone_from": 54,
                    "zone_to": 21
                },
                {
                    "req_id": 1169781878,
                    "timesteps_left": 4,
                    "zone_from": 46,
                    "zone_to": 52
                },
                {
                    "req_id": 488880595,
                    "timesteps_left": 4,
                    "zone_from": 13,
                    "zone_to": 46
                },
                {
                    "req_id": 575388786,
                    "timesteps_left": 5,
                    "zone_from": 0,
                    "zone_to": 48
                },
                {
                    "req_id": 1123866456,
                    "timesteps_left": 5,
                    "zone_from": 47,
                    "zone_to": 16
                },
                {
                    "req_id": 71740067,
                    "timesteps_left": 5,
                    "zone_from": 8,
                    "zone_to": 8
                },
                {
                    "req_id": 1960628425,
                    "timesteps_left": 5,
                    "zone_from": 59,
                    "zone_to": 16
                },
                {
                    "req_id": 461167557,
                    "timesteps_left": 5,
                    "zone_from": 16,
                    "zone_to": 16
                },
                {
                    "req_id": 705027975,
                    "timesteps_left": 5,
                    "zone_from": 0,
                    "zone_to": 46
                }
            ],
            "cars": [
                {
                    "car_id": 800131283,
                    "n_reqs": 4,
                    "reqs_in_car": [
                        1152350057,
                        21797697,
                        71740067,
                        1043852078
                    ],
                    "path": [
                        8,
                        8,
                        8,
                        53,
                        53,
                        27,
                        61,
                        61
                    ],
                    "reward": 0.837272,
                    "icds": [
                        181,
                        199,
                        0,
                        0
                    ],
                    "dist_red": 3600.0
                },
                {
                    "car_id": 383253727,
                    "n_reqs": 4,
                    "reqs_in_car": [
                        750453812,
                        1438484514,
                        1878437272,
                        1681287599
                    ],
                    "path": [
                        47,
                        47,
                        41,
                        50,
                        50,
                        20,
                        48,
                        2
                    ],
                    "reward": 0.76018,
                    "icds": [
                        705,
                        0,
                        1474,
                        138
                    ],
                    "dist_red": 13993.0
                },
                {
                    "car_id": 1012320504,
                    "n_reqs": 5,
                    "reqs_in_car": [
                        498129465,
                        928176569,
                        756045652,
                        1169781878,
                        2004704406
                    ],
                    "path": [
                        18,
                        46,
                        52,
                        12,
                        54,
                        54,
                        21,
                        57,
                        24,
                        24
                    ],
                    "reward": 0.75211,
                    "icds": [
                        3095,
                        0,
                        0,
                        0,
                        0
                    ],
                    "dist_red": 8867.0
                },
                {
                    "car_id": 1612702660,
                    "n_reqs": 5,
                    "reqs_in_car": [
                        1710653104,
                        1123866456,
                        1443483894,
                        1022481127,
                        213454338
                    ],
                    "path": [
                        47,
                        47,
                        47,
                        39,
                        16,
                        51,
                        59,
                        59,
                        23,
                        23
                    ],
                    "reward": 1.16549,
                    "icds": [
                        0,
                        50,
                        879,
                        0,
                        0
                    ],
                    "dist_red": 5179.0
                }
            ]
        },
        {
            "t": 6,
            "reqs": [
                {
                    "req_id": 1817709281,
                    "timesteps_left": 1,
                    "zone_from": 40,
                    "zone_to": 55
                },
                {
                    "req_id": 1786459693,
                    "timesteps_left": 3,
                    "zone_from": 55,
                    "zone_to": 28
                },
                {
                    "req_id": 647221700,
                    "timesteps_left": 2,
                    "zone_from": 31,
                    "zone_to": 20
                },
                {
                    "req_id": 488880595,
                    "timesteps_left": 3,
                    "zone_from": 13,
                    "zone_to": 46
                },
                {
                    "req_id": 705027975,
                    "timesteps_left": 4,
                    "zone_from": 0,
                    "zone_to": 46
                },
                {
                    "req_id": 2032973332,
                    "timesteps_left": 0,
                    "zone_from": 38,
                    "zone_to": 4
                },
                {
                    "req_id": 1003413519,
                    "timesteps_left": 1,
                    "zone_from": 27,
                    "zone_to": 21
                },
                {
                    "req_id": 84679667,
                    "timesteps_left": 2,
                    "zone_from": 28,
                    "zone_to": 36
                },
                {
                    "req_id": 650158602,
                    "timesteps_left": 1,
                    "zone_from": 4,
                    "zone_to": 33
                },
                {
                    "req_id": 2038439257,
                    "timesteps_left": 0,
                    "zone_from": 59,
                    "zone_to": 13
                },
                {
                    "req_id": 1554460675,
                    "timesteps_left": 0,
                    "zone_from": 59,
                    "zone_to": 44
                },
                {
                    "req_id": 1228874628,
                    "timesteps_left": 1,
                    "zone_from": 31,
                    "zone_to": 0
                },
                {
                    "req_id": 1175891009,
                    "timesteps_left": 1,
                    "zone_from": 32,
                    "zone_to": 13
                },
                {
                    "req_id": 1459735516,
                    "timesteps_left": 3,
                    "zone_from": 13,
                    "zone_to": 59
                },
                {
                    "req_id": 575388786,
                    "timesteps_left": 4,
                    "zone_from": 0,
                    "zone_to": 48
                },
                {
                    "req_id": 1960628425,
                    "timesteps_left": 4,
                    "zone_from": 59,
                    "zone_to": 16
                },
                {
                    "req_id": 461167557,
                    "timesteps_left": 4,
                    "zone_from": 16,
                    "zone_to": 16
                },
                {
                    "req_id": 966417234,
                    "timesteps_left": 5,
                    "zone_from": 18,
                    "zone_to": 42
                },
                {
                    "req_id": 212278772,
                    "timesteps_left": 5,
                    "zone_from": 13,
                    "zone_to": 59
                },
                {
                    "req_id": 1991183817,
                    "timesteps_left": 5,
                    "zone_from": 39,
                    "zone_to": 61
                },
                {
                    "req_id": 488924707,
                    "timesteps_left": 5,
                    "zone_from": 29,
                    "zone_to": 26
                },
                {
                    "req_id": 1876355247,
                    "timesteps_left": 5,
                    "zone_from": 59,
                    "zone_to": 13
                },
                {
                    "req_id": 1237869648,
                    "timesteps_left": 5,
                    "zone_from": 13,
                    "zone_to": 18
                }
            ],
            "cars": [
                {
                    "car_id": 2049026585,
                    "n_reqs": 4,
                    "reqs_in_car": [
                        2032973332,
                        1003413519,
                        84679667,
                        650158602
                    ],
                    "path": [
                        27,
                        28,
                        36,
                        38,
                        4,
                        4,
                        33,
                        21
                    ],
                    "reward": 0.452936,
                    "icds": [
                        0,
                        3052,
                        0,
                        0
                    ],
                    "dist_red": 5688.0
                },
                {
                    "car_id": 1850552869,
                    "n_reqs": 4,
                    "reqs_in_car": [
                        1459735516,
                        575388786,
                        1459735516,
                        1554460675
                    ],
                    "path": [
                        0,
                        13,
                        13,
                        59,
                        59,
                        59,
                        44,
                        48
                    ],
                    "reward": 1.0567,
                    "icds": [
                        0,
                        943,
                        0,
                        0
                    ],
                    "dist_red": 8931.0
                },
                {
                    "car_id": 2053679015,
                    "n_reqs": 5,
                    "reqs_in_car": [
                        1960628425,
                        461167557,
                        2038439257,
                        1237869648,
                        2038439257
                    ],
                    "path": [
                        59,
                        59,
                        59,
                        13,
                        13,
                        13,
                        18,
                        16,
                        16,
                        16
                    ],
                    "reward": 1.10192,
                    "icds": [
                        1030,
                        0,
                        0,
                        0,
                        0
                    ],
                    "dist_red": 4220.0
                }
            ]
        },
        {
            "t": 7,
            "reqs": [
                {
                    "req_id": 1817709281,
                    "timesteps_left": 0,
                    "zone_from": 40,
                    "zone_to": 55
                },
                {
                    "req_id": 1786459693,
                    "timesteps_left": 2,
                    "zone_from": 55,
                    "zone_to": 28
                },
                {
                    "req_id": 647221700,
                    "timesteps_left": 1,
                    "zone_from": 31,
                    "zone_to": 20
                },
                {
                    "req_id": 966417234,
                    "timesteps_left": 4,
                    "zone_from": 18,
                    "zone_to": 42
                },
                {
                    "req_id": 1991183817,
                    "timesteps_left": 4,
                    "zone_from": 39,
                    "zone_to": 61
                },
                {
                    "req_id": 488924707,
                    "timesteps_left": 4,
                    "zone_from": 29,
                    "zone_to": 26
                },
                {
                    "req_id": 488880595,
                    "timesteps_left": 2,
                    "zone_from": 13,
                    "zone_to": 46
                },
                {
                    "req_id": 705027975,
                    "timesteps_left": 3,
                    "zone_from": 0,
                    "zone_to": 46
                },
                {
                    "req_id": 1228874628,
                    "timesteps_left": 0,
                    "zone_from": 31,
                    "zone_to": 0
                },
                {
                    "req_id": 1175891009,
                    "timesteps_left": 0,
                    "zone_from": 32,
                    "zone_to": 13
                },
                {
                    "req_id": 1684946559,
                    "timesteps_left": 5,
                    "zone_from": 48,
                    "zone_to": 13
                },
                {
                    "req_id": 2126619153,
                    "timesteps_left": 5,
                    "zone_from": 13,
                    "zone_to": 49
                },
                {
                    "req_id": 1800240960,
                    "timesteps_left": 5,
                    "zone_from": 38,
                    "zone_to": 29
                },
                {
                    "req_id": 1854575673,
                    "timesteps_left": 5,
                    "zone_from": 13,
                    "zone_to": 44
                },
                {
                    "req_id": 1425694375,
                    "timesteps_left": 5,
                    "zone_from": 13,
                    "zone_to": 23
                },
                {
                    "req_id": 479817492,
                    "timesteps_left": 5,
                    "zone_from": 41,
                    "zone_to": 28
                }
            ],
            "cars": [
                {
                    "car_id": 909800763,
                    "n_reqs": 3,
                    "reqs_in_car": [
                        1175891009,
                        1684946559,
                        1228874628
                    ],
                    "path": [
                        48,
                        31,
                        32,
                        0,
                        13,
                        13
                    ],
                    "reward": 0.547295,
                    "icds": [
                        89,
                        700,
                        174
                    ],
                    "dist_red": 7143.0
                }
            ]
        },
        {
            "t": 8,
            "reqs": [
                {
                    "req_id": 1786459693,
                    "timesteps_left": 1,
                    "zone_from": 55,
                    "zone_to": 28
                },
                {
                    "req_id": 647221700,
                    "timesteps_left": 0,
                    "zone_from": 31,
                    "zone_to": 20
                },
                {
                    "req_id": 966417234,
                    "timesteps_left": 3,
                    "zone_from": 18,
                    "zone_to": 42
                },
                {
                    "req_id": 488924707,
                    "timesteps_left": 3,
                    "zone_from": 29,
                    "zone_to": 26
                },
                {
                    "req_id": 2126619153,
                    "timesteps_left": 4,
                    "zone_from": 13,
                    "zone_to": 49
                },
                {
                    "req_id": 1800240960,
                    "timesteps_left": 4,
                    "zone_from": 38,
                    "zone_to": 29
                },
                {
                    "req_id": 1991183817,
                    "timesteps_left": 3,
                    "zone_from": 39,
                    "zone_to": 61
                },
                {
                    "req_id": 479817492,
                    "timesteps_left": 4,
                    "zone_from": 41,
                    "zone_to": 28
                },
                {
                    "req_id": 488880595,
                    "timesteps_left": 1,
                    "zone_from": 13,
                    "zone_to": 46
                },
                {
                    "req_id": 705027975,
                    "timesteps_left": 2,
                    "zone_from": 0,
                    "zone_to": 46
                },
                {
                    "req_id": 1854575673,
                    "timesteps_left": 4,
                    "zone_from": 13,
                    "zone_to": 44
                },
                {
                    "req_id": 1425694375,
                    "timesteps_left": 4,
                    "zone_from": 13,
                    "zone_to": 23
                },
                {
                    "req_id": 1960017593,
                    "timesteps_left": 5,
                    "zone_from": 55,
                    "zone_to": 18
                },
                {
                    "req_id": 2039122512,
                    "timesteps_left": 5,
                    "zone_from": 36,
                    "zone_to": 32
                },
                {
                    "req_id": 1407254936,
                    "timesteps_left": 5,
                    "zone_from": 9,
                    "zone_to": 10
                },
                {
                    "req_id": 507367826,
                    "timesteps_left": 5,
                    "zone_from": 26,
                    "zone_to": 13
                },
                {
                    "req_id": 1475462763,
                    "timesteps_left": 5,
                    "zone_from": 37,
                    "zone_to": 62
                },
                {
                    "req_id": 297988186,
                    "timesteps_left": 5,
                    "zone_from": 27,
                    "zone_to": 45
                }
            ],
            "cars": []
        },
        {
            "t": 9,
            "reqs": [
                {
                    "req_id": 1407254936,
                    "timesteps_left": 4,
                    "zone_from": 9,
                    "zone_to": 10
                },
                {
                    "req_id": 488880595,
                    "timesteps_left": 0,
                    "zone_from": 13,
                    "zone_to": 46
                },
                {
                    "req_id": 705027975,
                    "timesteps_left": 1,
                    "zone_from": 0,
                    "zone_to": 46
                },
                {
                    "req_id": 1854575673,
                    "timesteps_left": 3,
                    "zone_from": 13,
                    "zone_to": 44
                },
                {
                    "req_id": 1425694375,
                    "timesteps_left": 3,
                    "zone_from": 13,
                    "zone_to": 23
                },
                {
                    "req_id": 1991183817,
                    "timesteps_left": 2,
                    "zone_from": 39,
                    "zone_to": 61
                },
                {
                    "req_id": 1475462763,
                    "timesteps_left": 4,
                    "zone_from": 37,
                    "zone_to": 62
                },
                {
                    "req_id": 479817492,
                    "timesteps_left": 3,
                    "zone_from": 41,
                    "zone_to": 28
                },
                {
                    "req_id": 1786459693,
                    "timesteps_left": 0,
                    "zone_from": 55,
                    "zone_to": 28
                },
                {
                    "req_id": 1960017593,
                    "timesteps_left": 4,
                    "zone_from": 55,
                    "zone_to": 18
                },
                {
                    "req_id": 297988186,
                    "timesteps_left": 4,
                    "zone_from": 27,
                    "zone_to": 45
                },
                {
                    "req_id": 966417234,
                    "timesteps_left": 2,
                    "zone_from": 18,
                    "zone_to": 42
                },
                {
                    "req_id": 2039122512,
                    "timesteps_left": 4,
                    "zone_from": 36,
                    "zone_to": 32
                },
                {
                    "req_id": 507367826,
                    "timesteps_left": 4,
                    "zone_from": 26,
                    "zone_to": 13
                },
                {
                    "req_id": 2126619153,
                    "timesteps_left": 3,
                    "zone_from": 13,
                    "zone_to": 49
                },
                {
                    "req_id": 488924707,
                    "timesteps_left": 2,
                    "zone_from": 29,
                    "zone_to": 26
                },
                {
                    "req_id": 1800240960,
                    "timesteps_left": 3,
                    "zone_from": 38,
                    "zone_to": 29
                },
                {
                    "req_id": 14091469,
                    "timesteps_left": 5,
                    "zone_from": 37,
                    "zone_to": 29
                },
                {
                    "req_id": 742987151,
                    "timesteps_left": 5,
                    "zone_from": 55,
                    "zone_to": 10
                },
                {
                    "req_id": 1789979661,
                    "timesteps_left": 5,
                    "zone_from": 54,
                    "zone_to": 29
                },
                {
                    "req_id": 285452431,
                    "timesteps_left": 5,
                    "zone_from": 53,
                    "zone_to": 6
                },
                {
                    "req_id": 2103732973,
                    "timesteps_left": 5,
                    "zone_from": 13,
                    "zone_to": 41
                },
                {
                    "req_id": 961885799,
                    "timesteps_left": 5,
                    "zone_from": 20,
                    "zone_to": 35
                }
            ],
            "cars": [
                {
                    "car_id": 2045585093,
                    "n_reqs": 2,
                    "reqs_in_car": [
                        1407254936,
                        742987151
                    ],
                    "path": [
                        55,
                        9,
                        10,
                        10
                    ],
                    "reward": 0.345749,
                    "icds": [
                        0,
                        45
                    ],
                    "dist_red": 2548.0
                },
                {
                    "car_id": 64289867,
                    "n_reqs": 2,
                    "reqs_in_car": [
                        1854575673,
                        1425694375
                    ],
                    "path": [
                        13,
                        13,
                        44,
                        23
                    ],
                    "reward": 0.396423,
                    "icds": [
                        0,
                        63
                    ],
                    "dist_red": 2181.0
                },
                {
                    "car_id": 1533364943,
                    "n_reqs": 2,
                    "reqs_in_car": [
                        14091469,
                        285452431
                    ],
                    "path": [
                        37,
                        53,
                        6,
                        29
                    ],
                    "reward": 0.266776,
                    "icds": [
                        38,
                        0
                    ],
                    "dist_red": 712.0
                },
                {
                    "car_id": 1029467467,
                    "n_reqs": 3,
                    "reqs_in_car": [
                        488880595,
                        705027975,
                        2103732973
                    ],
                    "path": [
                        13,
                        13,
                        0,
                        41,
                        46,
                        46
                    ],
                    "reward": 0.47687,
                    "icds": [
                        633,
                        623,
                        52
                    ],
                    "dist_red": 9496.0
                },
                {
                    "car_id": 370873393,
                    "n_reqs": 3,
                    "reqs_in_car": [
                        1991183817,
                        1475462763,
                        479817492
                    ],
                    "path": [
                        39,
                        41,
                        37,
                        28,
                        62,
                        61
                    ],
                    "reward": 0.375323,
                    "icds": [
                        1026,
                        233,
                        227
                    ],
                    "dist_red": 7209.0
                },
                {
                    "car_id": 61728230,
                    "n_reqs": 4,
                    "reqs_in_car": [
                        1786459693,
                        1960017593,
                        297988186,
                        966417234
                    ],
                    "path": [
                        55,
                        55,
                        28,
                        27,
                        45,
                        18,
                        42,
                        18
                    ],
                    "reward": 0.624171,
                    "icds": [
                        0,
                        853,
                        0,
                        0
                    ],
                    "dist_red": 4492.0
                },
                {
                    "car_id": 1487407632,
                    "n_reqs": 5,
                    "reqs_in_car": [
                        2039122512,
                        507367826,
                        2126619153,
                        488924707,
                        1800240960
                    ],
                    "path": [
                        36,
                        38,
                        29,
                        29,
                        26,
                        26,
                        13,
                        13,
                        49,
                        32
                    ],
                    "reward": 0.651706,
                    "icds": [
                        2883,
                        0,
                        0,
                        0,
                        0
                    ],
                    "dist_red": 4495.0
                }
            ]
        }
    ],
    "serv_rate": 91.66666666666667,
    "n_cars": 15,
    "avg_occ": 2.6,
    "dist_red": 88.754,
    "dist_red_perc": 21,
    "trip_red": 40,
    "trip_red_perc": 40,
    "kg_co2_red": 11,
    "icd_mean": 204
}