{
    "timesteps": [
        {
            "t": 0,
            "reqs": [
                {
                    "req_id": 1052346334,
                    "timesteps_left": 2,
                    "zone_from": 42,
                    "zone_to": 60
                },
                {
                    "req_id": 327437673,
                    "timesteps_left": 2,
                    "zone_from": 42,
                    "zone_to": 60
                },
                {
                    "req_id": 43655155,
                    "timesteps_left": 2,
                    "zone_from": 19,
                    "zone_to": 32
                },
                {
                    "req_id": 1581976708,
                    "timesteps_left": 2,
                    "zone_from": 32,
                    "zone_to": 0
                },
                {
                    "req_id": 477193374,
                    "timesteps_left": 2,
                    "zone_from": 52,
                    "zone_to": 12
                },
                {
                    "req_id": 109835324,
                    "timesteps_left": 2,
                    "zone_from": 8,
                    "zone_to": 52
                },
                {
                    "req_id": 973144626,
                    "timesteps_left": 2,
                    "zone_from": 29,
                    "zone_to": 53
                },
                {
                    "req_id": 1361172725,
                    "timesteps_left": 2,
                    "zone_from": 31,
                    "zone_to": 38
                }
            ],
            "cars": []
        },
        {
            "t": 1,
            "reqs": [
                {
                    "req_id": 43655155,
                    "timesteps_left": 1,
                    "zone_from": 19,
                    "zone_to": 32
                },
                {
                    "req_id": 1581976708,
                    "timesteps_left": 1,
                    "zone_from": 32,
                    "zone_to": 0
                },
                {
                    "req_id": 477193374,
                    "timesteps_left": 1,
                    "zone_from": 52,
                    "zone_to": 12
                },
                {
                    "req_id": 1361172725,
                    "timesteps_left": 1,
                    "zone_from": 31,
                    "zone_to": 38
                },
                {
                    "req_id": 1052346334,
                    "timesteps_left": 1,
                    "zone_from": 42,
                    "zone_to": 60
                },
                {
                    "req_id": 327437673,
                    "timesteps_left": 1,
                    "zone_from": 42,
                    "zone_to": 60
                },
                {
                    "req_id": 109835324,
                    "timesteps_left": 1,
                    "zone_from": 8,
                    "zone_to": 52
                },
                {
                    "req_id": 973144626,
                    "timesteps_left": 1,
                    "zone_from": 29,
                    "zone_to": 53
                },
                {
                    "req_id": 1578042818,
                    "timesteps_left": 2,
                    "zone_from": 8,
                    "zone_to": 42
                },
                {
                    "req_id": 1383138912,
                    "timesteps_left": 2,
                    "zone_from": 10,
                    "zone_to": 47
                },
                {
                    "req_id": 1815245252,
                    "timesteps_left": 2,
                    "zone_from": 31,
                    "zone_to": 59
                },
                {
                    "req_id": 1901229851,
                    "timesteps_left": 2,
                    "zone_from": 36,
                    "zone_to": 8
                },
                {
                    "req_id": 1866666339,
                    "timesteps_left": 2,
                    "zone_from": 42,
                    "zone_to": 51
                },
                {
                    "req_id": 1703571465,
                    "timesteps_left": 2,
                    "zone_from": 10,
                    "zone_to": 26
                },
                {
                    "req_id": 1641755394,
                    "timesteps_left": 2,
                    "zone_from": 37,
                    "zone_to": 11
                },
                {
                    "req_id": 677476394,
                    "timesteps_left": 2,
                    "zone_from": 17,
                    "zone_to": 10
                }
            ],
            "cars": []
        },
        {
            "t": 2,
            "reqs": [
                {
                    "req_id": 1578042818,
                    "timesteps_left": 1,
                    "zone_from": 8,
                    "zone_to": 42
                },
                {
                    "req_id": 1052346334,
                    "timesteps_left": 0,
                    "zone_from": 42,
                    "zone_to": 60
                },
                {
                    "req_id": 327437673,
                    "timesteps_left": 0,
                    "zone_from": 42,
                    "zone_to": 60
                },
                {
                    "req_id": 1866666339,
                    "timesteps_left": 1,
                    "zone_from": 42,
                    "zone_to": 51
                },
                {
                    "req_id": 43655155,
                    "timesteps_left": 0,
                    "zone_from": 19,
                    "zone_to": 32
                },
                {
                    "req_id": 1581976708,
                    "timesteps_left": 0,
                    "zone_from": 32,
                    "zone_to": 0
                },
                {
                    "req_id": 477193374,
                    "timesteps_left": 0,
                    "zone_from": 52,
                    "zone_to": 12
                },
                {
                    "req_id": 1641755394,
                    "timesteps_left": 1,
                    "zone_from": 37,
                    "zone_to": 11
                },
                {
                    "req_id": 109835324,
                    "timesteps_left": 0,
                    "zone_from": 8,
                    "zone_to": 52
                },
                {
                    "req_id": 1901229851,
                    "timesteps_left": 1,
                    "zone_from": 36,
                    "zone_to": 8
                },
                {
                    "req_id": 973144626,
                    "timesteps_left": 0,
                    "zone_from": 29,
                    "zone_to": 53
                },
                {
                    "req_id": 1361172725,
                    "timesteps_left": 0,
                    "zone_from": 31,
                    "zone_to": 38
                },
                {
                    "req_id": 1815245252,
                    "timesteps_left": 1,
                    "zone_from": 31,
                    "zone_to": 59
                },
                {
                    "req_id": 1383138912,
                    "timesteps_left": 1,
                    "zone_from": 10,
                    "zone_to": 47
                },
                {
                    "req_id": 677476394,
                    "timesteps_left": 1,
                    "zone_from": 17,
                    "zone_to": 10
                },
                {
                    "req_id": 1703571465,
                    "timesteps_left": 1,
                    "zone_from": 10,
                    "zone_to": 26
                },
                {
                    "req_id": 458495268,
                    "timesteps_left": 2,
                    "zone_from": 2,
                    "zone_to": 42
                },
                {
                    "req_id": 1983405101,
                    "timesteps_left": 2,
                    "zone_from": 30,
                    "zone_to": 54
                },
                {
                    "req_id": 1433763535,
                    "timesteps_left": 2,
                    "zone_from": 18,
                    "zone_to": 20
                },
                {
                    "req_id": 52159384,
                    "timesteps_left": 2,
                    "zone_from": 28,
                    "zone_to": 20
                },
                {
                    "req_id": 2092312827,
                    "timesteps_left": 2,
                    "zone_from": 28,
                    "zone_to": 20
                },
                {
                    "req_id": 1081520058,
                    "timesteps_left": 2,
                    "zone_from": 12,
                    "zone_to": 28
                },
                {
                    "req_id": 1354022929,
                    "timesteps_left": 2,
                    "zone_from": 50,
                    "zone_to": 52
                },
                {
                    "req_id": 81933085,
                    "timesteps_left": 2,
                    "zone_from": 9,
                    "zone_to": 41
                }
            ],
            "cars": [
                {
                    "car_id": 830329018,
                    "n_reqs": 4,
                    "reqs_in_car": [
                        52159384,
                        52159384,
                        1433763535,
                        973144626
                    ],
                    "path": [
                        28,
                        28,
                        29,
                        53,
                        18,
                        20,
                        20,
                        20
                    ],
                    "reward": 1.54234,
                    "icds": [
                        1380,
                        1380,
                        0,
                        0
                    ],
                    "dist_red": 11096.0
                },
                {
                    "car_id": 1111071327,
                    "n_reqs": 4,
                    "reqs_in_car": [
                        1361172725,
                        458495268,
                        1815245252,
                        1383138912
                    ],
                    "path": [
                        31,
                        31,
                        2,
                        59,
                        10,
                        42,
                        47,
                        38
                    ],
                    "reward": 0.783172,
                    "icds": [
                        2242,
                        520,
                        848,
                        314
                    ],
                    "dist_red": 3983.0
                },
                {
                    "car_id": 1673010183,
                    "n_reqs": 5,
                    "reqs_in_car": [
                        1052346334,
                        1052346334,
                        1866666339,
                        43655155,
                        1581976708
                    ],
                    "path": [
                        42,
                        42,
                        42,
                        51,
                        19,
                        32,
                        32,
                        0,
                        60,
                        60
                    ],
                    "reward": 1.22792,
                    "icds": [
                        1754,
                        1754,
                        0,
                        0,
                        0
                    ],
                    "dist_red": 3710.0
                },
                {
                    "car_id": 2072982124,
                    "n_reqs": 5,
                    "reqs_in_car": [
                        477193374,
                        1641755394,
                        1354022929,
                        109835324,
                        1901229851
                    ],
                    "path": [
                        37,
                        50,
                        36,
                        8,
                        8,
                        52,
                        52,
                        52,
                        12,
                        11
                    ],
                    "reward": 1.67532,
                    "icds": [
                        0,
                        1905,
                        922,
                        0,
                        0
                    ],
                    "dist_red": 7571.0
                }
            ]
        },
        {
            "t": 3,
            "reqs": [
                {
                    "req_id": 1983405101,
                    "timesteps_left": 1,
                    "zone_from": 30,
                    "zone_to": 54
                },
                {
                    "req_id": 1081520058,
                    "timesteps_left": 1,
                    "zone_from": 12,
                    "zone_to": 28
                },
                {
                    "req_id": 1578042818,
                    "timesteps_left": 0,
                    "zone_from": 8,
                    "zone_to": 42
                },
                {
                    "req_id": 81933085,
                    "timesteps_left": 1,
                    "zone_from": 9,
                    "zone_to": 41
                },
                {
                    "req_id": 1703571465,
                    "timesteps_left": 0,
                    "zone_from": 10,
                    "zone_to": 26
                },
                {
                    "req_id": 677476394,
                    "timesteps_left": 0,
                    "zone_from": 17,
                    "zone_to": 10
                },
                {
                    "req_id": 1778661367,
                    "timesteps_left": 2,
                    "zone_from": 20,
                    "zone_to": 32
                },
                {
                    "req_id": 1900950754,
                    "timesteps_left": 2,
                    "zone_from": 55,
                    "zone_to": 8
                },
                {
                    "req_id": 1519436431,
                    "timesteps_left": 2,
                    "zone_from": 26,
                    "zone_to": 42
                },
                {
                    "req_id": 1656014507,
                    "timesteps_left": 2,
                    "zone_from": 50,
                    "zone_to": 28
                },
                {
                    "req_id": 1419997566,
                    "timesteps_left": 2,
                    "zone_from": 13,
                    "zone_to": 32
                },
                {
                    "req_id": 428755956,
                    "timesteps_left": 2,
                    "zone_from": 29,
                    "zone_to": 41
                },
                {
                    "req_id": 1391032973,
                    "timesteps_left": 2,
                    "zone_from": 41,
                    "zone_to": 19
                },
                {
                    "req_id": 1328162914,
                    "timesteps_left": 2,
                    "zone_from": 31,
                    "zone_to": 23
                }
            ],
            "cars": [
                {
                    "car_id": 1096394889,
                    "n_reqs": 4,
                    "reqs_in_car": [
                        1519436431,
                        1391032973,
                        1703571465,
                        677476394
                    ],
                    "path": [
                        41,
                        26,
                        42,
                        17,
                        10,
                        10,
                        26,
                        19
                    ],
                    "reward": 0.294685,
                    "icds": [
                        0,
                        2286,
                        0,
                        0
                    ],
                    "dist_red": -1173.0
                },
                {
                    "car_id": 1698882687,
                    "n_reqs": 5,
                    "reqs_in_car": [
                        81933085,
                        428755956,
                        1578042818,
                        1900950754,
                        1983405101
                    ],
                    "path": [
                        9,
                        30,
                        55,
                        54,
                        29,
                        8,
                        8,
                        42,
                        41,
                        41
                    ],
                    "reward": 1.19948,
                    "icds": [
                        2303,
                        581,
                        0,
                        471,
                        233
                    ],
                    "dist_red": 4024.0
                }
            ]
        },
        {
            "t": 4,
            "reqs": [
                {
                    "req_id": 1081520058,
                    "timesteps_left": 0,
                    "zone_from": 12,
                    "zone_to": 28
                },
                {
                    "req_id": 1656014507,
                    "timesteps_left": 1,
                    "zone_from": 50,
                    "zone_to": 28
                },
                {
                    "req_id": 1328162914,
                    "timesteps_left": 1,
                    "zone_from": 31,
                    "zone_to": 23
                },
                {
                    "req_id": 1778661367,
                    "timesteps_left": 1,
                    "zone_from": 20,
                    "zone_to": 32
                },
                {
                    "req_id": 1419997566,
                    "timesteps_left": 1,
                    "zone_from": 13,
                    "zone_to": 32
                },
                {
                    "req_id": 1669099824,
                    "timesteps_left": 2,
                    "zone_from": 58,
                    "zone_to": 41
                },
                {
                    "req_id": 388225675,
                    "timesteps_left": 2,
                    "zone_from": 51,
                    "zone_to": 60
                },
                {
                    "req_id": 1322526245,
                    "timesteps_left": 2,
                    "zone_from": 42,
                    "zone_to": 48
                },
                {
                    "req_id": 1435781603,
                    "timesteps_left": 2,
                    "zone_from": 62,
                    "zone_to": 6
                },
                {
                    "req_id": 776511040,
                    "timesteps_left": 2,
                    "zone_from": 31,
                    "zone_to": 19
                },
                {
                    "req_id": 2049280063,
                    "timesteps_left": 2,
                    "zone_from": 53,
                    "zone_to": 61
                },
                {
                    "req_id": 43139557,
                    "timesteps_left": 2,
                    "zone_from": 48,
                    "zone_to": 18
                },
                {
                    "req_id": 617901638,
                    "timesteps_left": 2,
                    "zone_from": 39,
                    "zone_to": 60
                }
            ],
            "cars": [
                {
                    "car_id": 200346865,
                    "n_reqs": 2,
                    "reqs_in_car": [
                        1081520058,
                        1435781603
                    ],
                    "path": [
                        12,
                        62,
                        6,
                        28
                    ],
                    "reward": 0.270986,
                    "icds": [
                        297,
                        0
                    ],
                    "dist_red": 400.0
                }
            ]
        },
        {
            "t": 5,
            "reqs": [
                {
                    "req_id": 1656014507,
                    "timesteps_left": 0,
                    "zone_from": 50,
                    "zone_to": 28
                },
                {
                    "req_id": 1669099824,
                    "timesteps_left": 1,
                    "zone_from": 58,
                    "zone_to": 41
                },
                {
                    "req_id": 2049280063,
                    "timesteps_left": 1,
                    "zone_from": 53,
                    "zone_to": 61
                },
                {
                    "req_id": 776511040,
                    "timesteps_left": 1,
                    "zone_from": 31,
                    "zone_to": 19
                },
                {
                    "req_id": 43139557,
                    "timesteps_left": 1,
                    "zone_from": 48,
                    "zone_to": 18
                },
                {
                    "req_id": 1328162914,
                    "timesteps_left": 0,
                    "zone_from": 31,
                    "zone_to": 23
                },
                {
                    "req_id": 388225675,
                    "timesteps_left": 1,
                    "zone_from": 51,
                    "zone_to": 60
                },
                {
                    "req_id": 617901638,
                    "timesteps_left": 1,
                    "zone_from": 39,
                    "zone_to": 60
                },
                {
                    "req_id": 1778661367,
                    "timesteps_left": 0,
                    "zone_from": 20,
                    "zone_to": 32
                },
                {
                    "req_id": 1419997566,
                    "timesteps_left": 0,
                    "zone_from": 13,
                    "zone_to": 32
                },
                {
                    "req_id": 1322526245,
                    "timesteps_left": 1,
                    "zone_from": 42,
                    "zone_to": 48
                },
                {
                    "req_id": 814466243,
                    "timesteps_left": 2,
                    "zone_from": 59,
                    "zone_to": 41
                },
                {
                    "req_id": 993469935,
                    "timesteps_left": 2,
                    "zone_from": 36,
                    "zone_to": 28
                },
                {
                    "req_id": 2026183656,
                    "timesteps_left": 2,
                    "zone_from": 39,
                    "zone_to": 10
                },
                {
                    "req_id": 1834336033,
                    "timesteps_left": 2,
                    "zone_from": 59,
                    "zone_to": 51
                },
                {
                    "req_id": 827389340,
                    "timesteps_left": 2,
                    "zone_from": 29,
                    "zone_to": 42
                },
                {
                    "req_id": 205164467,
                    "timesteps_left": 2,
                    "zone_from": 40,
                    "zone_to": 12
                },
                {
                    "req_id": 1706097363,
                    "timesteps_left": 2,
                    "zone_from": 39,
                    "zone_to": 10
                },
                {
                    "req_id": 246909251,
                    "timesteps_left": 2,
                    "zone_from": 39,
                    "zone_to": 14
                }
            ],
            "cars": [
                {
                    "car_id": 1107701268,
                    "n_reqs": 2,
                    "reqs_in_car": [
                        1656014507,
                        993469935
                    ],
                    "path": [
                        50,
                        36,
                        28,
                        28
                    ],
                    "reward": 0.393309,
                    "icds": [
                        507,
                        0
                    ],
                    "dist_red": 1332.0
                },
                {
                    "car_id": 1460480402,
                    "n_reqs": 2,
                    "reqs_in_car": [
                        776511040,
                        1328162914
                    ],
                    "path": [
                        31,
                        31,
                        23,
                        19
                    ],
                    "reward": 0.168409,
                    "icds": [
                        338,
                        0
                    ],
                    "dist_red": 26.0
                },
                {
                    "car_id": 544851975,
                    "n_reqs": 5,
                    "reqs_in_car": [
                        388225675,
                        617901638,
                        246909251,
                        1778661367,
                        1419997566
                    ],
                    "path": [
                        39,
                        39,
                        51,
                        20,
                        13,
                        32,
                        32,
                        14,
                        60,
                        60
                    ],
                    "reward": 1.78757,
                    "icds": [
                        1599,
                        2251,
                        1765,
                        329,
                        0
                    ],
                    "dist_red": 15021.0
                }
            ]
        },
        {
            "t": 6,
            "reqs": [
                {
                    "req_id": 2049280063,
                    "timesteps_left": 0,
                    "zone_from": 53,
                    "zone_to": 61
                },
                {
                    "req_id": 827389340,
                    "timesteps_left": 1,
                    "zone_from": 29,
                    "zone_to": 42
                },
                {
                    "req_id": 205164467,
                    "timesteps_left": 1,
                    "zone_from": 40,
                    "zone_to": 12
                },
                {
                    "req_id": 2026183656,
                    "timesteps_left": 1,
                    "zone_from": 39,
                    "zone_to": 10
                },
                {
                    "req_id": 1706097363,
                    "timesteps_left": 1,
                    "zone_from": 39,
                    "zone_to": 10
                },
                {
                    "req_id": 814466243,
                    "timesteps_left": 1,
                    "zone_from": 59,
                    "zone_to": 41
                },
                {
                    "req_id": 1834336033,
                    "timesteps_left": 1,
                    "zone_from": 59,
                    "zone_to": 51
                },
                {
                    "req_id": 1669099824,
                    "timesteps_left": 0,
                    "zone_from": 58,
                    "zone_to": 41
                },
                {
                    "req_id": 43139557,
                    "timesteps_left": 0,
                    "zone_from": 48,
                    "zone_to": 18
                },
                {
                    "req_id": 1322526245,
                    "timesteps_left": 0,
                    "zone_from": 42,
                    "zone_to": 48
                },
                {
                    "req_id": 815484967,
                    "timesteps_left": 2,
                    "zone_from": 18,
                    "zone_to": 45
                },
                {
                    "req_id": 662576099,
                    "timesteps_left": 2,
                    "zone_from": 41,
                    "zone_to": 6
                },
                {
                    "req_id": 2051825492,
                    "timesteps_left": 2,
                    "zone_from": 51,
                    "zone_to": 30
                },
                {
                    "req_id": 1654411992,
                    "timesteps_left": 2,
                    "zone_from": 35,
                    "zone_to": 51
                },
                {
                    "req_id": 1582964021,
                    "timesteps_left": 2,
                    "zone_from": 59,
                    "zone_to": 10
                },
                {
                    "req_id": 441865961,
                    "timesteps_left": 2,
                    "zone_from": 60,
                    "zone_to": 48
                },
                {
                    "req_id": 536180427,
                    "timesteps_left": 2,
                    "zone_from": 47,
                    "zone_to": 61
                },
                {
                    "req_id": 884959586,
                    "timesteps_left": 2,
                    "zone_from": 20,
                    "zone_to": 19
                }
            ],
            "cars": [
                {
                    "car_id": 43028335,
                    "n_reqs": 3,
                    "reqs_in_car": [
                        662576099,
                        536180427,
                        2049280063
                    ],
                    "path": [
                        47,
                        41,
                        6,
                        53,
                        61,
                        61
                    ],
                    "reward": 0.86445,
                    "icds": [
                        0,
                        835,
                        0
                    ],
                    "dist_red": 3287.0
                },
                {
                    "car_id": 451171501,
                    "n_reqs": 5,
                    "reqs_in_car": [
                        43139557,
                        884959586,
                        814466243,
                        1322526245,
                        1669099824
                    ],
                    "path": [
                        58,
                        42,
                        59,
                        48,
                        48,
                        20,
                        19,
                        18,
                        41,
                        41
                    ],
                    "reward": 1.16529,
                    "icds": [
                        231,
                        0,
                        1259,
                        270,
                        2614
                    ],
                    "dist_red": 3714.0
                }
            ]
        },
        {
            "t": 7,
            "reqs": [
                {
                    "req_id": 205164467,
                    "timesteps_left": 0,
                    "zone_from": 40,
                    "zone_to": 12
                },
                {
                    "req_id": 815484967,
                    "timesteps_left": 1,
                    "zone_from": 18,
                    "zone_to": 45
                },
                {
                    "req_id": 441865961,
                    "timesteps_left": 1,
                    "zone_from": 60,
                    "zone_to": 48
                },
                {
                    "req_id": 2026183656,
                    "timesteps_left": 0,
                    "zone_from": 39,
                    "zone_to": 10
                },
                {
                    "req_id": 1706097363,
                    "timesteps_left": 0,
                    "zone_from": 39,
                    "zone_to": 10
                },
                {
                    "req_id": 2051825492,
                    "timesteps_left": 1,
                    "zone_from": 51,
                    "zone_to": 30
                },
                {
                    "req_id": 1582964021,
                    "timesteps_left": 1,
                    "zone_from": 59,
                    "zone_to": 10
                },
                {
                    "req_id": 1834336033,
                    "timesteps_left": 0,
                    "zone_from": 59,
                    "zone_to": 51
                },
                {
                    "req_id": 827389340,
                    "timesteps_left": 0,
                    "zone_from": 29,
                    "zone_to": 42
                },
                {
                    "req_id": 1654411992,
                    "timesteps_left": 1,
                    "zone_from": 35,
                    "zone_to": 51
                },
                {
                    "req_id": 1806015882,
                    "timesteps_left": 2,
                    "zone_from": 38,
                    "zone_to": 42
                },
                {
                    "req_id": 1974086799,
                    "timesteps_left": 2,
                    "zone_from": 10,
                    "zone_to": 31
                },
                {
                    "req_id": 704612090,
                    "timesteps_left": 2,
                    "zone_from": 8,
                    "zone_to": 46
                },
                {
                    "req_id": 1951018008,
                    "timesteps_left": 2,
                    "zone_from": 19,
                    "zone_to": 48
                },
                {
                    "req_id": 91494763,
                    "timesteps_left": 2,
                    "zone_from": 42,
                    "zone_to": 28
                },
                {
                    "req_id": 295871338,
                    "timesteps_left": 2,
                    "zone_from": 42,
                    "zone_to": 48
                },
                {
                    "req_id": 319395525,
                    "timesteps_left": 2,
                    "zone_from": 32,
                    "zone_to": 16
                },
                {
                    "req_id": 1123494022,
                    "timesteps_left": 2,
                    "zone_from": 41,
                    "zone_to": 48
                }
            ],
            "cars": [
                {
                    "car_id": 1225935287,
                    "n_reqs": 2,
                    "reqs_in_car": [
                        2026183656,
                        2026183656
                    ],
                    "path": [
                        39,
                        39,
                        10,
                        10
                    ],
                    "reward": 0.75,
                    "icds": [
                        0,
                        0
                    ],
                    "dist_red": 1881.0
                },
                {
                    "car_id": 508576359,
                    "n_reqs": 2,
                    "reqs_in_car": [
                        827389340,
                        1806015882
                    ],
                    "path": [
                        29,
                        38,
                        42,
                        42
                    ],
                    "reward": 0.508123,
                    "icds": [
                        265,
                        0
                    ],
                    "dist_red": 1922.0
                },
                {
                    "car_id": 1404031427,
                    "n_reqs": 5,
                    "reqs_in_car": [
                        1834336033,
                        1654411992,
                        1974086799,
                        1582964021,
                        319395525
                    ],
                    "path": [
                        59,
                        59,
                        10,
                        10,
                        35,
                        31,
                        32,
                        16,
                        51,
                        51
                    ],
                    "reward": 0.885155,
                    "icds": [
                        3206,
                        1988,
                        80,
                        0,
                        0
                    ],
                    "dist_red": 1756.0
                }
            ]
        },
        {
            "t": 8,
            "reqs": [
                {
                    "req_id": 2051825492,
                    "timesteps_left": 0,
                    "zone_from": 51,
                    "zone_to": 30
                },
                {
                    "req_id": 91494763,
                    "timesteps_left": 1,
                    "zone_from": 42,
                    "zone_to": 28
                },
                {
                    "req_id": 704612090,
                    "timesteps_left": 1,
                    "zone_from": 8,
                    "zone_to": 46
                },
                {
                    "req_id": 1951018008,
                    "timesteps_left": 1,
                    "zone_from": 19,
                    "zone_to": 48
                },
                {
                    "req_id": 1123494022,
                    "timesteps_left": 1,
                    "zone_from": 41,
                    "zone_to": 48
                },
                {
                    "req_id": 815484967,
                    "timesteps_left": 0,
                    "zone_from": 18,
                    "zone_to": 45
                },
                {
                    "req_id": 441865961,
                    "timesteps_left": 0,
                    "zone_from": 60,
                    "zone_to": 48
                },
                {
                    "req_id": 295871338,
                    "timesteps_left": 1,
                    "zone_from": 42,
                    "zone_to": 48
                },
                {
                    "req_id": 1254337636,
                    "timesteps_left": 2,
                    "zone_from": 32,
                    "zone_to": 37
                },
                {
                    "req_id": 2123584518,
                    "timesteps_left": 2,
                    "zone_from": 47,
                    "zone_to": 55
                },
                {
                    "req_id": 127408944,
                    "timesteps_left": 2,
                    "zone_from": 53,
                    "zone_to": 17
                },
                {
                    "req_id": 441268493,
                    "timesteps_left": 2,
                    "zone_from": 55,
                    "zone_to": 28
                },
                {
                    "req_id": 1148542342,
                    "timesteps_left": 2,
                    "zone_from": 36,
                    "zone_to": 9
                },
                {
                    "req_id": 173773371,
                    "timesteps_left": 2,
                    "zone_from": 29,
                    "zone_to": 47
                },
                {
                    "req_id": 653856479,
                    "timesteps_left": 2,
                    "zone_from": 41,
                    "zone_to": 58
                },
                {
                    "req_id": 1766279397,
                    "timesteps_left": 2,
                    "zone_from": 47,
                    "zone_to": 46
                }
            ],
            "cars": [
                {
                    "car_id": 1406707841,
                    "n_reqs": 5,
                    "reqs_in_car": [
                        2051825492,
                        2123584518,
                        91494763,
                        441268493,
                        1254337636
                    ],
                    "path": [
                        32,
                        51,
                        42,
                        47,
                        30,
                        55,
                        55,
                        28,
                        28,
                        37
                    ],
                    "reward": 1.42976,
                    "icds": [
                        595,
                        152,
                        1175,
                        0,
                        3814
                    ],
                    "dist_red": 8768.0
                }
            ]
        },
        {
            "t": 9,
            "reqs": [
                {
                    "req_id": 704612090,
                    "timesteps_left": 0,
                    "zone_from": 8,
                    "zone_to": 46
                },
                {
                    "req_id": 1766279397,
                    "timesteps_left": 1,
                    "zone_from": 47,
                    "zone_to": 46
                },
                {
                    "req_id": 127408944,
                    "timesteps_left": 1,
                    "zone_from": 53,
                    "zone_to": 17
                },
                {
                    "req_id": 173773371,
                    "timesteps_left": 1,
                    "zone_from": 29,
                    "zone_to": 47
                },
                {
                    "req_id": 1123494022,
                    "timesteps_left": 0,
                    "zone_from": 41,
                    "zone_to": 48
                },
                {
                    "req_id": 295871338,
                    "timesteps_left": 0,
                    "zone_from": 42,
                    "zone_to": 48
                },
                {
                    "req_id": 1951018008,
                    "timesteps_left": 0,
                    "zone_from": 19,
                    "zone_to": 48
                },
                {
                    "req_id": 653856479,
                    "timesteps_left": 1,
                    "zone_from": 41,
                    "zone_to": 58
                },
                {
                    "req_id": 1148542342,
                    "timesteps_left": 1,
                    "zone_from": 36,
                    "zone_to": 9
                },
                {
                    "req_id": 1131349741,
                    "timesteps_left": 2,
                    "zone_from": 61,
                    "zone_to": 61
                },
                {
                    "req_id": 1387467948,
                    "timesteps_left": 2,
                    "zone_from": 13,
                    "zone_to": 10
                },
                {
                    "req_id": 1610789523,
                    "timesteps_left": 2,
                    "zone_from": 4,
                    "zone_to": 5
                },
                {
                    "req_id": 145302942,
                    "timesteps_left": 2,
                    "zone_from": 16,
                    "zone_to": 18
                },
                {
                    "req_id": 2141190206,
                    "timesteps_left": 2,
                    "zone_from": 42,
                    "zone_to": 11
                },
                {
                    "req_id": 654150390,
                    "timesteps_left": 2,
                    "zone_from": 33,
                    "zone_to": 46
                },
                {
                    "req_id": 880603723,
                    "timesteps_left": 2,
                    "zone_from": 30,
                    "zone_to": 54
                },
                {
                    "req_id": 833126731,
                    "timesteps_left": 2,
                    "zone_from": 26,
                    "zone_to": 38
                }
            ],
            "cars": [
                {
                    "car_id": 151965076,
                    "n_reqs": 5,
                    "reqs_in_car": [
                        127408944,
                        173773371,
                        654150390,
                        1766279397,
                        704612090
                    ],
                    "path": [
                        33,
                        29,
                        53,
                        47,
                        47,
                        17,
                        8,
                        46,
                        46,
                        46
                    ],
                    "reward": 1.46617,
                    "icds": [
                        90,
                        341,
                        2452,
                        769,
                        0
                    ],
                    "dist_red": 6414.0
                },
                {
                    "car_id": 858352436,
                    "n_reqs": 5,
                    "reqs_in_car": [
                        1123494022,
                        295871338,
                        1951018008,
                        145302942,
                        653856479
                    ],
                    "path": [
                        41,
                        41,
                        58,
                        42,
                        16,
                        18,
                        19,
                        48,
                        48,
                        48
                    ],
                    "reward": 1.83062,
                    "icds": [
                        2383,
                        1083,
                        0,
                        0,
                        0
                    ],
                    "dist_red": 9735.0
                },
                {
                    "car_id": 1830875361,
                    "n_reqs": 5,
                    "reqs_in_car": [
                        2141190206,
                        833126731,
                        1610789523,
                        880603723,
                        1148542342
                    ],
                    "path": [
                        42,
                        26,
                        36,
                        38,
                        9,
                        30,
                        54,
                        4,
                        5,
                        11
                    ],
                    "reward": 0.855831,
                    "icds": [
                        3485,
                        30,
                        0,
                        0,
                        348
                    ],
                    "dist_red": 979.0
                }
            ]
        }
    ],
    "serv_rate": 93.75,
    "n_cars": 19,
    "avg_occ": 3.357894736842105,
    "dist_red": 84.446,
    "dist_red_perc": 22,
    "trip_red": 56,
    "trip_red_perc": 56,
    "kg_co2_red": 10,
    "icd_mean": 562
}