{
    "timesteps": [
        {
            "t": 0,
            "reqs": [
                {
                    "req_id": 1698563275,
                    "timesteps_left": 1,
                    "zone_from": 16,
                    "zone_to": 27
                },
                {
                    "req_id": 835862281,
                    "timesteps_left": 1,
                    "zone_from": 16,
                    "zone_to": 52
                }
            ],
            "cars": []
        },
        {
            "t": 1,
            "reqs": [
                {
                    "req_id": 1698563275,
                    "timesteps_left": 0,
                    "zone_from": 16,
                    "zone_to": 27
                },
                {
                    "req_id": 835862281,
                    "timesteps_left": 0,
                    "zone_from": 16,
                    "zone_to": 52
                },
                {
                    "req_id": 590846791,
                    "timesteps_left": 1,
                    "zone_from": 13,
                    "zone_to": 49
                },
                {
                    "req_id": 341163729,
                    "timesteps_left": 1,
                    "zone_from": 39,
                    "zone_to": 20
                }
            ],
            "cars": [
                {
                    "car_id": 865447512,
                    "n_reqs": 2,
                    "reqs_in_car": [
                        1698563275,
                        835862281
                    ],
                    "path": [
                        16,
                        16,
                        27,
                        52
                    ],
                    "reward": 0.320977,
                    "icds": [
                        0,
                        168
                    ],
                    "dist_red": 3502.0
                }
            ]
        },
        {
            "t": 2,
            "reqs": [
                {
                    "req_id": 590846791,
                    "timesteps_left": 0,
                    "zone_from": 13,
                    "zone_to": 49
                },
                {
                    "req_id": 341163729,
                    "timesteps_left": 0,
                    "zone_from": 39,
                    "zone_to": 20
                },
                {
                    "req_id": 1874372830,
                    "timesteps_left": 1,
                    "zone_from": 19,
                    "zone_to": 30
                },
                {
                    "req_id": 1559124317,
                    "timesteps_left": 1,
                    "zone_from": 18,
                    "zone_to": 7
                }
            ],
            "cars": [
                {
                    "car_id": 594944690,
                    "n_reqs": 2,
                    "reqs_in_car": [
                        590846791,
                        1559124317
                    ],
                    "path": [
                        13,
                        18,
                        7,
                        49
                    ],
                    "reward": 0.0453132,
                    "icds": [
                        1036,
                        0
                    ],
                    "dist_red": 2046.0
                }
            ]
        },
        {
            "t": 3,
            "reqs": [
                {
                    "req_id": 1874372830,
                    "timesteps_left": 0,
                    "zone_from": 19,
                    "zone_to": 30
                },
                {
                    "req_id": 2000419308,
                    "timesteps_left": 1,
                    "zone_from": 35,
                    "zone_to": 32
                },
                {
                    "req_id": 397496930,
                    "timesteps_left": 1,
                    "zone_from": 28,
                    "zone_to": 27
                }
            ],
            "cars": []
        },
        {
            "t": 4,
            "reqs": [
                {
                    "req_id": 2000419308,
                    "timesteps_left": 0,
                    "zone_from": 35,
                    "zone_to": 32
                },
                {
                    "req_id": 397496930,
                    "timesteps_left": 0,
                    "zone_from": 28,
                    "zone_to": 27
                },
                {
                    "req_id": 421537119,
                    "timesteps_left": 1,
                    "zone_from": 18,
                    "zone_to": 51
                },
                {
                    "req_id": 123552541,
                    "timesteps_left": 1,
                    "zone_from": 32,
                    "zone_to": 13
                }
            ],
            "cars": []
        },
        {
            "t": 5,
            "reqs": [
                {
                    "req_id": 421537119,
                    "timesteps_left": 0,
                    "zone_from": 18,
                    "zone_to": 51
                },
                {
                    "req_id": 123552541,
                    "timesteps_left": 0,
                    "zone_from": 32,
                    "zone_to": 13
                },
                {
                    "req_id": 70902599,
                    "timesteps_left": 1,
                    "zone_from": 55,
                    "zone_to": 30
                },
                {
                    "req_id": 90372986,
                    "timesteps_left": 1,
                    "zone_from": 50,
                    "zone_to": 18
                }
            ],
            "cars": []
        },
        {
            "t": 6,
            "reqs": [
                {
                    "req_id": 70902599,
                    "timesteps_left": 0,
                    "zone_from": 55,
                    "zone_to": 30
                },
                {
                    "req_id": 90372986,
                    "timesteps_left": 0,
                    "zone_from": 50,
                    "zone_to": 18
                },
                {
                    "req_id": 1680886748,
                    "timesteps_left": 1,
                    "zone_from": 59,
                    "zone_to": 10
                },
                {
                    "req_id": 244154384,
                    "timesteps_left": 1,
                    "zone_from": 8,
                    "zone_to": 30
                }
            ],
            "cars": []
        },
        {
            "t": 7,
            "reqs": [
                {
                    "req_id": 1680886748,
                    "timesteps_left": 0,
                    "zone_from": 59,
                    "zone_to": 10
                },
                {
                    "req_id": 244154384,
                    "timesteps_left": 0,
                    "zone_from": 8,
                    "zone_to": 30
                },
                {
                    "req_id": 689667690,
                    "timesteps_left": 1,
                    "zone_from": 41,
                    "zone_to": 52
                },
                {
                    "req_id": 1615076315,
                    "timesteps_left": 1,
                    "zone_from": 51,
                    "zone_to": 41
                }
            ],
            "cars": []
        },
        {
            "t": 8,
            "reqs": [
                {
                    "req_id": 689667690,
                    "timesteps_left": 0,
                    "zone_from": 41,
                    "zone_to": 52
                },
                {
                    "req_id": 1615076315,
                    "timesteps_left": 0,
                    "zone_from": 51,
                    "zone_to": 41
                },
                {
                    "req_id": 82967725,
                    "timesteps_left": 1,
                    "zone_from": 39,
                    "zone_to": 40
                },
                {
                    "req_id": 768286069,
                    "timesteps_left": 1,
                    "zone_from": 28,
                    "zone_to": 42
                }
            ],
            "cars": [
                {
                    "car_id": 1545417481,
                    "n_reqs": 3,
                    "reqs_in_car": [
                        689667690,
                        82967725,
                        1615076315
                    ],
                    "path": [
                        39,
                        51,
                        41,
                        41,
                        52,
                        40
                    ],
                    "reward": 0.251658,
                    "icds": [
                        0,
                        1794,
                        0
                    ],
                    "dist_red": 2987.0
                }
            ]
        },
        {
            "t": 9,
            "reqs": [
                {
                    "req_id": 768286069,
                    "timesteps_left": 0,
                    "zone_from": 28,
                    "zone_to": 42
                },
                {
                    "req_id": 245834269,
                    "timesteps_left": 1,
                    "zone_from": 38,
                    "zone_to": 52
                },
                {
                    "req_id": 189867120,
                    "timesteps_left": 1,
                    "zone_from": 41,
                    "zone_to": 20
                }
            ],
            "cars": []
        }
    ],
    "serv_rate": 35.0,
    "n_cars": 3,
    "avg_occ": 1.2666666666666666,
    "dist_red": 8.535,
    "dist_red_perc": 2,
    "trip_red": 4,
    "trip_red_perc": 4,
    "kg_co2_red": 1,
    "icd_mean": 34
}