{
    "timesteps": [
        {
            "t": 0,
            "reqs": [
                {
                    "req_id": 1658218146,
                    "timesteps_left": 1,
                    "zone_from": 47,
                    "zone_to": 38
                },
                {
                    "req_id": 1045051093,
                    "timesteps_left": 1,
                    "zone_from": 13,
                    "zone_to": 21
                },
                {
                    "req_id": 37077411,
                    "timesteps_left": 1,
                    "zone_from": 20,
                    "zone_to": 38
                },
                {
                    "req_id": 2069599082,
                    "timesteps_left": 1,
                    "zone_from": 16,
                    "zone_to": 36
                },
                {
                    "req_id": 1600491846,
                    "timesteps_left": 1,
                    "zone_from": 9,
                    "zone_to": 58
                },
                {
                    "req_id": 1489773977,
                    "timesteps_left": 1,
                    "zone_from": 54,
                    "zone_to": 4
                },
                {
                    "req_id": 795806718,
                    "timesteps_left": 1,
                    "zone_from": 51,
                    "zone_to": 49
                },
                {
                    "req_id": 70415218,
                    "timesteps_left": 1,
                    "zone_from": 8,
                    "zone_to": 59
                }
            ],
            "cars": []
        },
        {
            "t": 1,
            "reqs": [
                {
                    "req_id": 795806718,
                    "timesteps_left": 0,
                    "zone_from": 51,
                    "zone_to": 49
                },
                {
                    "req_id": 1600491846,
                    "timesteps_left": 0,
                    "zone_from": 9,
                    "zone_to": 58
                },
                {
                    "req_id": 70415218,
                    "timesteps_left": 0,
                    "zone_from": 8,
                    "zone_to": 59
                },
                {
                    "req_id": 37077411,
                    "timesteps_left": 0,
                    "zone_from": 20,
                    "zone_to": 38
                },
                {
                    "req_id": 2069599082,
                    "timesteps_left": 0,
                    "zone_from": 16,
                    "zone_to": 36
                },
                {
                    "req_id": 1045051093,
                    "timesteps_left": 0,
                    "zone_from": 13,
                    "zone_to": 21
                },
                {
                    "req_id": 1489773977,
                    "timesteps_left": 0,
                    "zone_from": 54,
                    "zone_to": 4
                },
                {
                    "req_id": 1658218146,
                    "timesteps_left": 0,
                    "zone_from": 47,
                    "zone_to": 38
                },
                {
                    "req_id": 1390930763,
                    "timesteps_left": 1,
                    "zone_from": 32,
                    "zone_to": 62
                },
                {
                    "req_id": 1660279045,
                    "timesteps_left": 1,
                    "zone_from": 47,
                    "zone_to": 47
                },
                {
                    "req_id": 678650716,
                    "timesteps_left": 1,
                    "zone_from": 51,
                    "zone_to": 18
                },
                {
                    "req_id": 990401452,
                    "timesteps_left": 1,
                    "zone_from": 52,
                    "zone_to": 50
                },
                {
                    "req_id": 1260954052,
                    "timesteps_left": 1,
                    "zone_from": 4,
                    "zone_to": 29
                },
                {
                    "req_id": 18895111,
                    "timesteps_left": 1,
                    "zone_from": 13,
                    "zone_to": 42
                },
                {
                    "req_id": 1820698317,
                    "timesteps_left": 1,
                    "zone_from": 41,
                    "zone_to": 20
                },
                {
                    "req_id": 481908519,
                    "timesteps_left": 1,
                    "zone_from": 17,
                    "zone_to": 8
                }
            ],
            "cars": [
                {
                    "car_id": 1344600103,
                    "n_reqs": 4,
                    "reqs_in_car": [
                        37077411,
                        1390930763,
                        1660279045,
                        1658218146
                    ],
                    "path": [
                        32,
                        20,
                        47,
                        47,
                        47,
                        38,
                        38,
                        62
                    ],
                    "reward": 1.11903,
                    "icds": [
                        345,
                        2472,
                        0,
                        0
                    ],
                    "dist_red": 5216.0
                },
                {
                    "car_id": 454382252,
                    "n_reqs": 5,
                    "reqs_in_car": [
                        70415218,
                        1820698317,
                        2069599082,
                        795806718,
                        678650716
                    ],
                    "path": [
                        51,
                        51,
                        16,
                        18,
                        41,
                        36,
                        8,
                        59,
                        20,
                        49
                    ],
                    "reward": 0.689924,
                    "icds": [
                        0,
                        1513,
                        381,
                        3360,
                        347
                    ],
                    "dist_red": 1270.0
                },
                {
                    "car_id": 542094617,
                    "n_reqs": 5,
                    "reqs_in_car": [
                        1045051093,
                        18895111,
                        481908519,
                        1600491846,
                        1489773977
                    ],
                    "path": [
                        13,
                        13,
                        42,
                        17,
                        8,
                        9,
                        58,
                        54,
                        4,
                        21
                    ],
                    "reward": 1.12716,
                    "icds": [
                        3552,
                        0,
                        0,
                        0,
                        0
                    ],
                    "dist_red": 3017.0
                }
            ]
        },
        {
            "t": 2,
            "reqs": [
                {
                    "req_id": 990401452,
                    "timesteps_left": 0,
                    "zone_from": 52,
                    "zone_to": 50
                },
                {
                    "req_id": 1260954052,
                    "timesteps_left": 0,
                    "zone_from": 4,
                    "zone_to": 29
                },
                {
                    "req_id": 654997414,
                    "timesteps_left": 1,
                    "zone_from": 19,
                    "zone_to": 13
                },
                {
                    "req_id": 320728014,
                    "timesteps_left": 1,
                    "zone_from": 51,
                    "zone_to": 16
                },
                {
                    "req_id": 1057261674,
                    "timesteps_left": 1,
                    "zone_from": 62,
                    "zone_to": 37
                },
                {
                    "req_id": 1029298411,
                    "timesteps_left": 1,
                    "zone_from": 23,
                    "zone_to": 38
                },
                {
                    "req_id": 539026338,
                    "timesteps_left": 1,
                    "zone_from": 29,
                    "zone_to": 28
                },
                {
                    "req_id": 448782735,
                    "timesteps_left": 1,
                    "zone_from": 37,
                    "zone_to": 10
                },
                {
                    "req_id": 1671426279,
                    "timesteps_left": 1,
                    "zone_from": 36,
                    "zone_to": 61
                },
                {
                    "req_id": 1132885770,
                    "timesteps_left": 1,
                    "zone_from": 4,
                    "zone_to": 51
                }
            ],
            "cars": [
                {
                    "car_id": 1117431096,
                    "n_reqs": 2,
                    "reqs_in_car": [
                        990401452,
                        1057261674
                    ],
                    "path": [
                        52,
                        62,
                        37,
                        50
                    ],
                    "reward": 0.560621,
                    "icds": [
                        473,
                        0
                    ],
                    "dist_red": 3541.0
                },
                {
                    "car_id": 1239160654,
                    "n_reqs": 5,
                    "reqs_in_car": [
                        1260954052,
                        1132885770,
                        654997414,
                        448782735,
                        539026338
                    ],
                    "path": [
                        4,
                        4,
                        29,
                        29,
                        28,
                        37,
                        10,
                        19,
                        13,
                        51
                    ],
                    "reward": 1.31471,
                    "icds": [
                        0,
                        3596,
                        0,
                        0,
                        0
                    ],
                    "dist_red": 4864.0
                }
            ]
        },
        {
            "t": 3,
            "reqs": [
                {
                    "req_id": 1671426279,
                    "timesteps_left": 0,
                    "zone_from": 36,
                    "zone_to": 61
                },
                {
                    "req_id": 320728014,
                    "timesteps_left": 0,
                    "zone_from": 51,
                    "zone_to": 16
                },
                {
                    "req_id": 1029298411,
                    "timesteps_left": 0,
                    "zone_from": 23,
                    "zone_to": 38
                },
                {
                    "req_id": 2115701800,
                    "timesteps_left": 1,
                    "zone_from": 53,
                    "zone_to": 38
                },
                {
                    "req_id": 2073080757,
                    "timesteps_left": 1,
                    "zone_from": 42,
                    "zone_to": 2
                },
                {
                    "req_id": 246919537,
                    "timesteps_left": 1,
                    "zone_from": 26,
                    "zone_to": 4
                },
                {
                    "req_id": 568463969,
                    "timesteps_left": 1,
                    "zone_from": 17,
                    "zone_to": 13
                },
                {
                    "req_id": 22443285,
                    "timesteps_left": 1,
                    "zone_from": 47,
                    "zone_to": 28
                },
                {
                    "req_id": 1376029846,
                    "timesteps_left": 1,
                    "zone_from": 31,
                    "zone_to": 59
                },
                {
                    "req_id": 947714169,
                    "timesteps_left": 1,
                    "zone_from": 29,
                    "zone_to": 16
                },
                {
                    "req_id": 91055009,
                    "timesteps_left": 1,
                    "zone_from": 33,
                    "zone_to": 47
                }
            ],
            "cars": [
                {
                    "car_id": 612925636,
                    "n_reqs": 5,
                    "reqs_in_car": [
                        1671426279,
                        22443285,
                        246919537,
                        2115701800,
                        320728014
                    ],
                    "path": [
                        26,
                        51,
                        16,
                        47,
                        36,
                        53,
                        38,
                        28,
                        61,
                        4
                    ],
                    "reward": 1.15095,
                    "icds": [
                        1239,
                        1295,
                        4229,
                        0,
                        0
                    ],
                    "dist_red": 6373.0
                },
                {
                    "car_id": 130721552,
                    "n_reqs": 5,
                    "reqs_in_car": [
                        568463969,
                        947714169,
                        91055009,
                        1376029846,
                        1029298411
                    ],
                    "path": [
                        33,
                        29,
                        17,
                        16,
                        13,
                        31,
                        23,
                        59,
                        38,
                        47
                    ],
                    "reward": 1.09831,
                    "icds": [
                        158,
                        83,
                        5000,
                        41,
                        293
                    ],
                    "dist_red": 4132.0
                }
            ]
        },
        {
            "t": 4,
            "reqs": [
                {
                    "req_id": 2073080757,
                    "timesteps_left": 0,
                    "zone_from": 42,
                    "zone_to": 2
                },
                {
                    "req_id": 663206664,
                    "timesteps_left": 1,
                    "zone_from": 33,
                    "zone_to": 8
                },
                {
                    "req_id": 1764393415,
                    "timesteps_left": 1,
                    "zone_from": 51,
                    "zone_to": 13
                },
                {
                    "req_id": 599493255,
                    "timesteps_left": 1,
                    "zone_from": 31,
                    "zone_to": 48
                },
                {
                    "req_id": 944381800,
                    "timesteps_left": 1,
                    "zone_from": 42,
                    "zone_to": 2
                },
                {
                    "req_id": 581501710,
                    "timesteps_left": 1,
                    "zone_from": 42,
                    "zone_to": 42
                },
                {
                    "req_id": 1588975717,
                    "timesteps_left": 1,
                    "zone_from": 26,
                    "zone_to": 42
                },
                {
                    "req_id": 497463523,
                    "timesteps_left": 1,
                    "zone_from": 53,
                    "zone_to": 37
                },
                {
                    "req_id": 1938532571,
                    "timesteps_left": 1,
                    "zone_from": 38,
                    "zone_to": 55
                }
            ],
            "cars": [
                {
                    "car_id": 1294002023,
                    "n_reqs": 5,
                    "reqs_in_car": [
                        2073080757,
                        2073080757,
                        581501710,
                        599493255,
                        1764393415
                    ],
                    "path": [
                        42,
                        42,
                        42,
                        42,
                        51,
                        13,
                        31,
                        48,
                        2,
                        2
                    ],
                    "reward": 1.48274,
                    "icds": [
                        1923,
                        1923,
                        0,
                        0,
                        0
                    ],
                    "dist_red": 4591.0
                }
            ]
        },
        {
            "t": 5,
            "reqs": [
                {
                    "req_id": 1588975717,
                    "timesteps_left": 0,
                    "zone_from": 26,
                    "zone_to": 42
                },
                {
                    "req_id": 1938532571,
                    "timesteps_left": 0,
                    "zone_from": 38,
                    "zone_to": 55
                },
                {
                    "req_id": 663206664,
                    "timesteps_left": 0,
                    "zone_from": 33,
                    "zone_to": 8
                },
                {
                    "req_id": 497463523,
                    "timesteps_left": 0,
                    "zone_from": 53,
                    "zone_to": 37
                },
                {
                    "req_id": 269151205,
                    "timesteps_left": 1,
                    "zone_from": 18,
                    "zone_to": 50
                },
                {
                    "req_id": 2063489018,
                    "timesteps_left": 1,
                    "zone_from": 54,
                    "zone_to": 52
                },
                {
                    "req_id": 1826274822,
                    "timesteps_left": 1,
                    "zone_from": 59,
                    "zone_to": 16
                },
                {
                    "req_id": 267297864,
                    "timesteps_left": 1,
                    "zone_from": 10,
                    "zone_to": 37
                },
                {
                    "req_id": 1104043851,
                    "timesteps_left": 1,
                    "zone_from": 54,
                    "zone_to": 54
                },
                {
                    "req_id": 387332304,
                    "timesteps_left": 1,
                    "zone_from": 36,
                    "zone_to": 38
                },
                {
                    "req_id": 1081622723,
                    "timesteps_left": 1,
                    "zone_from": 37,
                    "zone_to": 8
                },
                {
                    "req_id": 170729852,
                    "timesteps_left": 1,
                    "zone_from": 16,
                    "zone_to": 30
                }
            ],
            "cars": [
                {
                    "car_id": 143884690,
                    "n_reqs": 5,
                    "reqs_in_car": [
                        269151205,
                        170729852,
                        387332304,
                        1938532571,
                        267297864
                    ],
                    "path": [
                        38,
                        10,
                        16,
                        18,
                        50,
                        37,
                        36,
                        38,
                        30,
                        55
                    ],
                    "reward": 0.905925,
                    "icds": [
                        0,
                        1226,
                        0,
                        3433,
                        743
                    ],
                    "dist_red": 2189.0
                },
                {
                    "car_id": 1057487086,
                    "n_reqs": 5,
                    "reqs_in_car": [
                        2063489018,
                        1104043851,
                        663206664,
                        1081622723,
                        497463523
                    ],
                    "path": [
                        33,
                        54,
                        54,
                        54,
                        52,
                        53,
                        37,
                        37,
                        8,
                        8
                    ],
                    "reward": 1.62987,
                    "icds": [
                        0,
                        0,
                        1482,
                        0,
                        0
                    ],
                    "dist_red": 3814.0
                }
            ]
        },
        {
            "t": 6,
            "reqs": [
                {
                    "req_id": 1826274822,
                    "timesteps_left": 0,
                    "zone_from": 59,
                    "zone_to": 16
                },
                {
                    "req_id": 1836132211,
                    "timesteps_left": 1,
                    "zone_from": 42,
                    "zone_to": 13
                },
                {
                    "req_id": 399879922,
                    "timesteps_left": 1,
                    "zone_from": 18,
                    "zone_to": 42
                },
                {
                    "req_id": 263506109,
                    "timesteps_left": 1,
                    "zone_from": 38,
                    "zone_to": 53
                },
                {
                    "req_id": 1870479844,
                    "timesteps_left": 1,
                    "zone_from": 59,
                    "zone_to": 12
                },
                {
                    "req_id": 660142075,
                    "timesteps_left": 1,
                    "zone_from": 55,
                    "zone_to": 3
                },
                {
                    "req_id": 1261189899,
                    "timesteps_left": 1,
                    "zone_from": 54,
                    "zone_to": 62
                },
                {
                    "req_id": 883710440,
                    "timesteps_left": 1,
                    "zone_from": 13,
                    "zone_to": 28
                },
                {
                    "req_id": 779449073,
                    "timesteps_left": 1,
                    "zone_from": 52,
                    "zone_to": 27
                }
            ],
            "cars": [
                {
                    "car_id": 478517568,
                    "n_reqs": 5,
                    "reqs_in_car": [
                        1870479844,
                        883710440,
                        1826274822,
                        1836132211,
                        399879922
                    ],
                    "path": [
                        59,
                        59,
                        18,
                        16,
                        42,
                        42,
                        13,
                        13,
                        28,
                        12
                    ],
                    "reward": 1.49685,
                    "icds": [
                        2592,
                        0,
                        357,
                        0,
                        38
                    ],
                    "dist_red": 7379.0
                }
            ]
        },
        {
            "t": 7,
            "reqs": [
                {
                    "req_id": 263506109,
                    "timesteps_left": 0,
                    "zone_from": 38,
                    "zone_to": 53
                },
                {
                    "req_id": 660142075,
                    "timesteps_left": 0,
                    "zone_from": 55,
                    "zone_to": 3
                },
                {
                    "req_id": 1261189899,
                    "timesteps_left": 0,
                    "zone_from": 54,
                    "zone_to": 62
                },
                {
                    "req_id": 779449073,
                    "timesteps_left": 0,
                    "zone_from": 52,
                    "zone_to": 27
                },
                {
                    "req_id": 476762678,
                    "timesteps_left": 1,
                    "zone_from": 10,
                    "zone_to": 51
                },
                {
                    "req_id": 1112830663,
                    "timesteps_left": 1,
                    "zone_from": 35,
                    "zone_to": 59
                },
                {
                    "req_id": 1959076073,
                    "timesteps_left": 1,
                    "zone_from": 10,
                    "zone_to": 58
                },
                {
                    "req_id": 704744658,
                    "timesteps_left": 1,
                    "zone_from": 8,
                    "zone_to": 39
                },
                {
                    "req_id": 2128840577,
                    "timesteps_left": 1,
                    "zone_from": 59,
                    "zone_to": 51
                },
                {
                    "req_id": 1951833640,
                    "timesteps_left": 1,
                    "zone_from": 46,
                    "zone_to": 9
                },
                {
                    "req_id": 585610869,
                    "timesteps_left": 1,
                    "zone_from": 29,
                    "zone_to": 36
                },
                {
                    "req_id": 1280492733,
                    "timesteps_left": 1,
                    "zone_from": 59,
                    "zone_to": 59
                }
            ],
            "cars": []
        },
        {
            "t": 8,
            "reqs": [
                {
                    "req_id": 704744658,
                    "timesteps_left": 0,
                    "zone_from": 8,
                    "zone_to": 39
                },
                {
                    "req_id": 1951833640,
                    "timesteps_left": 0,
                    "zone_from": 46,
                    "zone_to": 9
                },
                {
                    "req_id": 585610869,
                    "timesteps_left": 0,
                    "zone_from": 29,
                    "zone_to": 36
                },
                {
                    "req_id": 476762678,
                    "timesteps_left": 0,
                    "zone_from": 10,
                    "zone_to": 51
                },
                {
                    "req_id": 2128840577,
                    "timesteps_left": 0,
                    "zone_from": 59,
                    "zone_to": 51
                },
                {
                    "req_id": 1112830663,
                    "timesteps_left": 0,
                    "zone_from": 35,
                    "zone_to": 59
                },
                {
                    "req_id": 1280492733,
                    "timesteps_left": 0,
                    "zone_from": 59,
                    "zone_to": 59
                },
                {
                    "req_id": 1959076073,
                    "timesteps_left": 0,
                    "zone_from": 10,
                    "zone_to": 58
                },
                {
                    "req_id": 368020619,
                    "timesteps_left": 1,
                    "zone_from": 42,
                    "zone_to": 26
                },
                {
                    "req_id": 353758278,
                    "timesteps_left": 1,
                    "zone_from": 18,
                    "zone_to": 8
                },
                {
                    "req_id": 1992713747,
                    "timesteps_left": 1,
                    "zone_from": 51,
                    "zone_to": 8
                },
                {
                    "req_id": 1926991820,
                    "timesteps_left": 1,
                    "zone_from": 55,
                    "zone_to": 3
                },
                {
                    "req_id": 1260602499,
                    "timesteps_left": 1,
                    "zone_from": 17,
                    "zone_to": 51
                },
                {
                    "req_id": 2079955433,
                    "timesteps_left": 1,
                    "zone_from": 17,
                    "zone_to": 12
                },
                {
                    "req_id": 1527632066,
                    "timesteps_left": 1,
                    "zone_from": 39,
                    "zone_to": 8
                },
                {
                    "req_id": 1843769879,
                    "timesteps_left": 1,
                    "zone_from": 32,
                    "zone_to": 49
                }
            ],
            "cars": [
                {
                    "car_id": 950021058,
                    "n_reqs": 4,
                    "reqs_in_car": [
                        585610869,
                        2079955433,
                        1926991820,
                        1951833640
                    ],
                    "path": [
                        17,
                        29,
                        46,
                        36,
                        9,
                        55,
                        3,
                        12
                    ],
                    "reward": 0.201342,
                    "icds": [
                        797,
                        3420,
                        0,
                        33
                    ],
                    "dist_red": -1903.0
                },
                {
                    "car_id": 393450503,
                    "n_reqs": 5,
                    "reqs_in_car": [
                        353758278,
                        1992713747,
                        1527632066,
                        704744658,
                        368020619
                    ],
                    "path": [
                        42,
                        51,
                        18,
                        39,
                        8,
                        8,
                        8,
                        8,
                        39,
                        26
                    ],
                    "reward": 1.37776,
                    "icds": [
                        40,
                        611,
                        0,
                        0,
                        2819
                    ],
                    "dist_red": 4278.0
                },
                {
                    "car_id": 1650726021,
                    "n_reqs": 5,
                    "reqs_in_car": [
                        476762678,
                        1260602499,
                        2128840577,
                        1280492733,
                        1112830663
                    ],
                    "path": [
                        17,
                        10,
                        35,
                        59,
                        59,
                        59,
                        59,
                        51,
                        51,
                        51
                    ],
                    "reward": 1.41292,
                    "icds": [
                        784,
                        952,
                        0,
                        0,
                        0
                    ],
                    "dist_red": 2106.0
                }
            ]
        },
        {
            "t": 9,
            "reqs": [
                {
                    "req_id": 1843769879,
                    "timesteps_left": 0,
                    "zone_from": 32,
                    "zone_to": 49
                },
                {
                    "req_id": 1087377167,
                    "timesteps_left": 1,
                    "zone_from": 41,
                    "zone_to": 23
                },
                {
                    "req_id": 1133517168,
                    "timesteps_left": 1,
                    "zone_from": 57,
                    "zone_to": 48
                },
                {
                    "req_id": 2138765519,
                    "timesteps_left": 1,
                    "zone_from": 10,
                    "zone_to": 36
                },
                {
                    "req_id": 1361301792,
                    "timesteps_left": 1,
                    "zone_from": 10,
                    "zone_to": 0
                },
                {
                    "req_id": 289531819,
                    "timesteps_left": 1,
                    "zone_from": 58,
                    "zone_to": 53
                },
                {
                    "req_id": 1535503851,
                    "timesteps_left": 1,
                    "zone_from": 47,
                    "zone_to": 41
                },
                {
                    "req_id": 212215174,
                    "timesteps_left": 1,
                    "zone_from": 36,
                    "zone_to": 10
                },
                {
                    "req_id": 947024425,
                    "timesteps_left": 1,
                    "zone_from": 26,
                    "zone_to": 42
                }
            ],
            "cars": [
                {
                    "car_id": 1044058133,
                    "n_reqs": 2,
                    "reqs_in_car": [
                        2138765519,
                        289531819
                    ],
                    "path": [
                        58,
                        10,
                        36,
                        53
                    ],
                    "reward": 0.407809,
                    "icds": [
                        0,
                        746
                    ],
                    "dist_red": 2179.0
                },
                {
                    "car_id": 983781498,
                    "n_reqs": 5,
                    "reqs_in_car": [
                        1087377167,
                        212215174,
                        1133517168,
                        947024425,
                        1535503851
                    ],
                    "path": [
                        57,
                        36,
                        47,
                        41,
                        41,
                        26,
                        42,
                        10,
                        23,
                        48
                    ],
                    "reward": 1.0226,
                    "icds": [
                        622,
                        1244,
                        2828,
                        0,
                        0
                    ],
                    "dist_red": 4649.0
                }
            ]
        }
    ],
    "serv_rate": 90.0,
    "n_cars": 16,
    "avg_occ": 3.8,
    "dist_red": 57.695,
    "dist_red_perc": 14,
    "trip_red": 56,
    "trip_red_perc": 56,
    "kg_co2_red": 7,
    "icd_mean": 619
}