{
    "timesteps": [
        {
            "t": 0,
            "reqs": [
                {
                    "req_id": 1032007793,
                    "timesteps_left": 5,
                    "zone_from": 32,
                    "zone_to": 60
                },
                {
                    "req_id": 1799498034,
                    "timesteps_left": 5,
                    "zone_from": 40,
                    "zone_to": 54
                },
                {
                    "req_id": 754498008,
                    "timesteps_left": 5,
                    "zone_from": 35,
                    "zone_to": 15
                },
                {
                    "req_id": 1048894229,
                    "timesteps_left": 5,
                    "zone_from": 27,
                    "zone_to": 11
                }
            ],
            "cars": []
        },
        {
            "t": 1,
            "reqs": [
                {
                    "req_id": 1032007793,
                    "timesteps_left": 4,
                    "zone_from": 32,
                    "zone_to": 60
                },
                {
                    "req_id": 1799498034,
                    "timesteps_left": 4,
                    "zone_from": 40,
                    "zone_to": 54
                },
                {
                    "req_id": 754498008,
                    "timesteps_left": 4,
                    "zone_from": 35,
                    "zone_to": 15
                },
                {
                    "req_id": 1048894229,
                    "timesteps_left": 4,
                    "zone_from": 27,
                    "zone_to": 11
                },
                {
                    "req_id": 257888194,
                    "timesteps_left": 5,
                    "zone_from": 11,
                    "zone_to": 4
                },
                {
                    "req_id": 1632640412,
                    "timesteps_left": 5,
                    "zone_from": 8,
                    "zone_to": 42
                },
                {
                    "req_id": 485831054,
                    "timesteps_left": 5,
                    "zone_from": 29,
                    "zone_to": 10
                },
                {
                    "req_id": 350305355,
                    "timesteps_left": 5,
                    "zone_from": 47,
                    "zone_to": 59
                }
            ],
            "cars": []
        },
        {
            "t": 2,
            "reqs": [
                {
                    "req_id": 1032007793,
                    "timesteps_left": 3,
                    "zone_from": 32,
                    "zone_to": 60
                },
                {
                    "req_id": 1799498034,
                    "timesteps_left": 3,
                    "zone_from": 40,
                    "zone_to": 54
                },
                {
                    "req_id": 754498008,
                    "timesteps_left": 3,
                    "zone_from": 35,
                    "zone_to": 15
                },
                {
                    "req_id": 1048894229,
                    "timesteps_left": 3,
                    "zone_from": 27,
                    "zone_to": 11
                },
                {
                    "req_id": 257888194,
                    "timesteps_left": 4,
                    "zone_from": 11,
                    "zone_to": 4
                },
                {
                    "req_id": 350305355,
                    "timesteps_left": 4,
                    "zone_from": 47,
                    "zone_to": 59
                },
                {
                    "req_id": 1632640412,
                    "timesteps_left": 4,
                    "zone_from": 8,
                    "zone_to": 42
                },
                {
                    "req_id": 485831054,
                    "timesteps_left": 4,
                    "zone_from": 29,
                    "zone_to": 10
                },
                {
                    "req_id": 1379802452,
                    "timesteps_left": 5,
                    "zone_from": 37,
                    "zone_to": 47
                },
                {
                    "req_id": 1447954289,
                    "timesteps_left": 5,
                    "zone_from": 46,
                    "zone_to": 62
                },
                {
                    "req_id": 1365899055,
                    "timesteps_left": 5,
                    "zone_from": 39,
                    "zone_to": 9
                },
                {
                    "req_id": 182353491,
                    "timesteps_left": 5,
                    "zone_from": 8,
                    "zone_to": 42
                }
            ],
            "cars": []
        },
        {
            "t": 3,
            "reqs": [
                {
                    "req_id": 1032007793,
                    "timesteps_left": 2,
                    "zone_from": 32,
                    "zone_to": 60
                },
                {
                    "req_id": 1799498034,
                    "timesteps_left": 2,
                    "zone_from": 40,
                    "zone_to": 54
                },
                {
                    "req_id": 754498008,
                    "timesteps_left": 2,
                    "zone_from": 35,
                    "zone_to": 15
                },
                {
                    "req_id": 257888194,
                    "timesteps_left": 3,
                    "zone_from": 11,
                    "zone_to": 4
                },
                {
                    "req_id": 350305355,
                    "timesteps_left": 3,
                    "zone_from": 47,
                    "zone_to": 59
                },
                {
                    "req_id": 1379802452,
                    "timesteps_left": 4,
                    "zone_from": 37,
                    "zone_to": 47
                },
                {
                    "req_id": 1365899055,
                    "timesteps_left": 4,
                    "zone_from": 39,
                    "zone_to": 9
                },
                {
                    "req_id": 1048894229,
                    "timesteps_left": 2,
                    "zone_from": 27,
                    "zone_to": 11
                },
                {
                    "req_id": 1447954289,
                    "timesteps_left": 4,
                    "zone_from": 46,
                    "zone_to": 62
                },
                {
                    "req_id": 1632640412,
                    "timesteps_left": 3,
                    "zone_from": 8,
                    "zone_to": 42
                },
                {
                    "req_id": 182353491,
                    "timesteps_left": 4,
                    "zone_from": 8,
                    "zone_to": 42
                },
                {
                    "req_id": 485831054,
                    "timesteps_left": 3,
                    "zone_from": 29,
                    "zone_to": 10
                },
                {
                    "req_id": 98033654,
                    "timesteps_left": 5,
                    "zone_from": 42,
                    "zone_to": 62
                },
                {
                    "req_id": 760832995,
                    "timesteps_left": 5,
                    "zone_from": 53,
                    "zone_to": 18
                },
                {
                    "req_id": 346988307,
                    "timesteps_left": 5,
                    "zone_from": 40,
                    "zone_to": 29
                },
                {
                    "req_id": 648501319,
                    "timesteps_left": 5,
                    "zone_from": 54,
                    "zone_to": 42
                }
            ],
            "cars": []
        },
        {
            "t": 4,
            "reqs": [
                {
                    "req_id": 1032007793,
                    "timesteps_left": 1,
                    "zone_from": 32,
                    "zone_to": 60
                },
                {
                    "req_id": 754498008,
                    "timesteps_left": 1,
                    "zone_from": 35,
                    "zone_to": 15
                },
                {
                    "req_id": 257888194,
                    "timesteps_left": 2,
                    "zone_from": 11,
                    "zone_to": 4
                },
                {
                    "req_id": 350305355,
                    "timesteps_left": 2,
                    "zone_from": 47,
                    "zone_to": 59
                },
                {
                    "req_id": 1379802452,
                    "timesteps_left": 3,
                    "zone_from": 37,
                    "zone_to": 47
                },
                {
                    "req_id": 1365899055,
                    "timesteps_left": 3,
                    "zone_from": 39,
                    "zone_to": 9
                },
                {
                    "req_id": 1048894229,
                    "timesteps_left": 1,
                    "zone_from": 27,
                    "zone_to": 11
                },
                {
                    "req_id": 760832995,
                    "timesteps_left": 4,
                    "zone_from": 53,
                    "zone_to": 18
                },
                {
                    "req_id": 1632640412,
                    "timesteps_left": 2,
                    "zone_from": 8,
                    "zone_to": 42
                },
                {
                    "req_id": 182353491,
                    "timesteps_left": 3,
                    "zone_from": 8,
                    "zone_to": 42
                },
                {
                    "req_id": 485831054,
                    "timesteps_left": 2,
                    "zone_from": 29,
                    "zone_to": 10
                },
                {
                    "req_id": 1799498034,
                    "timesteps_left": 1,
                    "zone_from": 40,
                    "zone_to": 54
                },
                {
                    "req_id": 346988307,
                    "timesteps_left": 4,
                    "zone_from": 40,
                    "zone_to": 29
                },
                {
                    "req_id": 648501319,
                    "timesteps_left": 4,
                    "zone_from": 54,
                    "zone_to": 42
                },
                {
                    "req_id": 98033654,
                    "timesteps_left": 4,
                    "zone_from": 42,
                    "zone_to": 62
                },
                {
                    "req_id": 1447954289,
                    "timesteps_left": 3,
                    "zone_from": 46,
                    "zone_to": 62
                },
                {
                    "req_id": 1293529423,
                    "timesteps_left": 5,
                    "zone_from": 50,
                    "zone_to": 27
                },
                {
                    "req_id": 87811192,
                    "timesteps_left": 5,
                    "zone_from": 36,
                    "zone_to": 17
                },
                {
                    "req_id": 1893549352,
                    "timesteps_left": 5,
                    "zone_from": 46,
                    "zone_to": 13
                },
                {
                    "req_id": 1361274063,
                    "timesteps_left": 5,
                    "zone_from": 60,
                    "zone_to": 48
                }
            ],
            "cars": []
        },
        {
            "t": 5,
            "reqs": [
                {
                    "req_id": 754498008,
                    "timesteps_left": 0,
                    "zone_from": 35,
                    "zone_to": 15
                },
                {
                    "req_id": 257888194,
                    "timesteps_left": 1,
                    "zone_from": 11,
                    "zone_to": 4
                },
                {
                    "req_id": 350305355,
                    "timesteps_left": 1,
                    "zone_from": 47,
                    "zone_to": 59
                },
                {
                    "req_id": 1365899055,
                    "timesteps_left": 2,
                    "zone_from": 39,
                    "zone_to": 9
                },
                {
                    "req_id": 1048894229,
                    "timesteps_left": 0,
                    "zone_from": 27,
                    "zone_to": 11
                },
                {
                    "req_id": 760832995,
                    "timesteps_left": 3,
                    "zone_from": 53,
                    "zone_to": 18
                },
                {
                    "req_id": 1893549352,
                    "timesteps_left": 4,
                    "zone_from": 46,
                    "zone_to": 13
                },
                {
                    "req_id": 1032007793,
                    "timesteps_left": 0,
                    "zone_from": 32,
                    "zone_to": 60
                },
                {
                    "req_id": 1361274063,
                    "timesteps_left": 4,
                    "zone_from": 60,
                    "zone_to": 48
                },
                {
                    "req_id": 1632640412,
                    "timesteps_left": 1,
                    "zone_from": 8,
                    "zone_to": 42
                },
                {
                    "req_id": 182353491,
                    "timesteps_left": 2,
                    "zone_from": 8,
                    "zone_to": 42
                },
                {
                    "req_id": 485831054,
                    "timesteps_left": 1,
                    "zone_from": 29,
                    "zone_to": 10
                },
                {
                    "req_id": 98033654,
                    "timesteps_left": 3,
                    "zone_from": 42,
                    "zone_to": 62
                },
                {
                    "req_id": 1447954289,
                    "timesteps_left": 2,
                    "zone_from": 46,
                    "zone_to": 62
                },
                {
                    "req_id": 1293529423,
                    "timesteps_left": 4,
                    "zone_from": 50,
                    "zone_to": 27
                },
                {
                    "req_id": 648501319,
                    "timesteps_left": 3,
                    "zone_from": 54,
                    "zone_to": 42
                },
                {
                    "req_id": 87811192,
                    "timesteps_left": 4,
                    "zone_from": 36,
                    "zone_to": 17
                },
                {
                    "req_id": 1379802452,
                    "timesteps_left": 2,
                    "zone_from": 37,
                    "zone_to": 47
                },
                {
                    "req_id": 346988307,
                    "timesteps_left": 3,
                    "zone_from": 40,
                    "zone_to": 29
                },
                {
                    "req_id": 1799498034,
                    "timesteps_left": 0,
                    "zone_from": 40,
                    "zone_to": 54
                },
                {
                    "req_id": 449606792,
                    "timesteps_left": 5,
                    "zone_from": 35,
                    "zone_to": 37
                },
                {
                    "req_id": 873079299,
                    "timesteps_left": 5,
                    "zone_from": 19,
                    "zone_to": 41
                },
                {
                    "req_id": 106932691,
                    "timesteps_left": 5,
                    "zone_from": 61,
                    "zone_to": 4
                },
                {
                    "req_id": 2004057916,
                    "timesteps_left": 5,
                    "zone_from": 54,
                    "zone_to": 38
                }
            ],
            "cars": [
                {
                    "car_id": 133436920,
                    "n_reqs": 2,
                    "reqs_in_car": [
                        1032007793,
                        1361274063
                    ],
                    "path": [
                        32,
                        60,
                        48,
                        60
                    ],
                    "reward": 0.0176666,
                    "icds": [
                        0,
                        0
                    ],
                    "dist_red": -1613.0
                },
                {
                    "car_id": 573392278,
                    "n_reqs": 2,
                    "reqs_in_car": [
                        346988307,
                        1799498034
                    ],
                    "path": [
                        40,
                        40,
                        54,
                        29
                    ],
                    "reward": 0.351089,
                    "icds": [
                        109,
                        0
                    ],
                    "dist_red": 2525.0
                },
                {
                    "car_id": 353549966,
                    "n_reqs": 3,
                    "reqs_in_car": [
                        257888194,
                        106932691,
                        1048894229
                    ],
                    "path": [
                        61,
                        27,
                        11,
                        11,
                        4,
                        4
                    ],
                    "reward": 0.374767,
                    "icds": [
                        0,
                        898,
                        0
                    ],
                    "dist_red": 3153.0
                }
            ]
        },
        {
            "t": 6,
            "reqs": [
                {
                    "req_id": 350305355,
                    "timesteps_left": 0,
                    "zone_from": 47,
                    "zone_to": 59
                },
                {
                    "req_id": 1365899055,
                    "timesteps_left": 1,
                    "zone_from": 39,
                    "zone_to": 9
                },
                {
                    "req_id": 760832995,
                    "timesteps_left": 2,
                    "zone_from": 53,
                    "zone_to": 18
                },
                {
                    "req_id": 1893549352,
                    "timesteps_left": 3,
                    "zone_from": 46,
                    "zone_to": 13
                },
                {
                    "req_id": 449606792,
                    "timesteps_left": 4,
                    "zone_from": 35,
                    "zone_to": 37
                },
                {
                    "req_id": 873079299,
                    "timesteps_left": 4,
                    "zone_from": 19,
                    "zone_to": 41
                },
                {
                    "req_id": 1632640412,
                    "timesteps_left": 0,
                    "zone_from": 8,
                    "zone_to": 42
                },
                {
                    "req_id": 182353491,
                    "timesteps_left": 1,
                    "zone_from": 8,
                    "zone_to": 42
                },
                {
                    "req_id": 485831054,
                    "timesteps_left": 0,
                    "zone_from": 29,
                    "zone_to": 10
                },
                {
                    "req_id": 98033654,
                    "timesteps_left": 2,
                    "zone_from": 42,
                    "zone_to": 62
                },
                {
                    "req_id": 1447954289,
                    "timesteps_left": 1,
                    "zone_from": 46,
                    "zone_to": 62
                },
                {
                    "req_id": 1293529423,
                    "timesteps_left": 3,
                    "zone_from": 50,
                    "zone_to": 27
                },
                {
                    "req_id": 648501319,
                    "timesteps_left": 2,
                    "zone_from": 54,
                    "zone_to": 42
                },
                {
                    "req_id": 87811192,
                    "timesteps_left": 3,
                    "zone_from": 36,
                    "zone_to": 17
                },
                {
                    "req_id": 2004057916,
                    "timesteps_left": 4,
                    "zone_from": 54,
                    "zone_to": 38
                },
                {
                    "req_id": 1379802452,
                    "timesteps_left": 1,
                    "zone_from": 37,
                    "zone_to": 47
                },
                {
                    "req_id": 1460477628,
                    "timesteps_left": 5,
                    "zone_from": 51,
                    "zone_to": 20
                },
                {
                    "req_id": 78317993,
                    "timesteps_left": 5,
                    "zone_from": 32,
                    "zone_to": 48
                },
                {
                    "req_id": 1551450951,
                    "timesteps_left": 5,
                    "zone_from": 59,
                    "zone_to": 17
                },
                {
                    "req_id": 2069801661,
                    "timesteps_left": 5,
                    "zone_from": 13,
                    "zone_to": 8
                }
            ],
            "cars": [
                {
                    "car_id": 213443314,
                    "n_reqs": 3,
                    "reqs_in_car": [
                        1632640412,
                        1632640412,
                        485831054
                    ],
                    "path": [
                        29,
                        8,
                        8,
                        42,
                        42,
                        10
                    ],
                    "reward": 0.554788,
                    "icds": [
                        0,
                        0,
                        461
                    ],
                    "dist_red": 2884.0
                }
            ]
        },
        {
            "t": 7,
            "reqs": [
                {
                    "req_id": 760832995,
                    "timesteps_left": 1,
                    "zone_from": 53,
                    "zone_to": 18
                },
                {
                    "req_id": 1893549352,
                    "timesteps_left": 2,
                    "zone_from": 46,
                    "zone_to": 13
                },
                {
                    "req_id": 78317993,
                    "timesteps_left": 4,
                    "zone_from": 32,
                    "zone_to": 48
                },
                {
                    "req_id": 1365899055,
                    "timesteps_left": 0,
                    "zone_from": 39,
                    "zone_to": 9
                },
                {
                    "req_id": 2069801661,
                    "timesteps_left": 4,
                    "zone_from": 13,
                    "zone_to": 8
                },
                {
                    "req_id": 449606792,
                    "timesteps_left": 3,
                    "zone_from": 35,
                    "zone_to": 37
                },
                {
                    "req_id": 1551450951,
                    "timesteps_left": 4,
                    "zone_from": 59,
                    "zone_to": 17
                },
                {
                    "req_id": 648501319,
                    "timesteps_left": 1,
                    "zone_from": 54,
                    "zone_to": 42
                },
                {
                    "req_id": 2004057916,
                    "timesteps_left": 3,
                    "zone_from": 54,
                    "zone_to": 38
                },
                {
                    "req_id": 87811192,
                    "timesteps_left": 2,
                    "zone_from": 36,
                    "zone_to": 17
                },
                {
                    "req_id": 1379802452,
                    "timesteps_left": 0,
                    "zone_from": 37,
                    "zone_to": 47
                },
                {
                    "req_id": 98033654,
                    "timesteps_left": 1,
                    "zone_from": 42,
                    "zone_to": 62
                },
                {
                    "req_id": 1293529423,
                    "timesteps_left": 2,
                    "zone_from": 50,
                    "zone_to": 27
                },
                {
                    "req_id": 1447954289,
                    "timesteps_left": 0,
                    "zone_from": 46,
                    "zone_to": 62
                },
                {
                    "req_id": 873079299,
                    "timesteps_left": 3,
                    "zone_from": 19,
                    "zone_to": 41
                },
                {
                    "req_id": 1460477628,
                    "timesteps_left": 4,
                    "zone_from": 51,
                    "zone_to": 20
                },
                {
                    "req_id": 731900091,
                    "timesteps_left": 5,
                    "zone_from": 18,
                    "zone_to": 41
                },
                {
                    "req_id": 982200249,
                    "timesteps_left": 5,
                    "zone_from": 28,
                    "zone_to": 27
                },
                {
                    "req_id": 720552746,
                    "timesteps_left": 5,
                    "zone_from": 28,
                    "zone_to": 53
                },
                {
                    "req_id": 1831881678,
                    "timesteps_left": 5,
                    "zone_from": 26,
                    "zone_to": 13
                }
            ],
            "cars": [
                {
                    "car_id": 661725433,
                    "n_reqs": 2,
                    "reqs_in_car": [
                        1365899055,
                        2069801661
                    ],
                    "path": [
                        13,
                        39,
                        9,
                        8
                    ],
                    "reward": 0.160391,
                    "icds": [
                        0,
                        525
                    ],
                    "dist_red": 1682.0
                },
                {
                    "car_id": 1064371347,
                    "n_reqs": 4,
                    "reqs_in_car": [
                        648501319,
                        2004057916,
                        87811192,
                        1379802452
                    ],
                    "path": [
                        54,
                        54,
                        38,
                        37,
                        36,
                        47,
                        17,
                        42
                    ],
                    "reward": 0.822959,
                    "icds": [
                        1111,
                        0,
                        50,
                        0
                    ],
                    "dist_red": 6711.0
                },
                {
                    "car_id": 278147822,
                    "n_reqs": 5,
                    "reqs_in_car": [
                        1893549352,
                        1831881678,
                        760832995,
                        720552746,
                        1447954289
                    ],
                    "path": [
                        46,
                        46,
                        62,
                        28,
                        53,
                        53,
                        26,
                        18,
                        13,
                        13
                    ],
                    "reward": 0.613607,
                    "icds": [
                        2218,
                        81,
                        177,
                        0,
                        0
                    ],
                    "dist_red": 4079.0
                }
            ]
        },
        {
            "t": 8,
            "reqs": [
                {
                    "req_id": 78317993,
                    "timesteps_left": 3,
                    "zone_from": 32,
                    "zone_to": 48
                },
                {
                    "req_id": 982200249,
                    "timesteps_left": 4,
                    "zone_from": 28,
                    "zone_to": 27
                },
                {
                    "req_id": 449606792,
                    "timesteps_left": 2,
                    "zone_from": 35,
                    "zone_to": 37
                },
                {
                    "req_id": 1551450951,
                    "timesteps_left": 3,
                    "zone_from": 59,
                    "zone_to": 17
                },
                {
                    "req_id": 98033654,
                    "timesteps_left": 0,
                    "zone_from": 42,
                    "zone_to": 62
                },
                {
                    "req_id": 1293529423,
                    "timesteps_left": 1,
                    "zone_from": 50,
                    "zone_to": 27
                },
                {
                    "req_id": 731900091,
                    "timesteps_left": 4,
                    "zone_from": 18,
                    "zone_to": 41
                },
                {
                    "req_id": 873079299,
                    "timesteps_left": 2,
                    "zone_from": 19,
                    "zone_to": 41
                },
                {
                    "req_id": 1460477628,
                    "timesteps_left": 3,
                    "zone_from": 51,
                    "zone_to": 20
                },
                {
                    "req_id": 748890636,
                    "timesteps_left": 5,
                    "zone_from": 51,
                    "zone_to": 42
                },
                {
                    "req_id": 1022077545,
                    "timesteps_left": 5,
                    "zone_from": 59,
                    "zone_to": 32
                },
                {
                    "req_id": 1625369389,
                    "timesteps_left": 5,
                    "zone_from": 29,
                    "zone_to": 44
                },
                {
                    "req_id": 1109611605,
                    "timesteps_left": 5,
                    "zone_from": 37,
                    "zone_to": 41
                }
            ],
            "cars": [
                {
                    "car_id": 1841306418,
                    "n_reqs": 5,
                    "reqs_in_car": [
                        98033654,
                        1293529423,
                        1109611605,
                        449606792,
                        1551450951
                    ],
                    "path": [
                        42,
                        35,
                        59,
                        17,
                        37,
                        37,
                        41,
                        50,
                        27,
                        62
                    ],
                    "reward": 0.627356,
                    "icds": [
                        2990,
                        0,
                        0,
                        532,
                        0
                    ],
                    "dist_red": 5437.0
                }
            ]
        },
        {
            "t": 9,
            "reqs": [
                {
                    "req_id": 78317993,
                    "timesteps_left": 2,
                    "zone_from": 32,
                    "zone_to": 48
                },
                {
                    "req_id": 982200249,
                    "timesteps_left": 3,
                    "zone_from": 28,
                    "zone_to": 27
                },
                {
                    "req_id": 748890636,
                    "timesteps_left": 4,
                    "zone_from": 51,
                    "zone_to": 42
                },
                {
                    "req_id": 1022077545,
                    "timesteps_left": 4,
                    "zone_from": 59,
                    "zone_to": 32
                },
                {
                    "req_id": 731900091,
                    "timesteps_left": 3,
                    "zone_from": 18,
                    "zone_to": 41
                },
                {
                    "req_id": 873079299,
                    "timesteps_left": 1,
                    "zone_from": 19,
                    "zone_to": 41
                },
                {
                    "req_id": 1460477628,
                    "timesteps_left": 2,
                    "zone_from": 51,
                    "zone_to": 20
                },
                {
                    "req_id": 1625369389,
                    "timesteps_left": 4,
                    "zone_from": 29,
                    "zone_to": 44
                },
                {
                    "req_id": 727490203,
                    "timesteps_left": 5,
                    "zone_from": 59,
                    "zone_to": 59
                },
                {
                    "req_id": 1494015293,
                    "timesteps_left": 5,
                    "zone_from": 50,
                    "zone_to": 41
                },
                {
                    "req_id": 77709143,
                    "timesteps_left": 5,
                    "zone_from": 20,
                    "zone_to": 10
                },
                {
                    "req_id": 118112491,
                    "timesteps_left": 5,
                    "zone_from": 16,
                    "zone_to": 61
                }
            ],
            "cars": [
                {
                    "car_id": 1003659268,
                    "n_reqs": 2,
                    "reqs_in_car": [
                        748890636,
                        77709143
                    ],
                    "path": [
                        20,
                        51,
                        42,
                        10
                    ],
                    "reward": 0.0921655,
                    "icds": [
                        0,
                        643
                    ],
                    "dist_red": 1223.0
                },
                {
                    "car_id": 2057533507,
                    "n_reqs": 2,
                    "reqs_in_car": [
                        1022077545,
                        727490203
                    ],
                    "path": [
                        59,
                        59,
                        59,
                        32
                    ],
                    "reward": 0.166667,
                    "icds": [
                        0,
                        0
                    ],
                    "dist_red": 0.0
                },
                {
                    "car_id": 2113751373,
                    "n_reqs": 2,
                    "reqs_in_car": [
                        1460477628,
                        1625369389
                    ],
                    "path": [
                        29,
                        51,
                        20,
                        44
                    ],
                    "reward": 0.140278,
                    "icds": [
                        0,
                        721
                    ],
                    "dist_red": 1883.0
                },
                {
                    "car_id": 974362166,
                    "n_reqs": 5,
                    "reqs_in_car": [
                        873079299,
                        118112491,
                        1494015293,
                        731900091,
                        982200249
                    ],
                    "path": [
                        16,
                        19,
                        18,
                        41,
                        50,
                        41,
                        41,
                        28,
                        27,
                        61
                    ],
                    "reward": 0.754094,
                    "icds": [
                        0,
                        1949,
                        0,
                        0,
                        0
                    ],
                    "dist_red": 3505.0
                }
            ]
        }
    ],
    "serv_rate": 92.5,
    "n_cars": 12,
    "avg_occ": 1.8333333333333335,
    "dist_red": 31.469,
    "dist_red_perc": 8,
    "trip_red": 25,
    "trip_red_perc": 25,
    "kg_co2_red": 4,
    "icd_mean": 128
}