{
    "timesteps": [
        {
            "t": 0,
            "reqs": [
                {
                    "req_id": 2080701719,
                    "timesteps_left": 1,
                    "zone_from": 40,
                    "zone_to": 55
                },
                {
                    "req_id": 1914566783,
                    "timesteps_left": 1,
                    "zone_from": 39,
                    "zone_to": 28
                },
                {
                    "req_id": 1675053998,
                    "timesteps_left": 1,
                    "zone_from": 16,
                    "zone_to": 46
                },
                {
                    "req_id": 1559249500,
                    "timesteps_left": 1,
                    "zone_from": 38,
                    "zone_to": 55
                },
                {
                    "req_id": 1417355101,
                    "timesteps_left": 1,
                    "zone_from": 53,
                    "zone_to": 52
                },
                {
                    "req_id": 377714408,
                    "timesteps_left": 1,
                    "zone_from": 27,
                    "zone_to": 61
                }
            ],
            "cars": []
        },
        {
            "t": 1,
            "reqs": [
                {
                    "req_id": 2080701719,
                    "timesteps_left": 0,
                    "zone_from": 40,
                    "zone_to": 55
                },
                {
                    "req_id": 1914566783,
                    "timesteps_left": 0,
                    "zone_from": 39,
                    "zone_to": 28
                },
                {
                    "req_id": 1675053998,
                    "timesteps_left": 0,
                    "zone_from": 16,
                    "zone_to": 46
                },
                {
                    "req_id": 377714408,
                    "timesteps_left": 0,
                    "zone_from": 27,
                    "zone_to": 61
                },
                {
                    "req_id": 1559249500,
                    "timesteps_left": 0,
                    "zone_from": 38,
                    "zone_to": 55
                },
                {
                    "req_id": 1417355101,
                    "timesteps_left": 0,
                    "zone_from": 53,
                    "zone_to": 52
                },
                {
                    "req_id": 1657641455,
                    "timesteps_left": 1,
                    "zone_from": 18,
                    "zone_to": 18
                },
                {
                    "req_id": 1019523852,
                    "timesteps_left": 1,
                    "zone_from": 51,
                    "zone_to": 39
                },
                {
                    "req_id": 623782563,
                    "timesteps_left": 1,
                    "zone_from": 7,
                    "zone_to": 13
                },
                {
                    "req_id": 1030074549,
                    "timesteps_left": 1,
                    "zone_from": 18,
                    "zone_to": 47
                },
                {
                    "req_id": 745763612,
                    "timesteps_left": 1,
                    "zone_from": 38,
                    "zone_to": 55
                },
                {
                    "req_id": 681493552,
                    "timesteps_left": 1,
                    "zone_from": 28,
                    "zone_to": 11
                }
            ],
            "cars": [
                {
                    "car_id": 1796115578,
                    "n_reqs": 2,
                    "reqs_in_car": [
                        377714408,
                        681493552
                    ],
                    "path": [
                        28,
                        27,
                        61,
                        11
                    ],
                    "reward": 0.410208,
                    "icds": [
                        0,
                        431
                    ],
                    "dist_red": 369.0
                },
                {
                    "car_id": 5132143,
                    "n_reqs": 3,
                    "reqs_in_car": [
                        1559249500,
                        1559249500,
                        1417355101
                    ],
                    "path": [
                        38,
                        38,
                        53,
                        52,
                        55,
                        55
                    ],
                    "reward": 1.44396,
                    "icds": [
                        631,
                        631,
                        0
                    ],
                    "dist_red": 3595.0
                },
                {
                    "car_id": 1759098410,
                    "n_reqs": 5,
                    "reqs_in_car": [
                        1675053998,
                        1030074549,
                        1914566783,
                        1019523852,
                        1657641455
                    ],
                    "path": [
                        16,
                        51,
                        18,
                        18,
                        18,
                        39,
                        39,
                        47,
                        28,
                        46
                    ],
                    "reward": 2.34933,
                    "icds": [
                        2246,
                        126,
                        499,
                        200,
                        0
                    ],
                    "dist_red": 4661.0
                }
            ]
        },
        {
            "t": 2,
            "reqs": [
                {
                    "req_id": 623782563,
                    "timesteps_left": 0,
                    "zone_from": 7,
                    "zone_to": 13
                },
                {
                    "req_id": 1729466520,
                    "timesteps_left": 1,
                    "zone_from": 18,
                    "zone_to": 19
                },
                {
                    "req_id": 1810544869,
                    "timesteps_left": 1,
                    "zone_from": 39,
                    "zone_to": 9
                },
                {
                    "req_id": 1152485444,
                    "timesteps_left": 1,
                    "zone_from": 18,
                    "zone_to": 61
                },
                {
                    "req_id": 1285411661,
                    "timesteps_left": 1,
                    "zone_from": 44,
                    "zone_to": 32
                },
                {
                    "req_id": 1624643997,
                    "timesteps_left": 1,
                    "zone_from": 47,
                    "zone_to": 41
                },
                {
                    "req_id": 1475384544,
                    "timesteps_left": 1,
                    "zone_from": 48,
                    "zone_to": 2
                }
            ],
            "cars": [
                {
                    "car_id": 1550749691,
                    "n_reqs": 2,
                    "reqs_in_car": [
                        623782563,
                        1285411661
                    ],
                    "path": [
                        7,
                        44,
                        32,
                        13
                    ],
                    "reward": 0.259858,
                    "icds": [
                        877,
                        0
                    ],
                    "dist_red": -259.0
                }
            ]
        },
        {
            "t": 3,
            "reqs": [
                {
                    "req_id": 1475384544,
                    "timesteps_left": 0,
                    "zone_from": 48,
                    "zone_to": 2
                },
                {
                    "req_id": 1810544869,
                    "timesteps_left": 0,
                    "zone_from": 39,
                    "zone_to": 9
                },
                {
                    "req_id": 1152485444,
                    "timesteps_left": 0,
                    "zone_from": 18,
                    "zone_to": 61
                },
                {
                    "req_id": 1729466520,
                    "timesteps_left": 0,
                    "zone_from": 18,
                    "zone_to": 19
                },
                {
                    "req_id": 1624643997,
                    "timesteps_left": 0,
                    "zone_from": 47,
                    "zone_to": 41
                },
                {
                    "req_id": 28830447,
                    "timesteps_left": 1,
                    "zone_from": 8,
                    "zone_to": 5
                },
                {
                    "req_id": 902754620,
                    "timesteps_left": 1,
                    "zone_from": 28,
                    "zone_to": 36
                },
                {
                    "req_id": 197865909,
                    "timesteps_left": 1,
                    "zone_from": 20,
                    "zone_to": 36
                },
                {
                    "req_id": 1203477373,
                    "timesteps_left": 1,
                    "zone_from": 2,
                    "zone_to": 32
                },
                {
                    "req_id": 1834345202,
                    "timesteps_left": 1,
                    "zone_from": 54,
                    "zone_to": 9
                },
                {
                    "req_id": 147962788,
                    "timesteps_left": 1,
                    "zone_from": 35,
                    "zone_to": 58
                }
            ],
            "cars": [
                {
                    "car_id": 458813491,
                    "n_reqs": 3,
                    "reqs_in_car": [
                        902754620,
                        1834345202,
                        1810544869
                    ],
                    "path": [
                        54,
                        28,
                        36,
                        39,
                        9,
                        9
                    ],
                    "reward": 0.684736,
                    "icds": [
                        0,
                        2279,
                        0
                    ],
                    "dist_red": 102.0
                },
                {
                    "car_id": 1863891936,
                    "n_reqs": 5,
                    "reqs_in_car": [
                        1152485444,
                        28830447,
                        1624643997,
                        1729466520,
                        197865909
                    ],
                    "path": [
                        8,
                        47,
                        41,
                        18,
                        18,
                        20,
                        19,
                        36,
                        61,
                        5
                    ],
                    "reward": 1.61209,
                    "icds": [
                        1962,
                        4065,
                        0,
                        403,
                        82
                    ],
                    "dist_red": 2213.0
                }
            ]
        },
        {
            "t": 4,
            "reqs": [
                {
                    "req_id": 1203477373,
                    "timesteps_left": 0,
                    "zone_from": 2,
                    "zone_to": 32
                },
                {
                    "req_id": 147962788,
                    "timesteps_left": 0,
                    "zone_from": 35,
                    "zone_to": 58
                },
                {
                    "req_id": 1294420833,
                    "timesteps_left": 1,
                    "zone_from": 32,
                    "zone_to": 2
                },
                {
                    "req_id": 1508000716,
                    "timesteps_left": 1,
                    "zone_from": 59,
                    "zone_to": 16
                },
                {
                    "req_id": 544507584,
                    "timesteps_left": 1,
                    "zone_from": 51,
                    "zone_to": 26
                },
                {
                    "req_id": 786263077,
                    "timesteps_left": 1,
                    "zone_from": 59,
                    "zone_to": 16
                },
                {
                    "req_id": 596848789,
                    "timesteps_left": 1,
                    "zone_from": 31,
                    "zone_to": 48
                },
                {
                    "req_id": 176486936,
                    "timesteps_left": 1,
                    "zone_from": 40,
                    "zone_to": 33
                }
            ],
            "cars": [
                {
                    "car_id": 1029280849,
                    "n_reqs": 4,
                    "reqs_in_car": [
                        1508000716,
                        1508000716,
                        544507584,
                        147962788
                    ],
                    "path": [
                        35,
                        59,
                        59,
                        51,
                        16,
                        16,
                        26,
                        58
                    ],
                    "reward": 1.11205,
                    "icds": [
                        409,
                        409,
                        340,
                        2505
                    ],
                    "dist_red": 411.0
                }
            ]
        },
        {
            "t": 5,
            "reqs": [
                {
                    "req_id": 176486936,
                    "timesteps_left": 0,
                    "zone_from": 40,
                    "zone_to": 33
                },
                {
                    "req_id": 1294420833,
                    "timesteps_left": 0,
                    "zone_from": 32,
                    "zone_to": 2
                },
                {
                    "req_id": 596848789,
                    "timesteps_left": 0,
                    "zone_from": 31,
                    "zone_to": 48
                },
                {
                    "req_id": 574222770,
                    "timesteps_left": 1,
                    "zone_from": 6,
                    "zone_to": 54
                },
                {
                    "req_id": 1351946787,
                    "timesteps_left": 1,
                    "zone_from": 59,
                    "zone_to": 13
                },
                {
                    "req_id": 1275325832,
                    "timesteps_left": 1,
                    "zone_from": 35,
                    "zone_to": 39
                },
                {
                    "req_id": 1269553250,
                    "timesteps_left": 1,
                    "zone_from": 8,
                    "zone_to": 46
                },
                {
                    "req_id": 1796236357,
                    "timesteps_left": 1,
                    "zone_from": 51,
                    "zone_to": 28
                },
                {
                    "req_id": 2079477864,
                    "timesteps_left": 1,
                    "zone_from": 10,
                    "zone_to": 35
                }
            ],
            "cars": [
                {
                    "car_id": 1675130963,
                    "n_reqs": 2,
                    "reqs_in_car": [
                        1294420833,
                        596848789
                    ],
                    "path": [
                        32,
                        31,
                        48,
                        2
                    ],
                    "reward": 0.848452,
                    "icds": [
                        861,
                        0
                    ],
                    "dist_red": 2845.0
                }
            ]
        },
        {
            "t": 6,
            "reqs": [
                {
                    "req_id": 574222770,
                    "timesteps_left": 0,
                    "zone_from": 6,
                    "zone_to": 54
                },
                {
                    "req_id": 1269553250,
                    "timesteps_left": 0,
                    "zone_from": 8,
                    "zone_to": 46
                },
                {
                    "req_id": 1796236357,
                    "timesteps_left": 0,
                    "zone_from": 51,
                    "zone_to": 28
                },
                {
                    "req_id": 1275325832,
                    "timesteps_left": 0,
                    "zone_from": 35,
                    "zone_to": 39
                },
                {
                    "req_id": 2079477864,
                    "timesteps_left": 0,
                    "zone_from": 10,
                    "zone_to": 35
                },
                {
                    "req_id": 1351946787,
                    "timesteps_left": 0,
                    "zone_from": 59,
                    "zone_to": 13
                },
                {
                    "req_id": 1363910599,
                    "timesteps_left": 1,
                    "zone_from": 30,
                    "zone_to": 55
                },
                {
                    "req_id": 690386938,
                    "timesteps_left": 1,
                    "zone_from": 26,
                    "zone_to": 48
                },
                {
                    "req_id": 801595073,
                    "timesteps_left": 1,
                    "zone_from": 52,
                    "zone_to": 27
                },
                {
                    "req_id": 1271915257,
                    "timesteps_left": 1,
                    "zone_from": 50,
                    "zone_to": 46
                },
                {
                    "req_id": 569868665,
                    "timesteps_left": 1,
                    "zone_from": 44,
                    "zone_to": 31
                },
                {
                    "req_id": 1885115763,
                    "timesteps_left": 1,
                    "zone_from": 47,
                    "zone_to": 56
                }
            ],
            "cars": [
                {
                    "car_id": 650261403,
                    "n_reqs": 3,
                    "reqs_in_car": [
                        574222770,
                        1885115763,
                        1363910599
                    ],
                    "path": [
                        47,
                        6,
                        30,
                        55,
                        54,
                        56
                    ],
                    "reward": 0.853389,
                    "icds": [
                        731,
                        1052,
                        0
                    ],
                    "dist_red": 1696.0
                },
                {
                    "car_id": 1519205876,
                    "n_reqs": 5,
                    "reqs_in_car": [
                        1796236357,
                        1275325832,
                        1271915257,
                        1269553250,
                        2079477864
                    ],
                    "path": [
                        8,
                        10,
                        35,
                        35,
                        51,
                        39,
                        50,
                        28,
                        46,
                        46
                    ],
                    "reward": 1.93602,
                    "icds": [
                        768,
                        593,
                        720,
                        3238,
                        0
                    ],
                    "dist_red": 3041.0
                }
            ]
        },
        {
            "t": 7,
            "reqs": [
                {
                    "req_id": 801595073,
                    "timesteps_left": 0,
                    "zone_from": 52,
                    "zone_to": 27
                },
                {
                    "req_id": 690386938,
                    "timesteps_left": 0,
                    "zone_from": 26,
                    "zone_to": 48
                },
                {
                    "req_id": 569868665,
                    "timesteps_left": 0,
                    "zone_from": 44,
                    "zone_to": 31
                },
                {
                    "req_id": 713728473,
                    "timesteps_left": 1,
                    "zone_from": 10,
                    "zone_to": 41
                },
                {
                    "req_id": 1869352061,
                    "timesteps_left": 1,
                    "zone_from": 55,
                    "zone_to": 13
                },
                {
                    "req_id": 1855029595,
                    "timesteps_left": 1,
                    "zone_from": 18,
                    "zone_to": 35
                },
                {
                    "req_id": 1008498269,
                    "timesteps_left": 1,
                    "zone_from": 39,
                    "zone_to": 5
                },
                {
                    "req_id": 225639961,
                    "timesteps_left": 1,
                    "zone_from": 62,
                    "zone_to": 28
                },
                {
                    "req_id": 693609841,
                    "timesteps_left": 1,
                    "zone_from": 31,
                    "zone_to": 43
                }
            ],
            "cars": [
                {
                    "car_id": 99158229,
                    "n_reqs": 3,
                    "reqs_in_car": [
                        1869352061,
                        225639961,
                        801595073
                    ],
                    "path": [
                        55,
                        52,
                        62,
                        28,
                        27,
                        13
                    ],
                    "reward": 1.00657,
                    "icds": [
                        766,
                        0,
                        220
                    ],
                    "dist_red": 2225.0
                },
                {
                    "car_id": 1744148055,
                    "n_reqs": 4,
                    "reqs_in_car": [
                        690386938,
                        569868665,
                        693609841,
                        1855029595
                    ],
                    "path": [
                        26,
                        18,
                        35,
                        44,
                        31,
                        31,
                        43,
                        48
                    ],
                    "reward": 0.670151,
                    "icds": [
                        2164,
                        0,
                        0,
                        0
                    ],
                    "dist_red": -1195.0
                }
            ]
        },
        {
            "t": 8,
            "reqs": [
                {
                    "req_id": 713728473,
                    "timesteps_left": 0,
                    "zone_from": 10,
                    "zone_to": 41
                },
                {
                    "req_id": 1008498269,
                    "timesteps_left": 0,
                    "zone_from": 39,
                    "zone_to": 5
                },
                {
                    "req_id": 1114313984,
                    "timesteps_left": 1,
                    "zone_from": 9,
                    "zone_to": 38
                },
                {
                    "req_id": 1026338763,
                    "timesteps_left": 1,
                    "zone_from": 18,
                    "zone_to": 14
                },
                {
                    "req_id": 1625428981,
                    "timesteps_left": 1,
                    "zone_from": 10,
                    "zone_to": 29
                },
                {
                    "req_id": 1143423609,
                    "timesteps_left": 1,
                    "zone_from": 6,
                    "zone_to": 55
                },
                {
                    "req_id": 804641972,
                    "timesteps_left": 1,
                    "zone_from": 20,
                    "zone_to": 8
                },
                {
                    "req_id": 303105460,
                    "timesteps_left": 1,
                    "zone_from": 48,
                    "zone_to": 42
                }
            ],
            "cars": [
                {
                    "car_id": 296805254,
                    "n_reqs": 3,
                    "reqs_in_car": [
                        1008498269,
                        1143423609,
                        1114313984
                    ],
                    "path": [
                        39,
                        9,
                        38,
                        6,
                        55,
                        5
                    ],
                    "reward": 0.888417,
                    "icds": [
                        1835,
                        0,
                        0
                    ],
                    "dist_red": 1620.0
                },
                {
                    "car_id": 637004928,
                    "n_reqs": 5,
                    "reqs_in_car": [
                        804641972,
                        303105460,
                        1026338763,
                        713728473,
                        1625428981
                    ],
                    "path": [
                        10,
                        10,
                        18,
                        20,
                        14,
                        48,
                        42,
                        41,
                        8,
                        29
                    ],
                    "reward": 1.78237,
                    "icds": [
                        3084,
                        0,
                        663,
                        3736,
                        5191
                    ],
                    "dist_red": 3217.0
                }
            ]
        },
        {
            "t": 9,
            "reqs": [
                {
                    "req_id": 1910572598,
                    "timesteps_left": 1,
                    "zone_from": 62,
                    "zone_to": 27
                },
                {
                    "req_id": 1026258986,
                    "timesteps_left": 1,
                    "zone_from": 57,
                    "zone_to": 48
                },
                {
                    "req_id": 970161658,
                    "timesteps_left": 1,
                    "zone_from": 32,
                    "zone_to": 45
                },
                {
                    "req_id": 1364911133,
                    "timesteps_left": 1,
                    "zone_from": 36,
                    "zone_to": 41
                },
                {
                    "req_id": 1671465478,
                    "timesteps_left": 1,
                    "zone_from": 48,
                    "zone_to": 39
                },
                {
                    "req_id": 307792759,
                    "timesteps_left": 1,
                    "zone_from": 26,
                    "zone_to": 18
                }
            ],
            "cars": [
                {
                    "car_id": 540203236,
                    "n_reqs": 2,
                    "reqs_in_car": [
                        970161658,
                        1671465478
                    ],
                    "path": [
                        48,
                        32,
                        45,
                        39
                    ],
                    "reward": 0.16052,
                    "icds": [
                        0,
                        1229
                    ],
                    "dist_red": -970.0
                },
                {
                    "car_id": 1168811735,
                    "n_reqs": 4,
                    "reqs_in_car": [
                        1026258986,
                        307792759,
                        1364911133,
                        1910572598
                    ],
                    "path": [
                        57,
                        62,
                        27,
                        36,
                        41,
                        26,
                        18,
                        48
                    ],
                    "reward": 0.979954,
                    "icds": [
                        2550,
                        0,
                        0,
                        0
                    ],
                    "dist_red": -166.0
                }
            ]
        }
    ],
    "serv_rate": 91.66666666666667,
    "n_cars": 16,
    "avg_occ": 2.4625,
    "dist_red": 23.405,
    "dist_red_perc": 5,
    "trip_red": 39,
    "trip_red_perc": 39,
    "kg_co2_red": 3,
    "icd_mean": 499
}