{
    "timesteps": [
        {
            "t": 0,
            "reqs": [
                {
                    "req_id": 888752809,
                    "timesteps_left": 10,
                    "zone_from": 32,
                    "zone_to": 42
                },
                {
                    "req_id": 1793295853,
                    "timesteps_left": 10,
                    "zone_from": 39,
                    "zone_to": 0
                },
                {
                    "req_id": 1561509747,
                    "timesteps_left": 10,
                    "zone_from": 62,
                    "zone_to": 38
                },
                {
                    "req_id": 1789579761,
                    "timesteps_left": 10,
                    "zone_from": 47,
                    "zone_to": 38
                },
                {
                    "req_id": 324636763,
                    "timesteps_left": 10,
                    "zone_from": 59,
                    "zone_to": 38
                },
                {
                    "req_id": 915965028,
                    "timesteps_left": 10,
                    "zone_from": 59,
                    "zone_to": 59
                },
                {
                    "req_id": 1361129181,
                    "timesteps_left": 10,
                    "zone_from": 41,
                    "zone_to": 13
                },
                {
                    "req_id": 1697966267,
                    "timesteps_left": 10,
                    "zone_from": 42,
                    "zone_to": 32
                }
            ],
            "cars": []
        },
        {
            "t": 1,
            "reqs": [
                {
                    "req_id": 888752809,
                    "timesteps_left": 9,
                    "zone_from": 32,
                    "zone_to": 42
                },
                {
                    "req_id": 1793295853,
                    "timesteps_left": 9,
                    "zone_from": 39,
                    "zone_to": 0
                },
                {
                    "req_id": 1561509747,
                    "timesteps_left": 9,
                    "zone_from": 62,
                    "zone_to": 38
                },
                {
                    "req_id": 1789579761,
                    "timesteps_left": 9,
                    "zone_from": 47,
                    "zone_to": 38
                },
                {
                    "req_id": 1361129181,
                    "timesteps_left": 9,
                    "zone_from": 41,
                    "zone_to": 13
                },
                {
                    "req_id": 1697966267,
                    "timesteps_left": 9,
                    "zone_from": 42,
                    "zone_to": 32
                },
                {
                    "req_id": 324636763,
                    "timesteps_left": 9,
                    "zone_from": 59,
                    "zone_to": 38
                },
                {
                    "req_id": 915965028,
                    "timesteps_left": 9,
                    "zone_from": 59,
                    "zone_to": 59
                },
                {
                    "req_id": 165273203,
                    "timesteps_left": 10,
                    "zone_from": 55,
                    "zone_to": 62
                },
                {
                    "req_id": 697901881,
                    "timesteps_left": 10,
                    "zone_from": 38,
                    "zone_to": 38
                },
                {
                    "req_id": 842742998,
                    "timesteps_left": 10,
                    "zone_from": 8,
                    "zone_to": 13
                },
                {
                    "req_id": 180720754,
                    "timesteps_left": 10,
                    "zone_from": 38,
                    "zone_to": 28
                },
                {
                    "req_id": 1856128190,
                    "timesteps_left": 10,
                    "zone_from": 41,
                    "zone_to": 41
                },
                {
                    "req_id": 975739965,
                    "timesteps_left": 10,
                    "zone_from": 8,
                    "zone_to": 9
                },
                {
                    "req_id": 663504586,
                    "timesteps_left": 10,
                    "zone_from": 41,
                    "zone_to": 20
                },
                {
                    "req_id": 1102565761,
                    "timesteps_left": 10,
                    "zone_from": 10,
                    "zone_to": 26
                }
            ],
            "cars": []
        },
        {
            "t": 2,
            "reqs": [
                {
                    "req_id": 888752809,
                    "timesteps_left": 8,
                    "zone_from": 32,
                    "zone_to": 42
                },
                {
                    "req_id": 1793295853,
                    "timesteps_left": 8,
                    "zone_from": 39,
                    "zone_to": 0
                },
                {
                    "req_id": 1789579761,
                    "timesteps_left": 8,
                    "zone_from": 47,
                    "zone_to": 38
                },
                {
                    "req_id": 1697966267,
                    "timesteps_left": 8,
                    "zone_from": 42,
                    "zone_to": 32
                },
                {
                    "req_id": 165273203,
                    "timesteps_left": 9,
                    "zone_from": 55,
                    "zone_to": 62
                },
                {
                    "req_id": 180720754,
                    "timesteps_left": 9,
                    "zone_from": 38,
                    "zone_to": 28
                },
                {
                    "req_id": 975739965,
                    "timesteps_left": 9,
                    "zone_from": 8,
                    "zone_to": 9
                },
                {
                    "req_id": 663504586,
                    "timesteps_left": 9,
                    "zone_from": 41,
                    "zone_to": 20
                },
                {
                    "req_id": 1102565761,
                    "timesteps_left": 9,
                    "zone_from": 10,
                    "zone_to": 26
                },
                {
                    "req_id": 1561509747,
                    "timesteps_left": 8,
                    "zone_from": 62,
                    "zone_to": 38
                },
                {
                    "req_id": 697901881,
                    "timesteps_left": 9,
                    "zone_from": 38,
                    "zone_to": 38
                },
                {
                    "req_id": 324636763,
                    "timesteps_left": 8,
                    "zone_from": 59,
                    "zone_to": 38
                },
                {
                    "req_id": 915965028,
                    "timesteps_left": 8,
                    "zone_from": 59,
                    "zone_to": 59
                },
                {
                    "req_id": 1361129181,
                    "timesteps_left": 8,
                    "zone_from": 41,
                    "zone_to": 13
                },
                {
                    "req_id": 1856128190,
                    "timesteps_left": 9,
                    "zone_from": 41,
                    "zone_to": 41
                },
                {
                    "req_id": 842742998,
                    "timesteps_left": 9,
                    "zone_from": 8,
                    "zone_to": 13
                },
                {
                    "req_id": 168136603,
                    "timesteps_left": 10,
                    "zone_from": 9,
                    "zone_to": 39
                },
                {
                    "req_id": 358306196,
                    "timesteps_left": 10,
                    "zone_from": 55,
                    "zone_to": 30
                },
                {
                    "req_id": 404492167,
                    "timesteps_left": 10,
                    "zone_from": 43,
                    "zone_to": 51
                },
                {
                    "req_id": 1363074155,
                    "timesteps_left": 10,
                    "zone_from": 50,
                    "zone_to": 47
                },
                {
                    "req_id": 2144874210,
                    "timesteps_left": 10,
                    "zone_from": 62,
                    "zone_to": 59
                },
                {
                    "req_id": 1886157067,
                    "timesteps_left": 10,
                    "zone_from": 19,
                    "zone_to": 38
                },
                {
                    "req_id": 1145581457,
                    "timesteps_left": 10,
                    "zone_from": 46,
                    "zone_to": 18
                },
                {
                    "req_id": 1187808960,
                    "timesteps_left": 10,
                    "zone_from": 58,
                    "zone_to": 6
                }
            ],
            "cars": []
        },
        {
            "t": 3,
            "reqs": [
                {
                    "req_id": 888752809,
                    "timesteps_left": 7,
                    "zone_from": 32,
                    "zone_to": 42
                },
                {
                    "req_id": 1789579761,
                    "timesteps_left": 7,
                    "zone_from": 47,
                    "zone_to": 38
                },
                {
                    "req_id": 1697966267,
                    "timesteps_left": 7,
                    "zone_from": 42,
                    "zone_to": 32
                },
                {
                    "req_id": 165273203,
                    "timesteps_left": 8,
                    "zone_from": 55,
                    "zone_to": 62
                },
                {
                    "req_id": 180720754,
                    "timesteps_left": 8,
                    "zone_from": 38,
                    "zone_to": 28
                },
                {
                    "req_id": 975739965,
                    "timesteps_left": 8,
                    "zone_from": 8,
                    "zone_to": 9
                },
                {
                    "req_id": 663504586,
                    "timesteps_left": 8,
                    "zone_from": 41,
                    "zone_to": 20
                },
                {
                    "req_id": 1102565761,
                    "timesteps_left": 8,
                    "zone_from": 10,
                    "zone_to": 26
                },
                {
                    "req_id": 358306196,
                    "timesteps_left": 9,
                    "zone_from": 55,
                    "zone_to": 30
                },
                {
                    "req_id": 404492167,
                    "timesteps_left": 9,
                    "zone_from": 43,
                    "zone_to": 51
                },
                {
                    "req_id": 1363074155,
                    "timesteps_left": 9,
                    "zone_from": 50,
                    "zone_to": 47
                },
                {
                    "req_id": 1886157067,
                    "timesteps_left": 9,
                    "zone_from": 19,
                    "zone_to": 38
                },
                {
                    "req_id": 1145581457,
                    "timesteps_left": 9,
                    "zone_from": 46,
                    "zone_to": 18
                },
                {
                    "req_id": 1187808960,
                    "timesteps_left": 9,
                    "zone_from": 58,
                    "zone_to": 6
                },
                {
                    "req_id": 1856128190,
                    "timesteps_left": 8,
                    "zone_from": 41,
                    "zone_to": 41
                },
                {
                    "req_id": 842742998,
                    "timesteps_left": 8,
                    "zone_from": 8,
                    "zone_to": 13
                },
                {
                    "req_id": 1793295853,
                    "timesteps_left": 7,
                    "zone_from": 39,
                    "zone_to": 0
                },
                {
                    "req_id": 1361129181,
                    "timesteps_left": 7,
                    "zone_from": 41,
                    "zone_to": 13
                },
                {
                    "req_id": 168136603,
                    "timesteps_left": 9,
                    "zone_from": 9,
                    "zone_to": 39
                },
                {
                    "req_id": 1561509747,
                    "timesteps_left": 7,
                    "zone_from": 62,
                    "zone_to": 38
                },
                {
                    "req_id": 697901881,
                    "timesteps_left": 8,
                    "zone_from": 38,
                    "zone_to": 38
                },
                {
                    "req_id": 2144874210,
                    "timesteps_left": 9,
                    "zone_from": 62,
                    "zone_to": 59
                },
                {
                    "req_id": 915965028,
                    "timesteps_left": 7,
                    "zone_from": 59,
                    "zone_to": 59
                },
                {
                    "req_id": 324636763,
                    "timesteps_left": 7,
                    "zone_from": 59,
                    "zone_to": 38
                },
                {
                    "req_id": 2026360739,
                    "timesteps_left": 10,
                    "zone_from": 18,
                    "zone_to": 17
                },
                {
                    "req_id": 1195992482,
                    "timesteps_left": 10,
                    "zone_from": 18,
                    "zone_to": 8
                },
                {
                    "req_id": 782801436,
                    "timesteps_left": 10,
                    "zone_from": 59,
                    "zone_to": 32
                },
                {
                    "req_id": 1057407330,
                    "timesteps_left": 10,
                    "zone_from": 41,
                    "zone_to": 51
                },
                {
                    "req_id": 1694858442,
                    "timesteps_left": 10,
                    "zone_from": 10,
                    "zone_to": 59
                },
                {
                    "req_id": 1580290949,
                    "timesteps_left": 10,
                    "zone_from": 10,
                    "zone_to": 48
                },
                {
                    "req_id": 1376492159,
                    "timesteps_left": 10,
                    "zone_from": 53,
                    "zone_to": 38
                },
                {
                    "req_id": 1744539586,
                    "timesteps_left": 10,
                    "zone_from": 62,
                    "zone_to": 54
                }
            ],
            "cars": []
        },
        {
            "t": 4,
            "reqs": [
                {
                    "req_id": 888752809,
                    "timesteps_left": 6,
                    "zone_from": 32,
                    "zone_to": 42
                },
                {
                    "req_id": 1789579761,
                    "timesteps_left": 6,
                    "zone_from": 47,
                    "zone_to": 38
                },
                {
                    "req_id": 1697966267,
                    "timesteps_left": 6,
                    "zone_from": 42,
                    "zone_to": 32
                },
                {
                    "req_id": 165273203,
                    "timesteps_left": 7,
                    "zone_from": 55,
                    "zone_to": 62
                },
                {
                    "req_id": 180720754,
                    "timesteps_left": 7,
                    "zone_from": 38,
                    "zone_to": 28
                },
                {
                    "req_id": 1102565761,
                    "timesteps_left": 7,
                    "zone_from": 10,
                    "zone_to": 26
                },
                {
                    "req_id": 358306196,
                    "timesteps_left": 8,
                    "zone_from": 55,
                    "zone_to": 30
                },
                {
                    "req_id": 404492167,
                    "timesteps_left": 8,
                    "zone_from": 43,
                    "zone_to": 51
                },
                {
                    "req_id": 1363074155,
                    "timesteps_left": 8,
                    "zone_from": 50,
                    "zone_to": 47
                },
                {
                    "req_id": 1145581457,
                    "timesteps_left": 8,
                    "zone_from": 46,
                    "zone_to": 18
                },
                {
                    "req_id": 1187808960,
                    "timesteps_left": 8,
                    "zone_from": 58,
                    "zone_to": 6
                },
                {
                    "req_id": 782801436,
                    "timesteps_left": 9,
                    "zone_from": 59,
                    "zone_to": 32
                },
                {
                    "req_id": 1580290949,
                    "timesteps_left": 9,
                    "zone_from": 10,
                    "zone_to": 48
                },
                {
                    "req_id": 1744539586,
                    "timesteps_left": 9,
                    "zone_from": 62,
                    "zone_to": 54
                },
                {
                    "req_id": 663504586,
                    "timesteps_left": 7,
                    "zone_from": 41,
                    "zone_to": 20
                },
                {
                    "req_id": 1057407330,
                    "timesteps_left": 9,
                    "zone_from": 41,
                    "zone_to": 51
                },
                {
                    "req_id": 2026360739,
                    "timesteps_left": 9,
                    "zone_from": 18,
                    "zone_to": 17
                },
                {
                    "req_id": 1195992482,
                    "timesteps_left": 9,
                    "zone_from": 18,
                    "zone_to": 8
                },
                {
                    "req_id": 975739965,
                    "timesteps_left": 7,
                    "zone_from": 8,
                    "zone_to": 9
                },
                {
                    "req_id": 1886157067,
                    "timesteps_left": 8,
                    "zone_from": 19,
                    "zone_to": 38
                },
                {
                    "req_id": 697901881,
                    "timesteps_left": 7,
                    "zone_from": 38,
                    "zone_to": 38
                },
                {
                    "req_id": 324636763,
                    "timesteps_left": 6,
                    "zone_from": 59,
                    "zone_to": 38
                },
                {
                    "req_id": 1856128190,
                    "timesteps_left": 7,
                    "zone_from": 41,
                    "zone_to": 41
                },
                {
                    "req_id": 842742998,
                    "timesteps_left": 7,
                    "zone_from": 8,
                    "zone_to": 13
                },
                {
                    "req_id": 1793295853,
                    "timesteps_left": 6,
                    "zone_from": 39,
                    "zone_to": 0
                },
                {
                    "req_id": 1361129181,
                    "timesteps_left": 6,
                    "zone_from": 41,
                    "zone_to": 13
                },
                {
                    "req_id": 168136603,
                    "timesteps_left": 8,
                    "zone_from": 9,
                    "zone_to": 39
                },
                {
                    "req_id": 2144874210,
                    "timesteps_left": 8,
                    "zone_from": 62,
                    "zone_to": 59
                },
                {
                    "req_id": 915965028,
                    "timesteps_left": 6,
                    "zone_from": 59,
                    "zone_to": 59
                },
                {
                    "req_id": 1561509747,
                    "timesteps_left": 6,
                    "zone_from": 62,
                    "zone_to": 38
                },
                {
                    "req_id": 1694858442,
                    "timesteps_left": 9,
                    "zone_from": 10,
                    "zone_to": 59
                },
                {
                    "req_id": 1376492159,
                    "timesteps_left": 9,
                    "zone_from": 53,
                    "zone_to": 38
                },
                {
                    "req_id": 1629933761,
                    "timesteps_left": 10,
                    "zone_from": 40,
                    "zone_to": 54
                },
                {
                    "req_id": 1126171516,
                    "timesteps_left": 10,
                    "zone_from": 0,
                    "zone_to": 32
                },
                {
                    "req_id": 888980403,
                    "timesteps_left": 10,
                    "zone_from": 36,
                    "zone_to": 28
                },
                {
                    "req_id": 2129921530,
                    "timesteps_left": 10,
                    "zone_from": 4,
                    "zone_to": 54
                },
                {
                    "req_id": 1864551087,
                    "timesteps_left": 10,
                    "zone_from": 29,
                    "zone_to": 60
                },
                {
                    "req_id": 1210560530,
                    "timesteps_left": 10,
                    "zone_from": 8,
                    "zone_to": 9
                },
                {
                    "req_id": 1343189471,
                    "timesteps_left": 10,
                    "zone_from": 27,
                    "zone_to": 62
                },
                {
                    "req_id": 1328325446,
                    "timesteps_left": 10,
                    "zone_from": 27,
                    "zone_to": 62
                }
            ],
            "cars": []
        },
        {
            "t": 5,
            "reqs": [
                {
                    "req_id": 888752809,
                    "timesteps_left": 5,
                    "zone_from": 32,
                    "zone_to": 42
                },
                {
                    "req_id": 1789579761,
                    "timesteps_left": 5,
                    "zone_from": 47,
                    "zone_to": 38
                },
                {
                    "req_id": 1697966267,
                    "timesteps_left": 5,
                    "zone_from": 42,
                    "zone_to": 32
                },
                {
                    "req_id": 165273203,
                    "timesteps_left": 6,
                    "zone_from": 55,
                    "zone_to": 62
                },
                {
                    "req_id": 1102565761,
                    "timesteps_left": 6,
                    "zone_from": 10,
                    "zone_to": 26
                },
                {
                    "req_id": 358306196,
                    "timesteps_left": 7,
                    "zone_from": 55,
                    "zone_to": 30
                },
                {
                    "req_id": 404492167,
                    "timesteps_left": 7,
                    "zone_from": 43,
                    "zone_to": 51
                },
                {
                    "req_id": 1363074155,
                    "timesteps_left": 7,
                    "zone_from": 50,
                    "zone_to": 47
                },
                {
                    "req_id": 1145581457,
                    "timesteps_left": 7,
                    "zone_from": 46,
                    "zone_to": 18
                },
                {
                    "req_id": 1187808960,
                    "timesteps_left": 7,
                    "zone_from": 58,
                    "zone_to": 6
                },
                {
                    "req_id": 1744539586,
                    "timesteps_left": 8,
                    "zone_from": 62,
                    "zone_to": 54
                },
                {
                    "req_id": 1361129181,
                    "timesteps_left": 5,
                    "zone_from": 41,
                    "zone_to": 13
                },
                {
                    "req_id": 168136603,
                    "timesteps_left": 7,
                    "zone_from": 9,
                    "zone_to": 39
                },
                {
                    "req_id": 1629933761,
                    "timesteps_left": 9,
                    "zone_from": 40,
                    "zone_to": 54
                },
                {
                    "req_id": 2129921530,
                    "timesteps_left": 9,
                    "zone_from": 4,
                    "zone_to": 54
                },
                {
                    "req_id": 180720754,
                    "timesteps_left": 6,
                    "zone_from": 38,
                    "zone_to": 28
                },
                {
                    "req_id": 888980403,
                    "timesteps_left": 9,
                    "zone_from": 36,
                    "zone_to": 28
                },
                {
                    "req_id": 782801436,
                    "timesteps_left": 8,
                    "zone_from": 59,
                    "zone_to": 32
                },
                {
                    "req_id": 1126171516,
                    "timesteps_left": 9,
                    "zone_from": 0,
                    "zone_to": 32
                },
                {
                    "req_id": 1580290949,
                    "timesteps_left": 8,
                    "zone_from": 10,
                    "zone_to": 48
                },
                {
                    "req_id": 1864551087,
                    "timesteps_left": 9,
                    "zone_from": 29,
                    "zone_to": 60
                },
                {
                    "req_id": 842742998,
                    "timesteps_left": 6,
                    "zone_from": 8,
                    "zone_to": 13
                },
                {
                    "req_id": 1793295853,
                    "timesteps_left": 5,
                    "zone_from": 39,
                    "zone_to": 0
                },
                {
                    "req_id": 1343189471,
                    "timesteps_left": 9,
                    "zone_from": 27,
                    "zone_to": 62
                },
                {
                    "req_id": 1328325446,
                    "timesteps_left": 9,
                    "zone_from": 27,
                    "zone_to": 62
                },
                {
                    "req_id": 663504586,
                    "timesteps_left": 6,
                    "zone_from": 41,
                    "zone_to": 20
                },
                {
                    "req_id": 1856128190,
                    "timesteps_left": 6,
                    "zone_from": 41,
                    "zone_to": 41
                },
                {
                    "req_id": 1057407330,
                    "timesteps_left": 8,
                    "zone_from": 41,
                    "zone_to": 51
                },
                {
                    "req_id": 324636763,
                    "timesteps_left": 5,
                    "zone_from": 59,
                    "zone_to": 38
                },
                {
                    "req_id": 915965028,
                    "timesteps_left": 5,
                    "zone_from": 59,
                    "zone_to": 59
                },
                {
                    "req_id": 1886157067,
                    "timesteps_left": 7,
                    "zone_from": 19,
                    "zone_to": 38
                },
                {
                    "req_id": 2026360739,
                    "timesteps_left": 8,
                    "zone_from": 18,
                    "zone_to": 17
                },
                {
                    "req_id": 1195992482,
                    "timesteps_left": 8,
                    "zone_from": 18,
                    "zone_to": 8
                },
                {
                    "req_id": 975739965,
                    "timesteps_left": 6,
                    "zone_from": 8,
                    "zone_to": 9
                },
                {
                    "req_id": 1210560530,
                    "timesteps_left": 9,
                    "zone_from": 8,
                    "zone_to": 9
                },
                {
                    "req_id": 697901881,
                    "timesteps_left": 6,
                    "zone_from": 38,
                    "zone_to": 38
                },
                {
                    "req_id": 1561509747,
                    "timesteps_left": 5,
                    "zone_from": 62,
                    "zone_to": 38
                },
                {
                    "req_id": 2144874210,
                    "timesteps_left": 7,
                    "zone_from": 62,
                    "zone_to": 59
                },
                {
                    "req_id": 1694858442,
                    "timesteps_left": 8,
                    "zone_from": 10,
                    "zone_to": 59
                },
                {
                    "req_id": 1376492159,
                    "timesteps_left": 8,
                    "zone_from": 53,
                    "zone_to": 38
                },
                {
                    "req_id": 1920890073,
                    "timesteps_left": 10,
                    "zone_from": 13,
                    "zone_to": 37
                },
                {
                    "req_id": 365765496,
                    "timesteps_left": 10,
                    "zone_from": 52,
                    "zone_to": 28
                },
                {
                    "req_id": 1711333547,
                    "timesteps_left": 10,
                    "zone_from": 37,
                    "zone_to": 37
                },
                {
                    "req_id": 1703281522,
                    "timesteps_left": 10,
                    "zone_from": 48,
                    "zone_to": 48
                },
                {
                    "req_id": 444952476,
                    "timesteps_left": 10,
                    "zone_from": 26,
                    "zone_to": 45
                },
                {
                    "req_id": 574187229,
                    "timesteps_left": 10,
                    "zone_from": 13,
                    "zone_to": 51
                },
                {
                    "req_id": 1888208635,
                    "timesteps_left": 10,
                    "zone_from": 30,
                    "zone_to": 55
                },
                {
                    "req_id": 2071071947,
                    "timesteps_left": 10,
                    "zone_from": 47,
                    "zone_to": 50
                }
            ],
            "cars": []
        },
        {
            "t": 6,
            "reqs": [
                {
                    "req_id": 888752809,
                    "timesteps_left": 4,
                    "zone_from": 32,
                    "zone_to": 42
                },
                {
                    "req_id": 1789579761,
                    "timesteps_left": 4,
                    "zone_from": 47,
                    "zone_to": 38
                },
                {
                    "req_id": 1697966267,
                    "timesteps_left": 4,
                    "zone_from": 42,
                    "zone_to": 32
                },
                {
                    "req_id": 165273203,
                    "timesteps_left": 5,
                    "zone_from": 55,
                    "zone_to": 62
                },
                {
                    "req_id": 1102565761,
                    "timesteps_left": 5,
                    "zone_from": 10,
                    "zone_to": 26
                },
                {
                    "req_id": 358306196,
                    "timesteps_left": 6,
                    "zone_from": 55,
                    "zone_to": 30
                },
                {
                    "req_id": 404492167,
                    "timesteps_left": 6,
                    "zone_from": 43,
                    "zone_to": 51
                },
                {
                    "req_id": 1363074155,
                    "timesteps_left": 6,
                    "zone_from": 50,
                    "zone_to": 47
                },
                {
                    "req_id": 1145581457,
                    "timesteps_left": 6,
                    "zone_from": 46,
                    "zone_to": 18
                },
                {
                    "req_id": 1187808960,
                    "timesteps_left": 6,
                    "zone_from": 58,
                    "zone_to": 6
                },
                {
                    "req_id": 1744539586,
                    "timesteps_left": 7,
                    "zone_from": 62,
                    "zone_to": 54
                },
                {
                    "req_id": 1361129181,
                    "timesteps_left": 4,
                    "zone_from": 41,
                    "zone_to": 13
                },
                {
                    "req_id": 1629933761,
                    "timesteps_left": 8,
                    "zone_from": 40,
                    "zone_to": 54
                },
                {
                    "req_id": 2129921530,
                    "timesteps_left": 8,
                    "zone_from": 4,
                    "zone_to": 54
                },
                {
                    "req_id": 1886157067,
                    "timesteps_left": 6,
                    "zone_from": 19,
                    "zone_to": 38
                },
                {
                    "req_id": 365765496,
                    "timesteps_left": 9,
                    "zone_from": 52,
                    "zone_to": 28
                },
                {
                    "req_id": 444952476,
                    "timesteps_left": 9,
                    "zone_from": 26,
                    "zone_to": 45
                },
                {
                    "req_id": 1888208635,
                    "timesteps_left": 9,
                    "zone_from": 30,
                    "zone_to": 55
                },
                {
                    "req_id": 2071071947,
                    "timesteps_left": 9,
                    "zone_from": 47,
                    "zone_to": 50
                },
                {
                    "req_id": 782801436,
                    "timesteps_left": 7,
                    "zone_from": 59,
                    "zone_to": 32
                },
                {
                    "req_id": 1126171516,
                    "timesteps_left": 8,
                    "zone_from": 0,
                    "zone_to": 32
                },
                {
                    "req_id": 1343189471,
                    "timesteps_left": 8,
                    "zone_from": 27,
                    "zone_to": 62
                },
                {
                    "req_id": 1328325446,
                    "timesteps_left": 8,
                    "zone_from": 27,
                    "zone_to": 62
                },
                {
                    "req_id": 1920890073,
                    "timesteps_left": 9,
                    "zone_from": 13,
                    "zone_to": 37
                },
                {
                    "req_id": 1711333547,
                    "timesteps_left": 9,
                    "zone_from": 37,
                    "zone_to": 37
                },
                {
                    "req_id": 180720754,
                    "timesteps_left": 5,
                    "zone_from": 38,
                    "zone_to": 28
                },
                {
                    "req_id": 697901881,
                    "timesteps_left": 5,
                    "zone_from": 38,
                    "zone_to": 38
                },
                {
                    "req_id": 888980403,
                    "timesteps_left": 8,
                    "zone_from": 36,
                    "zone_to": 28
                },
                {
                    "req_id": 1580290949,
                    "timesteps_left": 7,
                    "zone_from": 10,
                    "zone_to": 48
                },
                {
                    "req_id": 1703281522,
                    "timesteps_left": 9,
                    "zone_from": 48,
                    "zone_to": 48
                },
                {
                    "req_id": 1864551087,
                    "timesteps_left": 8,
                    "zone_from": 29,
                    "zone_to": 60
                },
                {
                    "req_id": 663504586,
                    "timesteps_left": 5,
                    "zone_from": 41,
                    "zone_to": 20
                },
                {
                    "req_id": 1856128190,
                    "timesteps_left": 5,
                    "zone_from": 41,
                    "zone_to": 41
                },
                {
                    "req_id": 1057407330,
                    "timesteps_left": 7,
                    "zone_from": 41,
                    "zone_to": 51
                },
                {
                    "req_id": 2026360739,
                    "timesteps_left": 7,
                    "zone_from": 18,
                    "zone_to": 17
                },
                {
                    "req_id": 1195992482,
                    "timesteps_left": 7,
                    "zone_from": 18,
                    "zone_to": 8
                },
                {
                    "req_id": 975739965,
                    "timesteps_left": 5,
                    "zone_from": 8,
                    "zone_to": 9
                },
                {
                    "req_id": 1210560530,
                    "timesteps_left": 8,
                    "zone_from": 8,
                    "zone_to": 9
                },
                {
                    "req_id": 842742998,
                    "timesteps_left": 5,
                    "zone_from": 8,
                    "zone_to": 13
                },
                {
                    "req_id": 1793295853,
                    "timesteps_left": 4,
                    "zone_from": 39,
                    "zone_to": 0
                },
                {
                    "req_id": 574187229,
                    "timesteps_left": 9,
                    "zone_from": 13,
                    "zone_to": 51
                },
                {
                    "req_id": 168136603,
                    "timesteps_left": 6,
                    "zone_from": 9,
                    "zone_to": 39
                },
                {
                    "req_id": 324636763,
                    "timesteps_left": 4,
                    "zone_from": 59,
                    "zone_to": 38
                },
                {
                    "req_id": 915965028,
                    "timesteps_left": 4,
                    "zone_from": 59,
                    "zone_to": 59
                },
                {
                    "req_id": 2144874210,
                    "timesteps_left": 6,
                    "zone_from": 62,
                    "zone_to": 59
                },
                {
                    "req_id": 1561509747,
                    "timesteps_left": 4,
                    "zone_from": 62,
                    "zone_to": 38
                },
                {
                    "req_id": 1694858442,
                    "timesteps_left": 7,
                    "zone_from": 10,
                    "zone_to": 59
                },
                {
                    "req_id": 1376492159,
                    "timesteps_left": 7,
                    "zone_from": 53,
                    "zone_to": 38
                },
                {
                    "req_id": 1995802265,
                    "timesteps_left": 10,
                    "zone_from": 6,
                    "zone_to": 9
                },
                {
                    "req_id": 345812015,
                    "timesteps_left": 10,
                    "zone_from": 36,
                    "zone_to": 38
                },
                {
                    "req_id": 1712988217,
                    "timesteps_left": 10,
                    "zone_from": 46,
                    "zone_to": 36
                },
                {
                    "req_id": 52414682,
                    "timesteps_left": 10,
                    "zone_from": 52,
                    "zone_to": 4
                },
                {
                    "req_id": 250082578,
                    "timesteps_left": 10,
                    "zone_from": 38,
                    "zone_to": 8
                },
                {
                    "req_id": 1853267781,
                    "timesteps_left": 10,
                    "zone_from": 17,
                    "zone_to": 37
                },
                {
                    "req_id": 489897512,
                    "timesteps_left": 10,
                    "zone_from": 13,
                    "zone_to": 51
                },
                {
                    "req_id": 907608411,
                    "timesteps_left": 10,
                    "zone_from": 13,
                    "zone_to": 62
                }
            ],
            "cars": []
        },
        {
            "t": 7,
            "reqs": [
                {
                    "req_id": 888752809,
                    "timesteps_left": 3,
                    "zone_from": 32,
                    "zone_to": 42
                },
                {
                    "req_id": 1789579761,
                    "timesteps_left": 3,
                    "zone_from": 47,
                    "zone_to": 38
                },
                {
                    "req_id": 1697966267,
                    "timesteps_left": 3,
                    "zone_from": 42,
                    "zone_to": 32
                },
                {
                    "req_id": 165273203,
                    "timesteps_left": 4,
                    "zone_from": 55,
                    "zone_to": 62
                },
                {
                    "req_id": 1102565761,
                    "timesteps_left": 4,
                    "zone_from": 10,
                    "zone_to": 26
                },
                {
                    "req_id": 358306196,
                    "timesteps_left": 5,
                    "zone_from": 55,
                    "zone_to": 30
                },
                {
                    "req_id": 404492167,
                    "timesteps_left": 5,
                    "zone_from": 43,
                    "zone_to": 51
                },
                {
                    "req_id": 1363074155,
                    "timesteps_left": 5,
                    "zone_from": 50,
                    "zone_to": 47
                },
                {
                    "req_id": 1145581457,
                    "timesteps_left": 5,
                    "zone_from": 46,
                    "zone_to": 18
                },
                {
                    "req_id": 1187808960,
                    "timesteps_left": 5,
                    "zone_from": 58,
                    "zone_to": 6
                },
                {
                    "req_id": 1744539586,
                    "timesteps_left": 6,
                    "zone_from": 62,
                    "zone_to": 54
                },
                {
                    "req_id": 1361129181,
                    "timesteps_left": 3,
                    "zone_from": 41,
                    "zone_to": 13
                },
                {
                    "req_id": 1629933761,
                    "timesteps_left": 7,
                    "zone_from": 40,
                    "zone_to": 54
                },
                {
                    "req_id": 2129921530,
                    "timesteps_left": 7,
                    "zone_from": 4,
                    "zone_to": 54
                },
                {
                    "req_id": 365765496,
                    "timesteps_left": 8,
                    "zone_from": 52,
                    "zone_to": 28
                },
                {
                    "req_id": 444952476,
                    "timesteps_left": 8,
                    "zone_from": 26,
                    "zone_to": 45
                },
                {
                    "req_id": 1888208635,
                    "timesteps_left": 8,
                    "zone_from": 30,
                    "zone_to": 55
                },
                {
                    "req_id": 2071071947,
                    "timesteps_left": 8,
                    "zone_from": 47,
                    "zone_to": 50
                },
                {
                    "req_id": 1920890073,
                    "timesteps_left": 8,
                    "zone_from": 13,
                    "zone_to": 37
                },
                {
                    "req_id": 1712988217,
                    "timesteps_left": 9,
                    "zone_from": 46,
                    "zone_to": 36
                },
                {
                    "req_id": 52414682,
                    "timesteps_left": 9,
                    "zone_from": 52,
                    "zone_to": 4
                },
                {
                    "req_id": 907608411,
                    "timesteps_left": 9,
                    "zone_from": 13,
                    "zone_to": 62
                },
                {
                    "req_id": 782801436,
                    "timesteps_left": 6,
                    "zone_from": 59,
                    "zone_to": 32
                },
                {
                    "req_id": 1126171516,
                    "timesteps_left": 7,
                    "zone_from": 0,
                    "zone_to": 32
                },
                {
                    "req_id": 1343189471,
                    "timesteps_left": 7,
                    "zone_from": 27,
                    "zone_to": 62
                },
                {
                    "req_id": 1328325446,
                    "timesteps_left": 7,
                    "zone_from": 27,
                    "zone_to": 62
                },
                {
                    "req_id": 1711333547,
                    "timesteps_left": 8,
                    "zone_from": 37,
                    "zone_to": 37
                },
                {
                    "req_id": 1853267781,
                    "timesteps_left": 9,
                    "zone_from": 17,
                    "zone_to": 37
                },
                {
                    "req_id": 1561509747,
                    "timesteps_left": 3,
                    "zone_from": 62,
                    "zone_to": 38
                },
                {
                    "req_id": 1376492159,
                    "timesteps_left": 6,
                    "zone_from": 53,
                    "zone_to": 38
                },
                {
                    "req_id": 1886157067,
                    "timesteps_left": 5,
                    "zone_from": 19,
                    "zone_to": 38
                },
                {
                    "req_id": 324636763,
                    "timesteps_left": 3,
                    "zone_from": 59,
                    "zone_to": 38
                },
                {
                    "req_id": 250082578,
                    "timesteps_left": 9,
                    "zone_from": 38,
                    "zone_to": 8
                },
                {
                    "req_id": 1580290949,
                    "timesteps_left": 6,
                    "zone_from": 10,
                    "zone_to": 48
                },
                {
                    "req_id": 1703281522,
                    "timesteps_left": 8,
                    "zone_from": 48,
                    "zone_to": 48
                },
                {
                    "req_id": 1864551087,
                    "timesteps_left": 7,
                    "zone_from": 29,
                    "zone_to": 60
                },
                {
                    "req_id": 663504586,
                    "timesteps_left": 4,
                    "zone_from": 41,
                    "zone_to": 20
                },
                {
                    "req_id": 1856128190,
                    "timesteps_left": 4,
                    "zone_from": 41,
                    "zone_to": 41
                },
                {
                    "req_id": 1057407330,
                    "timesteps_left": 6,
                    "zone_from": 41,
                    "zone_to": 51
                },
                {
                    "req_id": 180720754,
                    "timesteps_left": 4,
                    "zone_from": 38,
                    "zone_to": 28
                },
                {
                    "req_id": 697901881,
                    "timesteps_left": 4,
                    "zone_from": 38,
                    "zone_to": 38
                },
                {
                    "req_id": 888980403,
                    "timesteps_left": 7,
                    "zone_from": 36,
                    "zone_to": 28
                },
                {
                    "req_id": 345812015,
                    "timesteps_left": 9,
                    "zone_from": 36,
                    "zone_to": 38
                },
                {
                    "req_id": 2026360739,
                    "timesteps_left": 6,
                    "zone_from": 18,
                    "zone_to": 17
                },
                {
                    "req_id": 1195992482,
                    "timesteps_left": 6,
                    "zone_from": 18,
                    "zone_to": 8
                },
                {
                    "req_id": 975739965,
                    "timesteps_left": 4,
                    "zone_from": 8,
                    "zone_to": 9
                },
                {
                    "req_id": 1210560530,
                    "timesteps_left": 7,
                    "zone_from": 8,
                    "zone_to": 9
                },
                {
                    "req_id": 915965028,
                    "timesteps_left": 3,
                    "zone_from": 59,
                    "zone_to": 59
                },
                {
                    "req_id": 2144874210,
                    "timesteps_left": 5,
                    "zone_from": 62,
                    "zone_to": 59
                },
                {
                    "req_id": 1995802265,
                    "timesteps_left": 9,
                    "zone_from": 6,
                    "zone_to": 9
                },
                {
                    "req_id": 1694858442,
                    "timesteps_left": 6,
                    "zone_from": 10,
                    "zone_to": 59
                },
                {
                    "req_id": 842742998,
                    "timesteps_left": 4,
                    "zone_from": 8,
                    "zone_to": 13
                },
                {
                    "req_id": 1793295853,
                    "timesteps_left": 3,
                    "zone_from": 39,
                    "zone_to": 0
                },
                {
                    "req_id": 574187229,
                    "timesteps_left": 8,
                    "zone_from": 13,
                    "zone_to": 51
                },
                {
                    "req_id": 168136603,
                    "timesteps_left": 5,
                    "zone_from": 9,
                    "zone_to": 39
                },
                {
                    "req_id": 489897512,
                    "timesteps_left": 9,
                    "zone_from": 13,
                    "zone_to": 51
                },
                {
                    "req_id": 196035912,
                    "timesteps_left": 10,
                    "zone_from": 32,
                    "zone_to": 10
                },
                {
                    "req_id": 235199482,
                    "timesteps_left": 10,
                    "zone_from": 16,
                    "zone_to": 47
                },
                {
                    "req_id": 451435334,
                    "timesteps_left": 10,
                    "zone_from": 41,
                    "zone_to": 48
                },
                {
                    "req_id": 1731110988,
                    "timesteps_left": 10,
                    "zone_from": 41,
                    "zone_to": 36
                },
                {
                    "req_id": 355005698,
                    "timesteps_left": 10,
                    "zone_from": 35,
                    "zone_to": 48
                },
                {
                    "req_id": 1484899434,
                    "timesteps_left": 10,
                    "zone_from": 2,
                    "zone_to": 30
                },
                {
                    "req_id": 925234244,
                    "timesteps_left": 10,
                    "zone_from": 18,
                    "zone_to": 46
                },
                {
                    "req_id": 1560974225,
                    "timesteps_left": 10,
                    "zone_from": 54,
                    "zone_to": 34
                }
            ],
            "cars": []
        },
        {
            "t": 8,
            "reqs": [
                {
                    "req_id": 888752809,
                    "timesteps_left": 2,
                    "zone_from": 32,
                    "zone_to": 42
                },
                {
                    "req_id": 1789579761,
                    "timesteps_left": 2,
                    "zone_from": 47,
                    "zone_to": 38
                },
                {
                    "req_id": 1697966267,
                    "timesteps_left": 2,
                    "zone_from": 42,
                    "zone_to": 32
                },
                {
                    "req_id": 165273203,
                    "timesteps_left": 3,
                    "zone_from": 55,
                    "zone_to": 62
                },
                {
                    "req_id": 404492167,
                    "timesteps_left": 4,
                    "zone_from": 43,
                    "zone_to": 51
                },
                {
                    "req_id": 1363074155,
                    "timesteps_left": 4,
                    "zone_from": 50,
                    "zone_to": 47
                },
                {
                    "req_id": 1145581457,
                    "timesteps_left": 4,
                    "zone_from": 46,
                    "zone_to": 18
                },
                {
                    "req_id": 1187808960,
                    "timesteps_left": 4,
                    "zone_from": 58,
                    "zone_to": 6
                },
                {
                    "req_id": 1744539586,
                    "timesteps_left": 5,
                    "zone_from": 62,
                    "zone_to": 54
                },
                {
                    "req_id": 1361129181,
                    "timesteps_left": 2,
                    "zone_from": 41,
                    "zone_to": 13
                },
                {
                    "req_id": 1629933761,
                    "timesteps_left": 6,
                    "zone_from": 40,
                    "zone_to": 54
                },
                {
                    "req_id": 2129921530,
                    "timesteps_left": 6,
                    "zone_from": 4,
                    "zone_to": 54
                },
                {
                    "req_id": 365765496,
                    "timesteps_left": 7,
                    "zone_from": 52,
                    "zone_to": 28
                },
                {
                    "req_id": 444952476,
                    "timesteps_left": 7,
                    "zone_from": 26,
                    "zone_to": 45
                },
                {
                    "req_id": 2071071947,
                    "timesteps_left": 7,
                    "zone_from": 47,
                    "zone_to": 50
                },
                {
                    "req_id": 1712988217,
                    "timesteps_left": 8,
                    "zone_from": 46,
                    "zone_to": 36
                },
                {
                    "req_id": 52414682,
                    "timesteps_left": 8,
                    "zone_from": 52,
                    "zone_to": 4
                },
                {
                    "req_id": 907608411,
                    "timesteps_left": 8,
                    "zone_from": 13,
                    "zone_to": 62
                },
                {
                    "req_id": 1853267781,
                    "timesteps_left": 8,
                    "zone_from": 17,
                    "zone_to": 37
                },
                {
                    "req_id": 1864551087,
                    "timesteps_left": 6,
                    "zone_from": 29,
                    "zone_to": 60
                },
                {
                    "req_id": 1057407330,
                    "timesteps_left": 5,
                    "zone_from": 41,
                    "zone_to": 51
                },
                {
                    "req_id": 235199482,
                    "timesteps_left": 9,
                    "zone_from": 16,
                    "zone_to": 47
                },
                {
                    "req_id": 1731110988,
                    "timesteps_left": 9,
                    "zone_from": 41,
                    "zone_to": 36
                },
                {
                    "req_id": 925234244,
                    "timesteps_left": 9,
                    "zone_from": 18,
                    "zone_to": 46
                },
                {
                    "req_id": 1560974225,
                    "timesteps_left": 9,
                    "zone_from": 54,
                    "zone_to": 34
                },
                {
                    "req_id": 1102565761,
                    "timesteps_left": 3,
                    "zone_from": 10,
                    "zone_to": 26
                },
                {
                    "req_id": 196035912,
                    "timesteps_left": 9,
                    "zone_from": 32,
                    "zone_to": 10
                },
                {
                    "req_id": 1920890073,
                    "timesteps_left": 7,
                    "zone_from": 13,
                    "zone_to": 37
                },
                {
                    "req_id": 1711333547,
                    "timesteps_left": 7,
                    "zone_from": 37,
                    "zone_to": 37
                },
                {
                    "req_id": 782801436,
                    "timesteps_left": 5,
                    "zone_from": 59,
                    "zone_to": 32
                },
                {
                    "req_id": 1126171516,
                    "timesteps_left": 6,
                    "zone_from": 0,
                    "zone_to": 32
                },
                {
                    "req_id": 1343189471,
                    "timesteps_left": 6,
                    "zone_from": 27,
                    "zone_to": 62
                },
                {
                    "req_id": 1328325446,
                    "timesteps_left": 6,
                    "zone_from": 27,
                    "zone_to": 62
                },
                {
                    "req_id": 1561509747,
                    "timesteps_left": 2,
                    "zone_from": 62,
                    "zone_to": 38
                },
                {
                    "req_id": 1376492159,
                    "timesteps_left": 5,
                    "zone_from": 53,
                    "zone_to": 38
                },
                {
                    "req_id": 1580290949,
                    "timesteps_left": 5,
                    "zone_from": 10,
                    "zone_to": 48
                },
                {
                    "req_id": 355005698,
                    "timesteps_left": 9,
                    "zone_from": 35,
                    "zone_to": 48
                },
                {
                    "req_id": 1888208635,
                    "timesteps_left": 7,
                    "zone_from": 30,
                    "zone_to": 55
                },
                {
                    "req_id": 1484899434,
                    "timesteps_left": 9,
                    "zone_from": 2,
                    "zone_to": 30
                },
                {
                    "req_id": 358306196,
                    "timesteps_left": 4,
                    "zone_from": 55,
                    "zone_to": 30
                },
                {
                    "req_id": 1886157067,
                    "timesteps_left": 4,
                    "zone_from": 19,
                    "zone_to": 38
                },
                {
                    "req_id": 324636763,
                    "timesteps_left": 2,
                    "zone_from": 59,
                    "zone_to": 38
                },
                {
                    "req_id": 250082578,
                    "timesteps_left": 8,
                    "zone_from": 38,
                    "zone_to": 8
                },
                {
                    "req_id": 663504586,
                    "timesteps_left": 3,
                    "zone_from": 41,
                    "zone_to": 20
                },
                {
                    "req_id": 451435334,
                    "timesteps_left": 9,
                    "zone_from": 41,
                    "zone_to": 48
                },
                {
                    "req_id": 1703281522,
                    "timesteps_left": 7,
                    "zone_from": 48,
                    "zone_to": 48
                },
                {
                    "req_id": 1856128190,
                    "timesteps_left": 3,
                    "zone_from": 41,
                    "zone_to": 41
                },
                {
                    "req_id": 180720754,
                    "timesteps_left": 3,
                    "zone_from": 38,
                    "zone_to": 28
                },
                {
                    "req_id": 697901881,
                    "timesteps_left": 3,
                    "zone_from": 38,
                    "zone_to": 38
                },
                {
                    "req_id": 888980403,
                    "timesteps_left": 6,
                    "zone_from": 36,
                    "zone_to": 28
                },
                {
                    "req_id": 345812015,
                    "timesteps_left": 8,
                    "zone_from": 36,
                    "zone_to": 38
                },
                {
                    "req_id": 2026360739,
                    "timesteps_left": 5,
                    "zone_from": 18,
                    "zone_to": 17
                },
                {
                    "req_id": 1195992482,
                    "timesteps_left": 5,
                    "zone_from": 18,
                    "zone_to": 8
                },
                {
                    "req_id": 975739965,
                    "timesteps_left": 3,
                    "zone_from": 8,
                    "zone_to": 9
                },
                {
                    "req_id": 1210560530,
                    "timesteps_left": 6,
                    "zone_from": 8,
                    "zone_to": 9
                },
                {
                    "req_id": 915965028,
                    "timesteps_left": 2,
                    "zone_from": 59,
                    "zone_to": 59
                },
                {
                    "req_id": 2144874210,
                    "timesteps_left": 4,
                    "zone_from": 62,
                    "zone_to": 59
                },
                {
                    "req_id": 1995802265,
                    "timesteps_left": 8,
                    "zone_from": 6,
                    "zone_to": 9
                },
                {
                    "req_id": 1694858442,
                    "timesteps_left": 5,
                    "zone_from": 10,
                    "zone_to": 59
                },
                {
                    "req_id": 842742998,
                    "timesteps_left": 3,
                    "zone_from": 8,
                    "zone_to": 13
                },
                {
                    "req_id": 1793295853,
                    "timesteps_left": 2,
                    "zone_from": 39,
                    "zone_to": 0
                },
                {
                    "req_id": 574187229,
                    "timesteps_left": 7,
                    "zone_from": 13,
                    "zone_to": 51
                },
                {
                    "req_id": 168136603,
                    "timesteps_left": 4,
                    "zone_from": 9,
                    "zone_to": 39
                },
                {
                    "req_id": 489897512,
                    "timesteps_left": 8,
                    "zone_from": 13,
                    "zone_to": 51
                },
                {
                    "req_id": 1555917622,
                    "timesteps_left": 10,
                    "zone_from": 31,
                    "zone_to": 47
                },
                {
                    "req_id": 1074096615,
                    "timesteps_left": 10,
                    "zone_from": 13,
                    "zone_to": 48
                },
                {
                    "req_id": 1434350740,
                    "timesteps_left": 10,
                    "zone_from": 31,
                    "zone_to": 13
                },
                {
                    "req_id": 149699511,
                    "timesteps_left": 10,
                    "zone_from": 38,
                    "zone_to": 37
                },
                {
                    "req_id": 316658626,
                    "timesteps_left": 10,
                    "zone_from": 28,
                    "zone_to": 61
                },
                {
                    "req_id": 1828040584,
                    "timesteps_left": 10,
                    "zone_from": 13,
                    "zone_to": 48
                },
                {
                    "req_id": 1874607633,
                    "timesteps_left": 10,
                    "zone_from": 26,
                    "zone_to": 38
                },
                {
                    "req_id": 1021090764,
                    "timesteps_left": 10,
                    "zone_from": 59,
                    "zone_to": 10
                }
            ],
            "cars": []
        },
        {
            "t": 9,
            "reqs": [
                {
                    "req_id": 888752809,
                    "timesteps_left": 1,
                    "zone_from": 32,
                    "zone_to": 42
                },
                {
                    "req_id": 1789579761,
                    "timesteps_left": 1,
                    "zone_from": 47,
                    "zone_to": 38
                },
                {
                    "req_id": 1697966267,
                    "timesteps_left": 1,
                    "zone_from": 42,
                    "zone_to": 32
                },
                {
                    "req_id": 404492167,
                    "timesteps_left": 3,
                    "zone_from": 43,
                    "zone_to": 51
                },
                {
                    "req_id": 1145581457,
                    "timesteps_left": 3,
                    "zone_from": 46,
                    "zone_to": 18
                },
                {
                    "req_id": 1187808960,
                    "timesteps_left": 3,
                    "zone_from": 58,
                    "zone_to": 6
                },
                {
                    "req_id": 1629933761,
                    "timesteps_left": 5,
                    "zone_from": 40,
                    "zone_to": 54
                },
                {
                    "req_id": 2129921530,
                    "timesteps_left": 5,
                    "zone_from": 4,
                    "zone_to": 54
                },
                {
                    "req_id": 365765496,
                    "timesteps_left": 6,
                    "zone_from": 52,
                    "zone_to": 28
                },
                {
                    "req_id": 444952476,
                    "timesteps_left": 6,
                    "zone_from": 26,
                    "zone_to": 45
                },
                {
                    "req_id": 1712988217,
                    "timesteps_left": 7,
                    "zone_from": 46,
                    "zone_to": 36
                },
                {
                    "req_id": 52414682,
                    "timesteps_left": 7,
                    "zone_from": 52,
                    "zone_to": 4
                },
                {
                    "req_id": 907608411,
                    "timesteps_left": 7,
                    "zone_from": 13,
                    "zone_to": 62
                },
                {
                    "req_id": 925234244,
                    "timesteps_left": 8,
                    "zone_from": 18,
                    "zone_to": 46
                },
                {
                    "req_id": 1560974225,
                    "timesteps_left": 8,
                    "zone_from": 54,
                    "zone_to": 34
                },
                {
                    "req_id": 1920890073,
                    "timesteps_left": 6,
                    "zone_from": 13,
                    "zone_to": 37
                },
                {
                    "req_id": 358306196,
                    "timesteps_left": 3,
                    "zone_from": 55,
                    "zone_to": 30
                },
                {
                    "req_id": 663504586,
                    "timesteps_left": 2,
                    "zone_from": 41,
                    "zone_to": 20
                },
                {
                    "req_id": 1434350740,
                    "timesteps_left": 9,
                    "zone_from": 31,
                    "zone_to": 13
                },
                {
                    "req_id": 316658626,
                    "timesteps_left": 9,
                    "zone_from": 28,
                    "zone_to": 61
                },
                {
                    "req_id": 1853267781,
                    "timesteps_left": 7,
                    "zone_from": 17,
                    "zone_to": 37
                },
                {
                    "req_id": 1711333547,
                    "timesteps_left": 6,
                    "zone_from": 37,
                    "zone_to": 37
                },
                {
                    "req_id": 1731110988,
                    "timesteps_left": 8,
                    "zone_from": 41,
                    "zone_to": 36
                },
                {
                    "req_id": 1874607633,
                    "timesteps_left": 9,
                    "zone_from": 26,
                    "zone_to": 38
                },
                {
                    "req_id": 782801436,
                    "timesteps_left": 4,
                    "zone_from": 59,
                    "zone_to": 32
                },
                {
                    "req_id": 1126171516,
                    "timesteps_left": 5,
                    "zone_from": 0,
                    "zone_to": 32
                },
                {
                    "req_id": 1343189471,
                    "timesteps_left": 5,
                    "zone_from": 27,
                    "zone_to": 62
                },
                {
                    "req_id": 1328325446,
                    "timesteps_left": 5,
                    "zone_from": 27,
                    "zone_to": 62
                },
                {
                    "req_id": 196035912,
                    "timesteps_left": 8,
                    "zone_from": 32,
                    "zone_to": 10
                },
                {
                    "req_id": 1021090764,
                    "timesteps_left": 9,
                    "zone_from": 59,
                    "zone_to": 10
                },
                {
                    "req_id": 1102565761,
                    "timesteps_left": 2,
                    "zone_from": 10,
                    "zone_to": 26
                },
                {
                    "req_id": 235199482,
                    "timesteps_left": 8,
                    "zone_from": 16,
                    "zone_to": 47
                },
                {
                    "req_id": 1555917622,
                    "timesteps_left": 9,
                    "zone_from": 31,
                    "zone_to": 47
                },
                {
                    "req_id": 2071071947,
                    "timesteps_left": 6,
                    "zone_from": 47,
                    "zone_to": 50
                },
                {
                    "req_id": 1363074155,
                    "timesteps_left": 3,
                    "zone_from": 50,
                    "zone_to": 47
                },
                {
                    "req_id": 1580290949,
                    "timesteps_left": 4,
                    "zone_from": 10,
                    "zone_to": 48
                },
                {
                    "req_id": 355005698,
                    "timesteps_left": 8,
                    "zone_from": 35,
                    "zone_to": 48
                },
                {
                    "req_id": 1703281522,
                    "timesteps_left": 6,
                    "zone_from": 48,
                    "zone_to": 48
                },
                {
                    "req_id": 1864551087,
                    "timesteps_left": 5,
                    "zone_from": 29,
                    "zone_to": 60
                },
                {
                    "req_id": 180720754,
                    "timesteps_left": 2,
                    "zone_from": 38,
                    "zone_to": 28
                },
                {
                    "req_id": 697901881,
                    "timesteps_left": 2,
                    "zone_from": 38,
                    "zone_to": 38
                },
                {
                    "req_id": 888980403,
                    "timesteps_left": 5,
                    "zone_from": 36,
                    "zone_to": 28
                },
                {
                    "req_id": 345812015,
                    "timesteps_left": 7,
                    "zone_from": 36,
                    "zone_to": 38
                },
                {
                    "req_id": 2026360739,
                    "timesteps_left": 4,
                    "zone_from": 18,
                    "zone_to": 17
                },
                {
                    "req_id": 1195992482,
                    "timesteps_left": 4,
                    "zone_from": 18,
                    "zone_to": 8
                },
                {
                    "req_id": 975739965,
                    "timesteps_left": 2,
                    "zone_from": 8,
                    "zone_to": 9
                },
                {
                    "req_id": 1210560530,
                    "timesteps_left": 5,
                    "zone_from": 8,
                    "zone_to": 9
                },
                {
                    "req_id": 1888208635,
                    "timesteps_left": 6,
                    "zone_from": 30,
                    "zone_to": 55
                },
                {
                    "req_id": 1484899434,
                    "timesteps_left": 8,
                    "zone_from": 2,
                    "zone_to": 30
                },
                {
                    "req_id": 1995802265,
                    "timesteps_left": 7,
                    "zone_from": 6,
                    "zone_to": 9
                },
                {
                    "req_id": 165273203,
                    "timesteps_left": 2,
                    "zone_from": 55,
                    "zone_to": 62
                },
                {
                    "req_id": 1744539586,
                    "timesteps_left": 4,
                    "zone_from": 62,
                    "zone_to": 54
                },
                {
                    "req_id": 1361129181,
                    "timesteps_left": 1,
                    "zone_from": 41,
                    "zone_to": 13
                },
                {
                    "req_id": 1856128190,
                    "timesteps_left": 2,
                    "zone_from": 41,
                    "zone_to": 41
                },
                {
                    "req_id": 451435334,
                    "timesteps_left": 8,
                    "zone_from": 41,
                    "zone_to": 48
                },
                {
                    "req_id": 1074096615,
                    "timesteps_left": 9,
                    "zone_from": 13,
                    "zone_to": 48
                },
                {
                    "req_id": 1828040584,
                    "timesteps_left": 9,
                    "zone_from": 13,
                    "zone_to": 48
                },
                {
                    "req_id": 1886157067,
                    "timesteps_left": 3,
                    "zone_from": 19,
                    "zone_to": 38
                },
                {
                    "req_id": 324636763,
                    "timesteps_left": 1,
                    "zone_from": 59,
                    "zone_to": 38
                },
                {
                    "req_id": 149699511,
                    "timesteps_left": 9,
                    "zone_from": 38,
                    "zone_to": 37
                },
                {
                    "req_id": 1376492159,
                    "timesteps_left": 4,
                    "zone_from": 53,
                    "zone_to": 38
                },
                {
                    "req_id": 1057407330,
                    "timesteps_left": 4,
                    "zone_from": 41,
                    "zone_to": 51
                },
                {
                    "req_id": 915965028,
                    "timesteps_left": 1,
                    "zone_from": 59,
                    "zone_to": 59
                },
                {
                    "req_id": 2144874210,
                    "timesteps_left": 3,
                    "zone_from": 62,
                    "zone_to": 59
                },
                {
                    "req_id": 1561509747,
                    "timesteps_left": 1,
                    "zone_from": 62,
                    "zone_to": 38
                },
                {
                    "req_id": 1694858442,
                    "timesteps_left": 4,
                    "zone_from": 10,
                    "zone_to": 59
                },
                {
                    "req_id": 250082578,
                    "timesteps_left": 7,
                    "zone_from": 38,
                    "zone_to": 8
                },
                {
                    "req_id": 842742998,
                    "timesteps_left": 2,
                    "zone_from": 8,
                    "zone_to": 13
                },
                {
                    "req_id": 1793295853,
                    "timesteps_left": 1,
                    "zone_from": 39,
                    "zone_to": 0
                },
                {
                    "req_id": 574187229,
                    "timesteps_left": 6,
                    "zone_from": 13,
                    "zone_to": 51
                },
                {
                    "req_id": 489897512,
                    "timesteps_left": 7,
                    "zone_from": 13,
                    "zone_to": 51
                },
                {
                    "req_id": 168136603,
                    "timesteps_left": 3,
                    "zone_from": 9,
                    "zone_to": 39
                },
                {
                    "req_id": 553558994,
                    "timesteps_left": 10,
                    "zone_from": 61,
                    "zone_to": 46
                },
                {
                    "req_id": 2120779954,
                    "timesteps_left": 10,
                    "zone_from": 47,
                    "zone_to": 28
                },
                {
                    "req_id": 1754558223,
                    "timesteps_left": 10,
                    "zone_from": 28,
                    "zone_to": 59
                },
                {
                    "req_id": 12716665,
                    "timesteps_left": 10,
                    "zone_from": 42,
                    "zone_to": 9
                },
                {
                    "req_id": 1002458329,
                    "timesteps_left": 10,
                    "zone_from": 37,
                    "zone_to": 27
                },
                {
                    "req_id": 1609819707,
                    "timesteps_left": 10,
                    "zone_from": 29,
                    "zone_to": 8
                },
                {
                    "req_id": 865081333,
                    "timesteps_left": 10,
                    "zone_from": 30,
                    "zone_to": 54
                },
                {
                    "req_id": 2036767769,
                    "timesteps_left": 10,
                    "zone_from": 12,
                    "zone_to": 54
                }
            ],
            "cars": [
                {
                    "car_id": 1110764256,
                    "n_reqs": 2,
                    "reqs_in_car": [
                        1853267781,
                        1711333547
                    ],
                    "path": [
                        17,
                        37,
                        37,
                        37
                    ],
                    "reward": 0.0833333,
                    "icds": [
                        0,
                        0
                    ],
                    "dist_red": 0.0
                },
                {
                    "car_id": 977664995,
                    "n_reqs": 2,
                    "reqs_in_car": [
                        782801436,
                        1126171516
                    ],
                    "path": [
                        59,
                        0,
                        32,
                        32
                    ],
                    "reward": 0.09139,
                    "icds": [
                        88,
                        0
                    ],
                    "dist_red": 1134.0
                },
                {
                    "car_id": 167241435,
                    "n_reqs": 2,
                    "reqs_in_car": [
                        1343189471,
                        1343189471
                    ],
                    "path": [
                        27,
                        27,
                        62,
                        62
                    ],
                    "reward": 0.25,
                    "icds": [
                        0,
                        0
                    ],
                    "dist_red": 2145.0
                },
                {
                    "car_id": 215698318,
                    "n_reqs": 2,
                    "reqs_in_car": [
                        1074096615,
                        1074096615
                    ],
                    "path": [
                        13,
                        13,
                        48,
                        48
                    ],
                    "reward": 0.25,
                    "icds": [
                        0,
                        0
                    ],
                    "dist_red": 3441.0
                },
                {
                    "car_id": 1253799003,
                    "n_reqs": 2,
                    "reqs_in_car": [
                        1376492159,
                        1561509747
                    ],
                    "path": [
                        62,
                        53,
                        38,
                        38
                    ],
                    "reward": 0.140922,
                    "icds": [
                        0,
                        58
                    ],
                    "dist_red": 1535.0
                },
                {
                    "car_id": 858542952,
                    "n_reqs": 3,
                    "reqs_in_car": [
                        663504586,
                        451435334,
                        1856128190
                    ],
                    "path": [
                        41,
                        41,
                        41,
                        41,
                        20,
                        48
                    ],
                    "reward": 0.267664,
                    "icds": [
                        0,
                        402,
                        0
                    ],
                    "dist_red": 8173.0
                },
                {
                    "car_id": 1714849991,
                    "n_reqs": 4,
                    "reqs_in_car": [
                        180720754,
                        2120779954,
                        1789579761,
                        697901881
                    ],
                    "path": [
                        47,
                        47,
                        38,
                        38,
                        38,
                        38,
                        28,
                        28
                    ],
                    "reward": 0.505609,
                    "icds": [
                        0,
                        128,
                        0,
                        0
                    ],
                    "dist_red": 3953.0
                },
                {
                    "car_id": 1760730606,
                    "n_reqs": 4,
                    "reqs_in_car": [
                        915965028,
                        2144874210,
                        1145581457,
                        553558994
                    ],
                    "path": [
                        62,
                        61,
                        46,
                        46,
                        18,
                        59,
                        59,
                        59
                    ],
                    "reward": 0.313215,
                    "icds": [
                        0,
                        550,
                        0,
                        0
                    ],
                    "dist_red": 6296.0
                },
                {
                    "car_id": 1160970935,
                    "n_reqs": 4,
                    "reqs_in_car": [
                        1057407330,
                        1754558223,
                        1021090764,
                        1694858442
                    ],
                    "path": [
                        28,
                        41,
                        51,
                        59,
                        10,
                        10,
                        59,
                        59
                    ],
                    "reward": 0.246635,
                    "icds": [
                        0,
                        399,
                        0,
                        0
                    ],
                    "dist_red": 3093.0
                },
                {
                    "car_id": 2007858436,
                    "n_reqs": 4,
                    "reqs_in_car": [
                        1555917622,
                        2071071947,
                        1363074155,
                        235199482
                    ],
                    "path": [
                        31,
                        16,
                        47,
                        50,
                        50,
                        47,
                        47,
                        47
                    ],
                    "reward": 0.27492,
                    "icds": [
                        284,
                        0,
                        0,
                        0
                    ],
                    "dist_red": 2690.0
                },
                {
                    "car_id": 1400738373,
                    "n_reqs": 4,
                    "reqs_in_car": [
                        345812015,
                        1886157067,
                        149699511,
                        324636763
                    ],
                    "path": [
                        59,
                        19,
                        38,
                        38,
                        37,
                        36,
                        38,
                        38
                    ],
                    "reward": 0.211177,
                    "icds": [
                        0,
                        0,
                        0,
                        447
                    ],
                    "dist_red": 2502.0
                },
                {
                    "car_id": 1969080338,
                    "n_reqs": 4,
                    "reqs_in_car": [
                        2026360739,
                        1195992482,
                        975739965,
                        975739965
                    ],
                    "path": [
                        18,
                        18,
                        17,
                        8,
                        8,
                        9,
                        9,
                        8
                    ],
                    "reward": 0.452074,
                    "icds": [
                        0,
                        99,
                        0,
                        0
                    ],
                    "dist_red": 3876.0
                },
                {
                    "car_id": 810437135,
                    "n_reqs": 5,
                    "reqs_in_car": [
                        196035912,
                        1102565761,
                        1874607633,
                        250082578,
                        1731110988
                    ],
                    "path": [
                        32,
                        10,
                        26,
                        26,
                        41,
                        36,
                        38,
                        38,
                        8,
                        10
                    ],
                    "reward": 0.203627,
                    "icds": [
                        0,
                        0,
                        173,
                        0,
                        0
                    ],
                    "dist_red": -239.0
                },
                {
                    "car_id": 1189754628,
                    "n_reqs": 5,
                    "reqs_in_car": [
                        1580290949,
                        355005698,
                        1703281522,
                        1864551087,
                        1609819707
                    ],
                    "path": [
                        29,
                        29,
                        8,
                        10,
                        35,
                        48,
                        48,
                        48,
                        48,
                        60
                    ],
                    "reward": 0.516904,
                    "icds": [
                        66,
                        0,
                        0,
                        788,
                        0
                    ],
                    "dist_red": 12889.0
                },
                {
                    "car_id": 1567775909,
                    "n_reqs": 5,
                    "reqs_in_car": [
                        1888208635,
                        1484899434,
                        1995802265,
                        165273203,
                        1744539586
                    ],
                    "path": [
                        2,
                        30,
                        55,
                        55,
                        62,
                        62,
                        54,
                        6,
                        9,
                        30
                    ],
                    "reward": 0.228071,
                    "icds": [
                        0,
                        0,
                        0,
                        0,
                        0
                    ],
                    "dist_red": -2354.0
                },
                {
                    "car_id": 945611039,
                    "n_reqs": 5,
                    "reqs_in_car": [
                        842742998,
                        1793295853,
                        574187229,
                        574187229,
                        168136603
                    ],
                    "path": [
                        9,
                        8,
                        39,
                        0,
                        13,
                        13,
                        13,
                        51,
                        51,
                        39
                    ],
                    "reward": 0.487557,
                    "icds": [
                        99,
                        0,
                        0,
                        0,
                        63
                    ],
                    "dist_red": 4925.0
                }
            ]
        }
    ],
    "serv_rate": 71.25,
    "n_cars": 16,
    "avg_occ": 3.05,
    "dist_red": 54.059,
    "dist_red_perc": 16,
    "trip_red": 41,
    "trip_red_perc": 41,
    "kg_co2_red": 7,
    "icd_mean": 47
}