{
    "timesteps": [
        {
            "t": 0,
            "reqs": [
                {
                    "req_id": 563375605,
                    "timesteps_left": 1,
                    "zone_from": 59,
                    "zone_to": 55
                },
                {
                    "req_id": 738097945,
                    "timesteps_left": 1,
                    "zone_from": 9,
                    "zone_to": 31
                },
                {
                    "req_id": 2016232199,
                    "timesteps_left": 1,
                    "zone_from": 32,
                    "zone_to": 0
                },
                {
                    "req_id": 1336335456,
                    "timesteps_left": 1,
                    "zone_from": 23,
                    "zone_to": 31
                },
                {
                    "req_id": 553388671,
                    "timesteps_left": 1,
                    "zone_from": 62,
                    "zone_to": 39
                },
                {
                    "req_id": 515509346,
                    "timesteps_left": 1,
                    "zone_from": 47,
                    "zone_to": 61
                },
                {
                    "req_id": 704323629,
                    "timesteps_left": 1,
                    "zone_from": 28,
                    "zone_to": 59
                },
                {
                    "req_id": 1648305342,
                    "timesteps_left": 1,
                    "zone_from": 10,
                    "zone_to": 59
                },
                {
                    "req_id": 1891575524,
                    "timesteps_left": 1,
                    "zone_from": 16,
                    "zone_to": 53
                },
                {
                    "req_id": 414692839,
                    "timesteps_left": 1,
                    "zone_from": 27,
                    "zone_to": 41
                },
                {
                    "req_id": 844817843,
                    "timesteps_left": 1,
                    "zone_from": 10,
                    "zone_to": 42
                },
                {
                    "req_id": 833123383,
                    "timesteps_left": 1,
                    "zone_from": 8,
                    "zone_to": 18
                },
                {
                    "req_id": 794672551,
                    "timesteps_left": 1,
                    "zone_from": 36,
                    "zone_to": 58
                },
                {
                    "req_id": 802184942,
                    "timesteps_left": 1,
                    "zone_from": 13,
                    "zone_to": 38
                },
                {
                    "req_id": 329446619,
                    "timesteps_left": 1,
                    "zone_from": 10,
                    "zone_to": 59
                },
                {
                    "req_id": 1980199022,
                    "timesteps_left": 1,
                    "zone_from": 46,
                    "zone_to": 16
                },
                {
                    "req_id": 1459626648,
                    "timesteps_left": 1,
                    "zone_from": 7,
                    "zone_to": 3
                },
                {
                    "req_id": 751784580,
                    "timesteps_left": 1,
                    "zone_from": 37,
                    "zone_to": 58
                },
                {
                    "req_id": 1722163046,
                    "timesteps_left": 1,
                    "zone_from": 17,
                    "zone_to": 38
                },
                {
                    "req_id": 1580469796,
                    "timesteps_left": 1,
                    "zone_from": 18,
                    "zone_to": 51
                }
            ],
            "cars": []
        },
        {
            "t": 1,
            "reqs": [
                {
                    "req_id": 1891575524,
                    "timesteps_left": 0,
                    "zone_from": 16,
                    "zone_to": 53
                },
                {
                    "req_id": 802184942,
                    "timesteps_left": 0,
                    "zone_from": 13,
                    "zone_to": 38
                },
                {
                    "req_id": 1459626648,
                    "timesteps_left": 0,
                    "zone_from": 7,
                    "zone_to": 3
                },
                {
                    "req_id": 563375605,
                    "timesteps_left": 0,
                    "zone_from": 59,
                    "zone_to": 55
                },
                {
                    "req_id": 2016232199,
                    "timesteps_left": 0,
                    "zone_from": 32,
                    "zone_to": 0
                },
                {
                    "req_id": 738097945,
                    "timesteps_left": 0,
                    "zone_from": 9,
                    "zone_to": 31
                },
                {
                    "req_id": 1336335456,
                    "timesteps_left": 0,
                    "zone_from": 23,
                    "zone_to": 31
                },
                {
                    "req_id": 844817843,
                    "timesteps_left": 0,
                    "zone_from": 10,
                    "zone_to": 42
                },
                {
                    "req_id": 833123383,
                    "timesteps_left": 0,
                    "zone_from": 8,
                    "zone_to": 18
                },
                {
                    "req_id": 1580469796,
                    "timesteps_left": 0,
                    "zone_from": 18,
                    "zone_to": 51
                },
                {
                    "req_id": 515509346,
                    "timesteps_left": 0,
                    "zone_from": 47,
                    "zone_to": 61
                },
                {
                    "req_id": 1722163046,
                    "timesteps_left": 0,
                    "zone_from": 17,
                    "zone_to": 38
                },
                {
                    "req_id": 553388671,
                    "timesteps_left": 0,
                    "zone_from": 62,
                    "zone_to": 39
                },
                {
                    "req_id": 1980199022,
                    "timesteps_left": 0,
                    "zone_from": 46,
                    "zone_to": 16
                },
                {
                    "req_id": 414692839,
                    "timesteps_left": 0,
                    "zone_from": 27,
                    "zone_to": 41
                },
                {
                    "req_id": 1648305342,
                    "timesteps_left": 0,
                    "zone_from": 10,
                    "zone_to": 59
                },
                {
                    "req_id": 329446619,
                    "timesteps_left": 0,
                    "zone_from": 10,
                    "zone_to": 59
                },
                {
                    "req_id": 704323629,
                    "timesteps_left": 0,
                    "zone_from": 28,
                    "zone_to": 59
                },
                {
                    "req_id": 751784580,
                    "timesteps_left": 0,
                    "zone_from": 37,
                    "zone_to": 58
                },
                {
                    "req_id": 794672551,
                    "timesteps_left": 0,
                    "zone_from": 36,
                    "zone_to": 58
                },
                {
                    "req_id": 920823185,
                    "timesteps_left": 1,
                    "zone_from": 47,
                    "zone_to": 48
                },
                {
                    "req_id": 2041317785,
                    "timesteps_left": 1,
                    "zone_from": 38,
                    "zone_to": 54
                },
                {
                    "req_id": 1789976151,
                    "timesteps_left": 1,
                    "zone_from": 16,
                    "zone_to": 54
                },
                {
                    "req_id": 1390853239,
                    "timesteps_left": 1,
                    "zone_from": 48,
                    "zone_to": 41
                },
                {
                    "req_id": 1977201536,
                    "timesteps_left": 1,
                    "zone_from": 45,
                    "zone_to": 0
                },
                {
                    "req_id": 1616986605,
                    "timesteps_left": 1,
                    "zone_from": 4,
                    "zone_to": 29
                },
                {
                    "req_id": 1245809329,
                    "timesteps_left": 1,
                    "zone_from": 51,
                    "zone_to": 19
                },
                {
                    "req_id": 1129400471,
                    "timesteps_left": 1,
                    "zone_from": 6,
                    "zone_to": 59
                },
                {
                    "req_id": 2020623947,
                    "timesteps_left": 1,
                    "zone_from": 28,
                    "zone_to": 30
                },
                {
                    "req_id": 1044015226,
                    "timesteps_left": 1,
                    "zone_from": 33,
                    "zone_to": 57
                },
                {
                    "req_id": 729747140,
                    "timesteps_left": 1,
                    "zone_from": 8,
                    "zone_to": 8
                },
                {
                    "req_id": 678591045,
                    "timesteps_left": 1,
                    "zone_from": 13,
                    "zone_to": 18
                },
                {
                    "req_id": 181391779,
                    "timesteps_left": 1,
                    "zone_from": 26,
                    "zone_to": 31
                },
                {
                    "req_id": 182840900,
                    "timesteps_left": 1,
                    "zone_from": 59,
                    "zone_to": 28
                },
                {
                    "req_id": 491954704,
                    "timesteps_left": 1,
                    "zone_from": 41,
                    "zone_to": 44
                },
                {
                    "req_id": 1573111720,
                    "timesteps_left": 1,
                    "zone_from": 8,
                    "zone_to": 14
                },
                {
                    "req_id": 1719578686,
                    "timesteps_left": 1,
                    "zone_from": 9,
                    "zone_to": 42
                },
                {
                    "req_id": 1103650966,
                    "timesteps_left": 1,
                    "zone_from": 8,
                    "zone_to": 20
                },
                {
                    "req_id": 549236801,
                    "timesteps_left": 1,
                    "zone_from": 59,
                    "zone_to": 13
                },
                {
                    "req_id": 2098916579,
                    "timesteps_left": 1,
                    "zone_from": 31,
                    "zone_to": 31
                }
            ],
            "cars": [
                {
                    "car_id": 1281755248,
                    "n_reqs": 5,
                    "reqs_in_car": [
                        1891575524,
                        1789976151,
                        802184942,
                        1459626648,
                        2016232199
                    ],
                    "path": [
                        7,
                        32,
                        0,
                        13,
                        16,
                        16,
                        38,
                        53,
                        54,
                        3
                    ],
                    "reward": 3.04518,
                    "icds": [
                        319,
                        866,
                        440,
                        2785,
                        0
                    ],
                    "dist_red": 16539.0
                },
                {
                    "car_id": 1667736022,
                    "n_reqs": 5,
                    "reqs_in_car": [
                        1722163046,
                        182840900,
                        515509346,
                        563375605,
                        2041317785
                    ],
                    "path": [
                        59,
                        59,
                        17,
                        47,
                        38,
                        38,
                        28,
                        61,
                        54,
                        55
                    ],
                    "reward": 2.92544,
                    "icds": [
                        368,
                        779,
                        267,
                        2968,
                        1182
                    ],
                    "dist_red": 13592.0
                },
                {
                    "car_id": 548042193,
                    "n_reqs": 5,
                    "reqs_in_car": [
                        738097945,
                        1103650966,
                        1719578686,
                        844817843,
                        1336335456
                    ],
                    "path": [
                        9,
                        9,
                        8,
                        10,
                        42,
                        42,
                        23,
                        20,
                        31,
                        31
                    ],
                    "reward": 2.78725,
                    "icds": [
                        1498,
                        745,
                        367,
                        0,
                        429
                    ],
                    "dist_red": 7760.0
                },
                {
                    "car_id": 50826480,
                    "n_reqs": 5,
                    "reqs_in_car": [
                        751784580,
                        794672551,
                        1980199022,
                        414692839,
                        833123383
                    ],
                    "path": [
                        27,
                        46,
                        37,
                        36,
                        8,
                        58,
                        58,
                        16,
                        18,
                        41
                    ],
                    "reward": 2.80449,
                    "icds": [
                        55,
                        55,
                        1206,
                        2604,
                        389
                    ],
                    "dist_red": 8631.0
                },
                {
                    "car_id": 475740796,
                    "n_reqs": 5,
                    "reqs_in_car": [
                        181391779,
                        491954704,
                        1245809329,
                        1580469796,
                        2098916579
                    ],
                    "path": [
                        41,
                        26,
                        18,
                        51,
                        51,
                        19,
                        31,
                        31,
                        31,
                        44
                    ],
                    "reward": 2.90383,
                    "icds": [
                        738,
                        1161,
                        0,
                        0,
                        0
                    ],
                    "dist_red": 6426.0
                },
                {
                    "car_id": 1162264067,
                    "n_reqs": 5,
                    "reqs_in_car": [
                        704323629,
                        1129400471,
                        2020623947,
                        553388671,
                        1616986605
                    ],
                    "path": [
                        28,
                        28,
                        62,
                        4,
                        6,
                        29,
                        30,
                        39,
                        59,
                        59
                    ],
                    "reward": 2.80023,
                    "icds": [
                        2273,
                        869,
                        1167,
                        1486,
                        0
                    ],
                    "dist_red": 12072.0
                },
                {
                    "car_id": 569405313,
                    "n_reqs": 5,
                    "reqs_in_car": [
                        920823185,
                        1573111720,
                        1648305342,
                        1648305342,
                        729747140
                    ],
                    "path": [
                        8,
                        8,
                        8,
                        47,
                        10,
                        10,
                        59,
                        59,
                        48,
                        14
                    ],
                    "reward": 2.94928,
                    "icds": [
                        441,
                        1183,
                        0,
                        0,
                        0
                    ],
                    "dist_red": 8793.0
                }
            ]
        },
        {
            "t": 2,
            "reqs": [
                {
                    "req_id": 1044015226,
                    "timesteps_left": 0,
                    "zone_from": 33,
                    "zone_to": 57
                },
                {
                    "req_id": 1390853239,
                    "timesteps_left": 0,
                    "zone_from": 48,
                    "zone_to": 41
                },
                {
                    "req_id": 549236801,
                    "timesteps_left": 0,
                    "zone_from": 59,
                    "zone_to": 13
                },
                {
                    "req_id": 678591045,
                    "timesteps_left": 0,
                    "zone_from": 13,
                    "zone_to": 18
                },
                {
                    "req_id": 1977201536,
                    "timesteps_left": 0,
                    "zone_from": 45,
                    "zone_to": 0
                },
                {
                    "req_id": 174680000,
                    "timesteps_left": 1,
                    "zone_from": 35,
                    "zone_to": 10
                },
                {
                    "req_id": 219890706,
                    "timesteps_left": 1,
                    "zone_from": 16,
                    "zone_to": 59
                },
                {
                    "req_id": 66156724,
                    "timesteps_left": 1,
                    "zone_from": 55,
                    "zone_to": 3
                },
                {
                    "req_id": 378530782,
                    "timesteps_left": 1,
                    "zone_from": 31,
                    "zone_to": 48
                },
                {
                    "req_id": 246836914,
                    "timesteps_left": 1,
                    "zone_from": 8,
                    "zone_to": 29
                },
                {
                    "req_id": 1193095413,
                    "timesteps_left": 1,
                    "zone_from": 16,
                    "zone_to": 47
                },
                {
                    "req_id": 658878865,
                    "timesteps_left": 1,
                    "zone_from": 52,
                    "zone_to": 29
                },
                {
                    "req_id": 1777104622,
                    "timesteps_left": 1,
                    "zone_from": 47,
                    "zone_to": 28
                },
                {
                    "req_id": 1490635026,
                    "timesteps_left": 1,
                    "zone_from": 27,
                    "zone_to": 53
                },
                {
                    "req_id": 2041300534,
                    "timesteps_left": 1,
                    "zone_from": 51,
                    "zone_to": 59
                },
                {
                    "req_id": 1322543529,
                    "timesteps_left": 1,
                    "zone_from": 37,
                    "zone_to": 62
                },
                {
                    "req_id": 1958606968,
                    "timesteps_left": 1,
                    "zone_from": 20,
                    "zone_to": 28
                },
                {
                    "req_id": 429808522,
                    "timesteps_left": 1,
                    "zone_from": 32,
                    "zone_to": 59
                },
                {
                    "req_id": 469364941,
                    "timesteps_left": 1,
                    "zone_from": 36,
                    "zone_to": 0
                },
                {
                    "req_id": 1349317527,
                    "timesteps_left": 1,
                    "zone_from": 37,
                    "zone_to": 55
                },
                {
                    "req_id": 475280096,
                    "timesteps_left": 1,
                    "zone_from": 37,
                    "zone_to": 37
                },
                {
                    "req_id": 1409549766,
                    "timesteps_left": 1,
                    "zone_from": 17,
                    "zone_to": 38
                },
                {
                    "req_id": 257973,
                    "timesteps_left": 1,
                    "zone_from": 36,
                    "zone_to": 41
                },
                {
                    "req_id": 1614428460,
                    "timesteps_left": 1,
                    "zone_from": 18,
                    "zone_to": 19
                },
                {
                    "req_id": 56398967,
                    "timesteps_left": 1,
                    "zone_from": 20,
                    "zone_to": 55
                }
            ],
            "cars": [
                {
                    "car_id": 2095766020,
                    "n_reqs": 2,
                    "reqs_in_car": [
                        1044015226,
                        66156724
                    ],
                    "path": [
                        33,
                        55,
                        3,
                        57
                    ],
                    "reward": 0.0807277,
                    "icds": [
                        1004,
                        0
                    ],
                    "dist_red": -1951.0
                },
                {
                    "car_id": 1282713534,
                    "n_reqs": 4,
                    "reqs_in_car": [
                        2041300534,
                        429808522,
                        678591045,
                        1614428460
                    ],
                    "path": [
                        32,
                        13,
                        18,
                        18,
                        51,
                        19,
                        59,
                        59
                    ],
                    "reward": 1.66134,
                    "icds": [
                        257,
                        873,
                        0,
                        223
                    ],
                    "dist_red": 2081.0
                },
                {
                    "car_id": 913682080,
                    "n_reqs": 5,
                    "reqs_in_car": [
                        1390853239,
                        1193095413,
                        56398967,
                        246836914,
                        378530782
                    ],
                    "path": [
                        20,
                        31,
                        48,
                        48,
                        16,
                        41,
                        47,
                        8,
                        29,
                        55
                    ],
                    "reward": 2.51209,
                    "icds": [
                        550,
                        508,
                        3352,
                        0,
                        0
                    ],
                    "dist_red": 9212.0
                },
                {
                    "car_id": 1141888758,
                    "n_reqs": 5,
                    "reqs_in_car": [
                        549236801,
                        1977201536,
                        469364941,
                        219890706,
                        257973
                    ],
                    "path": [
                        36,
                        36,
                        41,
                        16,
                        59,
                        59,
                        45,
                        13,
                        0,
                        0
                    ],
                    "reward": 1.969,
                    "icds": [
                        280,
                        86,
                        1936,
                        0,
                        0
                    ],
                    "dist_red": 2178.0
                }
            ]
        },
        {
            "t": 3,
            "reqs": [
                {
                    "req_id": 1777104622,
                    "timesteps_left": 0,
                    "zone_from": 47,
                    "zone_to": 28
                },
                {
                    "req_id": 1958606968,
                    "timesteps_left": 0,
                    "zone_from": 20,
                    "zone_to": 28
                },
                {
                    "req_id": 1409549766,
                    "timesteps_left": 0,
                    "zone_from": 17,
                    "zone_to": 38
                },
                {
                    "req_id": 174680000,
                    "timesteps_left": 0,
                    "zone_from": 35,
                    "zone_to": 10
                },
                {
                    "req_id": 1322543529,
                    "timesteps_left": 0,
                    "zone_from": 37,
                    "zone_to": 62
                },
                {
                    "req_id": 1349317527,
                    "timesteps_left": 0,
                    "zone_from": 37,
                    "zone_to": 55
                },
                {
                    "req_id": 658878865,
                    "timesteps_left": 0,
                    "zone_from": 52,
                    "zone_to": 29
                },
                {
                    "req_id": 475280096,
                    "timesteps_left": 0,
                    "zone_from": 37,
                    "zone_to": 37
                },
                {
                    "req_id": 1490635026,
                    "timesteps_left": 0,
                    "zone_from": 27,
                    "zone_to": 53
                },
                {
                    "req_id": 1973361115,
                    "timesteps_left": 1,
                    "zone_from": 46,
                    "zone_to": 61
                },
                {
                    "req_id": 1258084279,
                    "timesteps_left": 1,
                    "zone_from": 18,
                    "zone_to": 47
                },
                {
                    "req_id": 363958631,
                    "timesteps_left": 1,
                    "zone_from": 53,
                    "zone_to": 41
                },
                {
                    "req_id": 1003206663,
                    "timesteps_left": 1,
                    "zone_from": 10,
                    "zone_to": 18
                },
                {
                    "req_id": 1212715619,
                    "timesteps_left": 1,
                    "zone_from": 8,
                    "zone_to": 5
                },
                {
                    "req_id": 306442470,
                    "timesteps_left": 1,
                    "zone_from": 54,
                    "zone_to": 54
                },
                {
                    "req_id": 2070613989,
                    "timesteps_left": 1,
                    "zone_from": 59,
                    "zone_to": 0
                },
                {
                    "req_id": 1564317934,
                    "timesteps_left": 1,
                    "zone_from": 52,
                    "zone_to": 28
                },
                {
                    "req_id": 417166084,
                    "timesteps_left": 1,
                    "zone_from": 36,
                    "zone_to": 41
                },
                {
                    "req_id": 194553754,
                    "timesteps_left": 1,
                    "zone_from": 46,
                    "zone_to": 16
                },
                {
                    "req_id": 196899166,
                    "timesteps_left": 1,
                    "zone_from": 27,
                    "zone_to": 61
                },
                {
                    "req_id": 1253187285,
                    "timesteps_left": 1,
                    "zone_from": 38,
                    "zone_to": 62
                },
                {
                    "req_id": 1143226807,
                    "timesteps_left": 1,
                    "zone_from": 20,
                    "zone_to": 46
                },
                {
                    "req_id": 318766689,
                    "timesteps_left": 1,
                    "zone_from": 60,
                    "zone_to": 13
                },
                {
                    "req_id": 489414340,
                    "timesteps_left": 1,
                    "zone_from": 54,
                    "zone_to": 8
                },
                {
                    "req_id": 528700461,
                    "timesteps_left": 1,
                    "zone_from": 52,
                    "zone_to": 28
                },
                {
                    "req_id": 1812566765,
                    "timesteps_left": 1,
                    "zone_from": 35,
                    "zone_to": 60
                },
                {
                    "req_id": 1937597390,
                    "timesteps_left": 1,
                    "zone_from": 5,
                    "zone_to": 55
                },
                {
                    "req_id": 1414962496,
                    "timesteps_left": 1,
                    "zone_from": 8,
                    "zone_to": 55
                },
                {
                    "req_id": 1994508451,
                    "timesteps_left": 1,
                    "zone_from": 53,
                    "zone_to": 12
                }
            ],
            "cars": [
                {
                    "car_id": 1680155928,
                    "n_reqs": 4,
                    "reqs_in_car": [
                        363958631,
                        417166084,
                        194553754,
                        1490635026
                    ],
                    "path": [
                        46,
                        27,
                        53,
                        53,
                        36,
                        41,
                        41,
                        16
                    ],
                    "reward": 1.73294,
                    "icds": [
                        247,
                        0,
                        1456,
                        0
                    ],
                    "dist_red": 2986.0
                },
                {
                    "car_id": 1150914599,
                    "n_reqs": 5,
                    "reqs_in_car": [
                        1958606968,
                        1143226807,
                        1777104622,
                        1258084279,
                        1409549766
                    ],
                    "path": [
                        20,
                        20,
                        18,
                        17,
                        47,
                        47,
                        38,
                        46,
                        28,
                        28
                    ],
                    "reward": 3.23665,
                    "icds": [
                        1970,
                        1832,
                        393,
                        477,
                        368
                    ],
                    "dist_red": 15088.0
                },
                {
                    "car_id": 1041804151,
                    "n_reqs": 5,
                    "reqs_in_car": [
                        2070613989,
                        318766689,
                        1003206663,
                        174680000,
                        1812566765
                    ],
                    "path": [
                        59,
                        35,
                        35,
                        60,
                        60,
                        10,
                        10,
                        18,
                        13,
                        0
                    ],
                    "reward": 2.09054,
                    "icds": [
                        2315,
                        1176,
                        0,
                        1257,
                        0
                    ],
                    "dist_red": 4240.0
                },
                {
                    "car_id": 1571065722,
                    "n_reqs": 5,
                    "reqs_in_car": [
                        1973361115,
                        196899166,
                        1322543529,
                        1253187285,
                        475280096
                    ],
                    "path": [
                        38,
                        37,
                        37,
                        37,
                        46,
                        27,
                        61,
                        61,
                        62,
                        62
                    ],
                    "reward": 2.90616,
                    "icds": [
                        107,
                        0,
                        464,
                        810,
                        0
                    ],
                    "dist_red": 5380.0
                },
                {
                    "car_id": 1686348380,
                    "n_reqs": 5,
                    "reqs_in_car": [
                        1349317527,
                        1414962496,
                        1212715619,
                        1994508451,
                        1937597390
                    ],
                    "path": [
                        8,
                        8,
                        37,
                        53,
                        5,
                        5,
                        12,
                        55,
                        55,
                        55
                    ],
                    "reward": 2.75364,
                    "icds": [
                        2339,
                        3635,
                        1148,
                        1435,
                        644
                    ],
                    "dist_red": 15779.0
                },
                {
                    "car_id": 1082190822,
                    "n_reqs": 5,
                    "reqs_in_car": [
                        1564317934,
                        1564317934,
                        658878865,
                        489414340,
                        306442470
                    ],
                    "path": [
                        54,
                        54,
                        54,
                        52,
                        52,
                        52,
                        28,
                        28,
                        29,
                        8
                    ],
                    "reward": 2.14794,
                    "icds": [
                        0,
                        0,
                        511,
                        1269,
                        0
                    ],
                    "dist_red": 2697.0
                }
            ]
        },
        {
            "t": 4,
            "reqs": [
                {
                    "req_id": 1695389779,
                    "timesteps_left": 1,
                    "zone_from": 26,
                    "zone_to": 37
                },
                {
                    "req_id": 2024432867,
                    "timesteps_left": 1,
                    "zone_from": 13,
                    "zone_to": 58
                },
                {
                    "req_id": 1654310020,
                    "timesteps_left": 1,
                    "zone_from": 61,
                    "zone_to": 52
                },
                {
                    "req_id": 618545574,
                    "timesteps_left": 1,
                    "zone_from": 36,
                    "zone_to": 6
                },
                {
                    "req_id": 1254043116,
                    "timesteps_left": 1,
                    "zone_from": 48,
                    "zone_to": 13
                },
                {
                    "req_id": 781162964,
                    "timesteps_left": 1,
                    "zone_from": 51,
                    "zone_to": 42
                },
                {
                    "req_id": 1842424111,
                    "timesteps_left": 1,
                    "zone_from": 59,
                    "zone_to": 58
                },
                {
                    "req_id": 322480430,
                    "timesteps_left": 1,
                    "zone_from": 62,
                    "zone_to": 27
                },
                {
                    "req_id": 2110878523,
                    "timesteps_left": 1,
                    "zone_from": 29,
                    "zone_to": 30
                },
                {
                    "req_id": 10527731,
                    "timesteps_left": 1,
                    "zone_from": 42,
                    "zone_to": 18
                },
                {
                    "req_id": 727693409,
                    "timesteps_left": 1,
                    "zone_from": 39,
                    "zone_to": 37
                },
                {
                    "req_id": 482935125,
                    "timesteps_left": 1,
                    "zone_from": 39,
                    "zone_to": 20
                },
                {
                    "req_id": 1714847321,
                    "timesteps_left": 1,
                    "zone_from": 42,
                    "zone_to": 59
                },
                {
                    "req_id": 1103386206,
                    "timesteps_left": 1,
                    "zone_from": 41,
                    "zone_to": 18
                },
                {
                    "req_id": 2137786070,
                    "timesteps_left": 1,
                    "zone_from": 39,
                    "zone_to": 37
                },
                {
                    "req_id": 801393962,
                    "timesteps_left": 1,
                    "zone_from": 42,
                    "zone_to": 46
                },
                {
                    "req_id": 1200158722,
                    "timesteps_left": 1,
                    "zone_from": 19,
                    "zone_to": 30
                },
                {
                    "req_id": 711308698,
                    "timesteps_left": 1,
                    "zone_from": 55,
                    "zone_to": 33
                },
                {
                    "req_id": 352362905,
                    "timesteps_left": 1,
                    "zone_from": 53,
                    "zone_to": 52
                },
                {
                    "req_id": 19050797,
                    "timesteps_left": 1,
                    "zone_from": 50,
                    "zone_to": 50
                }
            ],
            "cars": []
        },
        {
            "t": 5,
            "reqs": [
                {
                    "req_id": 1654310020,
                    "timesteps_left": 0,
                    "zone_from": 61,
                    "zone_to": 52
                },
                {
                    "req_id": 322480430,
                    "timesteps_left": 0,
                    "zone_from": 62,
                    "zone_to": 27
                },
                {
                    "req_id": 711308698,
                    "timesteps_left": 0,
                    "zone_from": 55,
                    "zone_to": 33
                },
                {
                    "req_id": 2024432867,
                    "timesteps_left": 0,
                    "zone_from": 13,
                    "zone_to": 58
                },
                {
                    "req_id": 1842424111,
                    "timesteps_left": 0,
                    "zone_from": 59,
                    "zone_to": 58
                },
                {
                    "req_id": 781162964,
                    "timesteps_left": 0,
                    "zone_from": 51,
                    "zone_to": 42
                },
                {
                    "req_id": 727693409,
                    "timesteps_left": 0,
                    "zone_from": 39,
                    "zone_to": 37
                },
                {
                    "req_id": 2137786070,
                    "timesteps_left": 0,
                    "zone_from": 39,
                    "zone_to": 37
                },
                {
                    "req_id": 1695389779,
                    "timesteps_left": 0,
                    "zone_from": 26,
                    "zone_to": 37
                },
                {
                    "req_id": 19050797,
                    "timesteps_left": 0,
                    "zone_from": 50,
                    "zone_to": 50
                },
                {
                    "req_id": 801393962,
                    "timesteps_left": 0,
                    "zone_from": 42,
                    "zone_to": 46
                },
                {
                    "req_id": 1200158722,
                    "timesteps_left": 0,
                    "zone_from": 19,
                    "zone_to": 30
                },
                {
                    "req_id": 618545574,
                    "timesteps_left": 0,
                    "zone_from": 36,
                    "zone_to": 6
                },
                {
                    "req_id": 2110878523,
                    "timesteps_left": 0,
                    "zone_from": 29,
                    "zone_to": 30
                },
                {
                    "req_id": 352362905,
                    "timesteps_left": 0,
                    "zone_from": 53,
                    "zone_to": 52
                },
                {
                    "req_id": 1254043116,
                    "timesteps_left": 0,
                    "zone_from": 48,
                    "zone_to": 13
                },
                {
                    "req_id": 10527731,
                    "timesteps_left": 0,
                    "zone_from": 42,
                    "zone_to": 18
                },
                {
                    "req_id": 1103386206,
                    "timesteps_left": 0,
                    "zone_from": 41,
                    "zone_to": 18
                },
                {
                    "req_id": 482935125,
                    "timesteps_left": 0,
                    "zone_from": 39,
                    "zone_to": 20
                },
                {
                    "req_id": 1714847321,
                    "timesteps_left": 0,
                    "zone_from": 42,
                    "zone_to": 59
                },
                {
                    "req_id": 526027807,
                    "timesteps_left": 1,
                    "zone_from": 36,
                    "zone_to": 37
                },
                {
                    "req_id": 205339722,
                    "timesteps_left": 1,
                    "zone_from": 6,
                    "zone_to": 54
                },
                {
                    "req_id": 250391199,
                    "timesteps_left": 1,
                    "zone_from": 37,
                    "zone_to": 56
                },
                {
                    "req_id": 1204128313,
                    "timesteps_left": 1,
                    "zone_from": 59,
                    "zone_to": 41
                },
                {
                    "req_id": 1130055195,
                    "timesteps_left": 1,
                    "zone_from": 8,
                    "zone_to": 28
                },
                {
                    "req_id": 1450883116,
                    "timesteps_left": 1,
                    "zone_from": 39,
                    "zone_to": 18
                },
                {
                    "req_id": 1906214293,
                    "timesteps_left": 1,
                    "zone_from": 32,
                    "zone_to": 14
                },
                {
                    "req_id": 1183727353,
                    "timesteps_left": 1,
                    "zone_from": 54,
                    "zone_to": 54
                },
                {
                    "req_id": 2047024328,
                    "timesteps_left": 1,
                    "zone_from": 51,
                    "zone_to": 53
                },
                {
                    "req_id": 1805582919,
                    "timesteps_left": 1,
                    "zone_from": 51,
                    "zone_to": 13
                },
                {
                    "req_id": 1485199670,
                    "timesteps_left": 1,
                    "zone_from": 38,
                    "zone_to": 8
                },
                {
                    "req_id": 342159997,
                    "timesteps_left": 1,
                    "zone_from": 29,
                    "zone_to": 36
                },
                {
                    "req_id": 972376657,
                    "timesteps_left": 1,
                    "zone_from": 38,
                    "zone_to": 53
                },
                {
                    "req_id": 881639429,
                    "timesteps_left": 1,
                    "zone_from": 19,
                    "zone_to": 0
                },
                {
                    "req_id": 275788889,
                    "timesteps_left": 1,
                    "zone_from": 32,
                    "zone_to": 42
                },
                {
                    "req_id": 725447570,
                    "timesteps_left": 1,
                    "zone_from": 29,
                    "zone_to": 54
                },
                {
                    "req_id": 548343976,
                    "timesteps_left": 1,
                    "zone_from": 26,
                    "zone_to": 27
                },
                {
                    "req_id": 1679441518,
                    "timesteps_left": 1,
                    "zone_from": 36,
                    "zone_to": 39
                },
                {
                    "req_id": 1992655258,
                    "timesteps_left": 1,
                    "zone_from": 42,
                    "zone_to": 13
                },
                {
                    "req_id": 1856426111,
                    "timesteps_left": 1,
                    "zone_from": 62,
                    "zone_to": 11
                }
            ],
            "cars": [
                {
                    "car_id": 1928713912,
                    "n_reqs": 5,
                    "reqs_in_car": [
                        250391199,
                        1856426111,
                        352362905,
                        322480430,
                        1654310020
                    ],
                    "path": [
                        37,
                        62,
                        62,
                        61,
                        27,
                        53,
                        52,
                        52,
                        11,
                        56
                    ],
                    "reward": 1.82742,
                    "icds": [
                        2387,
                        1398,
                        0,
                        59,
                        837
                    ],
                    "dist_red": 3561.0
                },
                {
                    "car_id": 245354242,
                    "n_reqs": 5,
                    "reqs_in_car": [
                        205339722,
                        725447570,
                        1183727353,
                        2110878523,
                        711308698
                    ],
                    "path": [
                        29,
                        29,
                        30,
                        55,
                        6,
                        33,
                        54,
                        54,
                        54,
                        54
                    ],
                    "reward": 1.9469,
                    "icds": [
                        188,
                        853,
                        0,
                        0,
                        186
                    ],
                    "dist_red": 1114.0
                },
                {
                    "car_id": 315969437,
                    "n_reqs": 5,
                    "reqs_in_car": [
                        2024432867,
                        1842424111,
                        1204128313,
                        881639429,
                        1200158722
                    ],
                    "path": [
                        59,
                        59,
                        19,
                        19,
                        13,
                        0,
                        41,
                        30,
                        58,
                        58
                    ],
                    "reward": 2.48128,
                    "icds": [
                        1337,
                        3045,
                        829,
                        73,
                        1259
                    ],
                    "dist_red": 7157.0
                },
                {
                    "car_id": 831796216,
                    "n_reqs": 5,
                    "reqs_in_car": [
                        801393962,
                        2047024328,
                        781162964,
                        19050797,
                        548343976
                    ],
                    "path": [
                        51,
                        51,
                        42,
                        42,
                        26,
                        50,
                        50,
                        46,
                        27,
                        53
                    ],
                    "reward": 2.63883,
                    "icds": [
                        516,
                        1571,
                        0,
                        0,
                        550
                    ],
                    "dist_red": 6040.0
                },
                {
                    "car_id": 2047579320,
                    "n_reqs": 5,
                    "reqs_in_car": [
                        727693409,
                        727693409,
                        1695389779,
                        526027807,
                        1679441518
                    ],
                    "path": [
                        36,
                        36,
                        39,
                        39,
                        39,
                        26,
                        37,
                        37,
                        37,
                        37
                    ],
                    "reward": 2.83136,
                    "icds": [
                        409,
                        409,
                        0,
                        1033,
                        0
                    ],
                    "dist_red": 3864.0
                },
                {
                    "car_id": 833253290,
                    "n_reqs": 5,
                    "reqs_in_car": [
                        618545574,
                        1130055195,
                        972376657,
                        1485199670,
                        342159997
                    ],
                    "path": [
                        38,
                        38,
                        29,
                        8,
                        8,
                        36,
                        36,
                        6,
                        28,
                        53
                    ],
                    "reward": 2.28623,
                    "icds": [
                        0,
                        373,
                        2089,
                        420,
                        254
                    ],
                    "dist_red": 3194.0
                },
                {
                    "car_id": 1798809624,
                    "n_reqs": 5,
                    "reqs_in_car": [
                        1254043116,
                        1805582919,
                        1992655258,
                        275788889,
                        1906214293
                    ],
                    "path": [
                        48,
                        32,
                        32,
                        14,
                        42,
                        42,
                        51,
                        13,
                        13,
                        13
                    ],
                    "reward": 2.52009,
                    "icds": [
                        3253,
                        0,
                        228,
                        723,
                        0
                    ],
                    "dist_red": 8446.0
                },
                {
                    "car_id": 978410665,
                    "n_reqs": 5,
                    "reqs_in_car": [
                        482935125,
                        1450883116,
                        10527731,
                        1714847321,
                        1103386206
                    ],
                    "path": [
                        42,
                        42,
                        39,
                        39,
                        41,
                        18,
                        18,
                        18,
                        20,
                        59
                    ],
                    "reward": 2.37415,
                    "icds": [
                        605,
                        379,
                        751,
                        1889,
                        0
                    ],
                    "dist_red": 3282.0
                }
            ]
        },
        {
            "t": 6,
            "reqs": [
                {
                    "req_id": 933280606,
                    "timesteps_left": 1,
                    "zone_from": 28,
                    "zone_to": 27
                },
                {
                    "req_id": 1322417683,
                    "timesteps_left": 1,
                    "zone_from": 20,
                    "zone_to": 52
                },
                {
                    "req_id": 41618354,
                    "timesteps_left": 1,
                    "zone_from": 52,
                    "zone_to": 28
                },
                {
                    "req_id": 865784825,
                    "timesteps_left": 1,
                    "zone_from": 13,
                    "zone_to": 31
                },
                {
                    "req_id": 1691616643,
                    "timesteps_left": 1,
                    "zone_from": 10,
                    "zone_to": 59
                },
                {
                    "req_id": 1084878465,
                    "timesteps_left": 1,
                    "zone_from": 14,
                    "zone_to": 35
                },
                {
                    "req_id": 1652474340,
                    "timesteps_left": 1,
                    "zone_from": 18,
                    "zone_to": 27
                },
                {
                    "req_id": 1726216931,
                    "timesteps_left": 1,
                    "zone_from": 53,
                    "zone_to": 51
                },
                {
                    "req_id": 327684517,
                    "timesteps_left": 1,
                    "zone_from": 42,
                    "zone_to": 44
                },
                {
                    "req_id": 529843334,
                    "timesteps_left": 1,
                    "zone_from": 36,
                    "zone_to": 15
                },
                {
                    "req_id": 2105408892,
                    "timesteps_left": 1,
                    "zone_from": 6,
                    "zone_to": 11
                },
                {
                    "req_id": 1034341484,
                    "timesteps_left": 1,
                    "zone_from": 49,
                    "zone_to": 13
                },
                {
                    "req_id": 504443466,
                    "timesteps_left": 1,
                    "zone_from": 59,
                    "zone_to": 28
                },
                {
                    "req_id": 502931848,
                    "timesteps_left": 1,
                    "zone_from": 48,
                    "zone_to": 20
                },
                {
                    "req_id": 1064716234,
                    "timesteps_left": 1,
                    "zone_from": 47,
                    "zone_to": 53
                },
                {
                    "req_id": 565168416,
                    "timesteps_left": 1,
                    "zone_from": 54,
                    "zone_to": 35
                },
                {
                    "req_id": 1352666017,
                    "timesteps_left": 1,
                    "zone_from": 51,
                    "zone_to": 50
                },
                {
                    "req_id": 245183650,
                    "timesteps_left": 1,
                    "zone_from": 10,
                    "zone_to": 16
                },
                {
                    "req_id": 331013636,
                    "timesteps_left": 1,
                    "zone_from": 59,
                    "zone_to": 16
                },
                {
                    "req_id": 1090565175,
                    "timesteps_left": 1,
                    "zone_from": 48,
                    "zone_to": 18
                }
            ],
            "cars": []
        },
        {
            "t": 7,
            "reqs": [
                {
                    "req_id": 1034341484,
                    "timesteps_left": 0,
                    "zone_from": 49,
                    "zone_to": 13
                },
                {
                    "req_id": 1322417683,
                    "timesteps_left": 0,
                    "zone_from": 20,
                    "zone_to": 52
                },
                {
                    "req_id": 1064716234,
                    "timesteps_left": 0,
                    "zone_from": 47,
                    "zone_to": 53
                },
                {
                    "req_id": 2105408892,
                    "timesteps_left": 0,
                    "zone_from": 6,
                    "zone_to": 11
                },
                {
                    "req_id": 41618354,
                    "timesteps_left": 0,
                    "zone_from": 52,
                    "zone_to": 28
                },
                {
                    "req_id": 1652474340,
                    "timesteps_left": 0,
                    "zone_from": 18,
                    "zone_to": 27
                },
                {
                    "req_id": 504443466,
                    "timesteps_left": 0,
                    "zone_from": 59,
                    "zone_to": 28
                },
                {
                    "req_id": 933280606,
                    "timesteps_left": 0,
                    "zone_from": 28,
                    "zone_to": 27
                },
                {
                    "req_id": 331013636,
                    "timesteps_left": 0,
                    "zone_from": 59,
                    "zone_to": 16
                },
                {
                    "req_id": 1352666017,
                    "timesteps_left": 0,
                    "zone_from": 51,
                    "zone_to": 50
                },
                {
                    "req_id": 865784825,
                    "timesteps_left": 0,
                    "zone_from": 13,
                    "zone_to": 31
                },
                {
                    "req_id": 529843334,
                    "timesteps_left": 0,
                    "zone_from": 36,
                    "zone_to": 15
                },
                {
                    "req_id": 1726216931,
                    "timesteps_left": 0,
                    "zone_from": 53,
                    "zone_to": 51
                },
                {
                    "req_id": 1084878465,
                    "timesteps_left": 0,
                    "zone_from": 14,
                    "zone_to": 35
                },
                {
                    "req_id": 565168416,
                    "timesteps_left": 0,
                    "zone_from": 54,
                    "zone_to": 35
                },
                {
                    "req_id": 1691616643,
                    "timesteps_left": 0,
                    "zone_from": 10,
                    "zone_to": 59
                },
                {
                    "req_id": 245183650,
                    "timesteps_left": 0,
                    "zone_from": 10,
                    "zone_to": 16
                },
                {
                    "req_id": 327684517,
                    "timesteps_left": 0,
                    "zone_from": 42,
                    "zone_to": 44
                },
                {
                    "req_id": 1090565175,
                    "timesteps_left": 0,
                    "zone_from": 48,
                    "zone_to": 18
                },
                {
                    "req_id": 502931848,
                    "timesteps_left": 0,
                    "zone_from": 48,
                    "zone_to": 20
                },
                {
                    "req_id": 1926299911,
                    "timesteps_left": 1,
                    "zone_from": 18,
                    "zone_to": 13
                },
                {
                    "req_id": 1652860077,
                    "timesteps_left": 1,
                    "zone_from": 59,
                    "zone_to": 10
                },
                {
                    "req_id": 966484523,
                    "timesteps_left": 1,
                    "zone_from": 18,
                    "zone_to": 16
                },
                {
                    "req_id": 492385165,
                    "timesteps_left": 1,
                    "zone_from": 8,
                    "zone_to": 37
                },
                {
                    "req_id": 1984272059,
                    "timesteps_left": 1,
                    "zone_from": 46,
                    "zone_to": 13
                },
                {
                    "req_id": 1548975125,
                    "timesteps_left": 1,
                    "zone_from": 13,
                    "zone_to": 7
                },
                {
                    "req_id": 1670953612,
                    "timesteps_left": 1,
                    "zone_from": 59,
                    "zone_to": 48
                },
                {
                    "req_id": 181253087,
                    "timesteps_left": 1,
                    "zone_from": 32,
                    "zone_to": 62
                },
                {
                    "req_id": 1250879103,
                    "timesteps_left": 1,
                    "zone_from": 18,
                    "zone_to": 52
                },
                {
                    "req_id": 716233615,
                    "timesteps_left": 1,
                    "zone_from": 18,
                    "zone_to": 50
                },
                {
                    "req_id": 1850634582,
                    "timesteps_left": 1,
                    "zone_from": 35,
                    "zone_to": 13
                },
                {
                    "req_id": 1457502434,
                    "timesteps_left": 1,
                    "zone_from": 46,
                    "zone_to": 62
                },
                {
                    "req_id": 306230330,
                    "timesteps_left": 1,
                    "zone_from": 35,
                    "zone_to": 13
                },
                {
                    "req_id": 74329705,
                    "timesteps_left": 1,
                    "zone_from": 19,
                    "zone_to": 28
                },
                {
                    "req_id": 1877878031,
                    "timesteps_left": 1,
                    "zone_from": 47,
                    "zone_to": 47
                },
                {
                    "req_id": 1379936969,
                    "timesteps_left": 1,
                    "zone_from": 54,
                    "zone_to": 55
                },
                {
                    "req_id": 1867314627,
                    "timesteps_left": 1,
                    "zone_from": 47,
                    "zone_to": 37
                },
                {
                    "req_id": 1195200015,
                    "timesteps_left": 1,
                    "zone_from": 18,
                    "zone_to": 39
                },
                {
                    "req_id": 1454041634,
                    "timesteps_left": 1,
                    "zone_from": 54,
                    "zone_to": 52
                },
                {
                    "req_id": 1290713494,
                    "timesteps_left": 1,
                    "zone_from": 18,
                    "zone_to": 12
                }
            ],
            "cars": [
                {
                    "car_id": 1667130070,
                    "n_reqs": 2,
                    "reqs_in_car": [
                        865784825,
                        1548975125
                    ],
                    "path": [
                        13,
                        13,
                        31,
                        7
                    ],
                    "reward": 0.859487,
                    "icds": [
                        0,
                        233
                    ],
                    "dist_red": 2052.0
                },
                {
                    "car_id": 1570921916,
                    "n_reqs": 3,
                    "reqs_in_car": [
                        492385165,
                        1867314627,
                        1064716234
                    ],
                    "path": [
                        47,
                        47,
                        8,
                        37,
                        37,
                        53
                    ],
                    "reward": 1.4164,
                    "icds": [
                        0,
                        249,
                        723
                    ],
                    "dist_red": 2777.0
                },
                {
                    "car_id": 1657668155,
                    "n_reqs": 5,
                    "reqs_in_car": [
                        1090565175,
                        502931848,
                        1926299911,
                        1034341484,
                        1084878465
                    ],
                    "path": [
                        49,
                        14,
                        48,
                        48,
                        20,
                        35,
                        18,
                        18,
                        13,
                        13
                    ],
                    "reward": 2.34613,
                    "icds": [
                        1304,
                        0,
                        0,
                        3072,
                        922
                    ],
                    "dist_red": 5233.0
                },
                {
                    "car_id": 1611431562,
                    "n_reqs": 5,
                    "reqs_in_car": [
                        1322417683,
                        1250879103,
                        966484523,
                        1195200015,
                        74329705
                    ],
                    "path": [
                        20,
                        19,
                        18,
                        18,
                        18,
                        16,
                        39,
                        28,
                        52,
                        52
                    ],
                    "reward": 3.51451,
                    "icds": [
                        1448,
                        1312,
                        0,
                        407,
                        1049
                    ],
                    "dist_red": 19965.0
                },
                {
                    "car_id": 856101517,
                    "n_reqs": 5,
                    "reqs_in_car": [
                        181253087,
                        1457502434,
                        1290713494,
                        2105408892,
                        1984272059
                    ],
                    "path": [
                        46,
                        46,
                        32,
                        13,
                        18,
                        6,
                        11,
                        12,
                        62,
                        62
                    ],
                    "reward": 2.33224,
                    "icds": [
                        2395,
                        3508,
                        1186,
                        0,
                        339
                    ],
                    "dist_red": 9104.0
                },
                {
                    "car_id": 736331769,
                    "n_reqs": 5,
                    "reqs_in_car": [
                        1726216931,
                        565168416,
                        1454041634,
                        41618354,
                        1379936969
                    ],
                    "path": [
                        54,
                        54,
                        54,
                        55,
                        52,
                        52,
                        28,
                        53,
                        51,
                        35
                    ],
                    "reward": 2.43671,
                    "icds": [
                        0,
                        2365,
                        430,
                        0,
                        0
                    ],
                    "dist_red": 6280.0
                },
                {
                    "car_id": 1647460177,
                    "n_reqs": 5,
                    "reqs_in_car": [
                        1352666017,
                        716233615,
                        504443466,
                        1652474340,
                        933280606
                    ],
                    "path": [
                        59,
                        51,
                        18,
                        18,
                        50,
                        50,
                        28,
                        27,
                        27,
                        28
                    ],
                    "reward": 3.04647,
                    "icds": [
                        0,
                        0,
                        794,
                        891,
                        0
                    ],
                    "dist_red": 9991.0
                },
                {
                    "car_id": 633052062,
                    "n_reqs": 5,
                    "reqs_in_car": [
                        1850634582,
                        1850634582,
                        245183650,
                        1652860077,
                        331013636
                    ],
                    "path": [
                        35,
                        35,
                        59,
                        59,
                        10,
                        10,
                        16,
                        16,
                        13,
                        13
                    ],
                    "reward": 2.75728,
                    "icds": [
                        1112,
                        1112,
                        0,
                        0,
                        446
                    ],
                    "dist_red": 5676.0
                },
                {
                    "car_id": 1507921427,
                    "n_reqs": 5,
                    "reqs_in_car": [
                        529843334,
                        1670953612,
                        327684517,
                        1877878031,
                        1691616643
                    ],
                    "path": [
                        36,
                        47,
                        47,
                        42,
                        10,
                        59,
                        59,
                        44,
                        48,
                        15
                    ],
                    "reward": 2.76438,
                    "icds": [
                        1882,
                        249,
                        518,
                        0,
                        0
                    ],
                    "dist_red": 7264.0
                }
            ]
        },
        {
            "t": 8,
            "reqs": [
                {
                    "req_id": 1725610998,
                    "timesteps_left": 1,
                    "zone_from": 10,
                    "zone_to": 50
                },
                {
                    "req_id": 2056811355,
                    "timesteps_left": 1,
                    "zone_from": 18,
                    "zone_to": 49
                },
                {
                    "req_id": 1988655859,
                    "timesteps_left": 1,
                    "zone_from": 32,
                    "zone_to": 49
                },
                {
                    "req_id": 1430709273,
                    "timesteps_left": 1,
                    "zone_from": 20,
                    "zone_to": 13
                },
                {
                    "req_id": 501434457,
                    "timesteps_left": 1,
                    "zone_from": 8,
                    "zone_to": 38
                },
                {
                    "req_id": 846583121,
                    "timesteps_left": 1,
                    "zone_from": 29,
                    "zone_to": 10
                },
                {
                    "req_id": 865716794,
                    "timesteps_left": 1,
                    "zone_from": 59,
                    "zone_to": 32
                },
                {
                    "req_id": 1985284822,
                    "timesteps_left": 1,
                    "zone_from": 38,
                    "zone_to": 55
                },
                {
                    "req_id": 1579467574,
                    "timesteps_left": 1,
                    "zone_from": 8,
                    "zone_to": 58
                },
                {
                    "req_id": 55613436,
                    "timesteps_left": 1,
                    "zone_from": 29,
                    "zone_to": 16
                },
                {
                    "req_id": 888938266,
                    "timesteps_left": 1,
                    "zone_from": 6,
                    "zone_to": 53
                },
                {
                    "req_id": 1828822694,
                    "timesteps_left": 1,
                    "zone_from": 10,
                    "zone_to": 14
                },
                {
                    "req_id": 1219101404,
                    "timesteps_left": 1,
                    "zone_from": 37,
                    "zone_to": 12
                },
                {
                    "req_id": 310587760,
                    "timesteps_left": 1,
                    "zone_from": 62,
                    "zone_to": 8
                },
                {
                    "req_id": 194949891,
                    "timesteps_left": 1,
                    "zone_from": 18,
                    "zone_to": 18
                },
                {
                    "req_id": 1403212017,
                    "timesteps_left": 1,
                    "zone_from": 47,
                    "zone_to": 13
                },
                {
                    "req_id": 2069337615,
                    "timesteps_left": 1,
                    "zone_from": 8,
                    "zone_to": 47
                },
                {
                    "req_id": 2001576566,
                    "timesteps_left": 1,
                    "zone_from": 60,
                    "zone_to": 52
                },
                {
                    "req_id": 842143342,
                    "timesteps_left": 1,
                    "zone_from": 41,
                    "zone_to": 30
                },
                {
                    "req_id": 901585825,
                    "timesteps_left": 1,
                    "zone_from": 8,
                    "zone_to": 37
                }
            ],
            "cars": []
        },
        {
            "t": 9,
            "reqs": [
                {
                    "req_id": 1725610998,
                    "timesteps_left": 0,
                    "zone_from": 10,
                    "zone_to": 50
                },
                {
                    "req_id": 2001576566,
                    "timesteps_left": 0,
                    "zone_from": 60,
                    "zone_to": 52
                },
                {
                    "req_id": 1219101404,
                    "timesteps_left": 0,
                    "zone_from": 37,
                    "zone_to": 12
                },
                {
                    "req_id": 1985284822,
                    "timesteps_left": 0,
                    "zone_from": 38,
                    "zone_to": 55
                },
                {
                    "req_id": 842143342,
                    "timesteps_left": 0,
                    "zone_from": 41,
                    "zone_to": 30
                },
                {
                    "req_id": 2056811355,
                    "timesteps_left": 0,
                    "zone_from": 18,
                    "zone_to": 49
                },
                {
                    "req_id": 1828822694,
                    "timesteps_left": 0,
                    "zone_from": 10,
                    "zone_to": 14
                },
                {
                    "req_id": 1988655859,
                    "timesteps_left": 0,
                    "zone_from": 32,
                    "zone_to": 49
                },
                {
                    "req_id": 865716794,
                    "timesteps_left": 0,
                    "zone_from": 59,
                    "zone_to": 32
                },
                {
                    "req_id": 194949891,
                    "timesteps_left": 0,
                    "zone_from": 18,
                    "zone_to": 18
                },
                {
                    "req_id": 846583121,
                    "timesteps_left": 0,
                    "zone_from": 29,
                    "zone_to": 10
                },
                {
                    "req_id": 55613436,
                    "timesteps_left": 0,
                    "zone_from": 29,
                    "zone_to": 16
                },
                {
                    "req_id": 1403212017,
                    "timesteps_left": 0,
                    "zone_from": 47,
                    "zone_to": 13
                },
                {
                    "req_id": 1579467574,
                    "timesteps_left": 0,
                    "zone_from": 8,
                    "zone_to": 58
                },
                {
                    "req_id": 1430709273,
                    "timesteps_left": 0,
                    "zone_from": 20,
                    "zone_to": 13
                },
                {
                    "req_id": 888938266,
                    "timesteps_left": 0,
                    "zone_from": 6,
                    "zone_to": 53
                },
                {
                    "req_id": 310587760,
                    "timesteps_left": 0,
                    "zone_from": 62,
                    "zone_to": 8
                },
                {
                    "req_id": 2069337615,
                    "timesteps_left": 0,
                    "zone_from": 8,
                    "zone_to": 47
                },
                {
                    "req_id": 901585825,
                    "timesteps_left": 0,
                    "zone_from": 8,
                    "zone_to": 37
                },
                {
                    "req_id": 501434457,
                    "timesteps_left": 0,
                    "zone_from": 8,
                    "zone_to": 38
                },
                {
                    "req_id": 11718578,
                    "timesteps_left": 1,
                    "zone_from": 20,
                    "zone_to": 10
                },
                {
                    "req_id": 1009555764,
                    "timesteps_left": 1,
                    "zone_from": 41,
                    "zone_to": 18
                },
                {
                    "req_id": 986570146,
                    "timesteps_left": 1,
                    "zone_from": 13,
                    "zone_to": 61
                },
                {
                    "req_id": 895945663,
                    "timesteps_left": 1,
                    "zone_from": 29,
                    "zone_to": 62
                },
                {
                    "req_id": 699369355,
                    "timesteps_left": 1,
                    "zone_from": 46,
                    "zone_to": 26
                },
                {
                    "req_id": 1178426545,
                    "timesteps_left": 1,
                    "zone_from": 17,
                    "zone_to": 62
                },
                {
                    "req_id": 841908277,
                    "timesteps_left": 1,
                    "zone_from": 41,
                    "zone_to": 62
                },
                {
                    "req_id": 1257402004,
                    "timesteps_left": 1,
                    "zone_from": 42,
                    "zone_to": 23
                },
                {
                    "req_id": 654851320,
                    "timesteps_left": 1,
                    "zone_from": 59,
                    "zone_to": 59
                },
                {
                    "req_id": 1040332106,
                    "timesteps_left": 1,
                    "zone_from": 62,
                    "zone_to": 18
                },
                {
                    "req_id": 484722862,
                    "timesteps_left": 1,
                    "zone_from": 19,
                    "zone_to": 20
                },
                {
                    "req_id": 1449377739,
                    "timesteps_left": 1,
                    "zone_from": 10,
                    "zone_to": 35
                },
                {
                    "req_id": 200641151,
                    "timesteps_left": 1,
                    "zone_from": 8,
                    "zone_to": 51
                },
                {
                    "req_id": 1648648147,
                    "timesteps_left": 1,
                    "zone_from": 52,
                    "zone_to": 52
                },
                {
                    "req_id": 880005015,
                    "timesteps_left": 1,
                    "zone_from": 38,
                    "zone_to": 32
                },
                {
                    "req_id": 600970815,
                    "timesteps_left": 1,
                    "zone_from": 0,
                    "zone_to": 41
                },
                {
                    "req_id": 1202483396,
                    "timesteps_left": 1,
                    "zone_from": 47,
                    "zone_to": 16
                },
                {
                    "req_id": 1957540091,
                    "timesteps_left": 1,
                    "zone_from": 46,
                    "zone_to": 10
                },
                {
                    "req_id": 1980410689,
                    "timesteps_left": 1,
                    "zone_from": 39,
                    "zone_to": 36
                },
                {
                    "req_id": 905442788,
                    "timesteps_left": 1,
                    "zone_from": 13,
                    "zone_to": 13
                }
            ],
            "cars": [
                {
                    "car_id": 757937679,
                    "n_reqs": 5,
                    "reqs_in_car": [
                        1725610998,
                        2001576566,
                        1980410689,
                        11718578,
                        654851320
                    ],
                    "path": [
                        60,
                        20,
                        59,
                        59,
                        10,
                        10,
                        39,
                        50,
                        36,
                        52
                    ],
                    "reward": 2.60329,
                    "icds": [
                        138,
                        3223,
                        521,
                        175,
                        0
                    ],
                    "dist_red": 9615.0
                },
                {
                    "car_id": 1276002413,
                    "n_reqs": 5,
                    "reqs_in_car": [
                        895945663,
                        1178426545,
                        1985284822,
                        842143342,
                        1219101404
                    ],
                    "path": [
                        37,
                        41,
                        17,
                        38,
                        29,
                        30,
                        55,
                        62,
                        62,
                        12
                    ],
                    "reward": 2.84963,
                    "icds": [
                        529,
                        1201,
                        294,
                        726,
                        2955
                    ],
                    "dist_red": 11410.0
                },
                {
                    "car_id": 2012257749,
                    "n_reqs": 5,
                    "reqs_in_car": [
                        2056811355,
                        484722862,
                        1988655859,
                        1828822694,
                        1449377739
                    ],
                    "path": [
                        10,
                        10,
                        35,
                        19,
                        18,
                        20,
                        32,
                        49,
                        49,
                        14
                    ],
                    "reward": 2.33203,
                    "icds": [
                        1108,
                        607,
                        0,
                        2541,
                        0
                    ],
                    "dist_red": 5212.0
                },
                {
                    "car_id": 1130801173,
                    "n_reqs": 5,
                    "reqs_in_car": [
                        865716794,
                        880005015,
                        1403212017,
                        1430709273,
                        1257402004
                    ],
                    "path": [
                        38,
                        47,
                        42,
                        59,
                        23,
                        20,
                        13,
                        13,
                        32,
                        32
                    ],
                    "reward": 2.74508,
                    "icds": [
                        768,
                        2468,
                        1191,
                        0,
                        269
                    ],
                    "dist_red": 9503.0
                },
                {
                    "car_id": 758150302,
                    "n_reqs": 5,
                    "reqs_in_car": [
                        310587760,
                        1040332106,
                        1957540091,
                        888938266,
                        194949891
                    ],
                    "path": [
                        62,
                        62,
                        6,
                        53,
                        46,
                        8,
                        10,
                        18,
                        18,
                        18
                    ],
                    "reward": 2.71094,
                    "icds": [
                        887,
                        2180,
                        65,
                        0,
                        0
                    ],
                    "dist_red": 7256.0
                },
                {
                    "car_id": 34960366,
                    "n_reqs": 5,
                    "reqs_in_car": [
                        846583121,
                        55613436,
                        1579467574,
                        2069337615,
                        1202483396
                    ],
                    "path": [
                        29,
                        29,
                        8,
                        8,
                        47,
                        47,
                        58,
                        10,
                        16,
                        16
                    ],
                    "reward": 2.81897,
                    "icds": [
                        929,
                        935,
                        673,
                        0,
                        507
                    ],
                    "dist_red": 6241.0
                },
                {
                    "car_id": 2122466439,
                    "n_reqs": 5,
                    "reqs_in_car": [
                        901585825,
                        501434457,
                        200641151,
                        1009555764,
                        699369355
                    ],
                    "path": [
                        8,
                        8,
                        8,
                        38,
                        46,
                        37,
                        41,
                        26,
                        18,
                        51
                    ],
                    "reward": 2.31699,
                    "icds": [
                        645,
                        0,
                        1661,
                        107,
                        414
                    ],
                    "dist_red": 3532.0
                },
                {
                    "car_id": 179275875,
                    "n_reqs": 5,
                    "reqs_in_car": [
                        986570146,
                        841908277,
                        600970815,
                        1648648147,
                        905442788
                    ],
                    "path": [
                        13,
                        13,
                        13,
                        0,
                        41,
                        41,
                        52,
                        52,
                        62,
                        61
                    ],
                    "reward": 3.00425,
                    "icds": [
                        1377,
                        505,
                        0,
                        0,
                        0
                    ],
                    "dist_red": 9043.0
                }
            ]
        }
    ],
    "serv_rate": 100.0,
    "n_cars": 42,
    "avg_occ": 1.7523809523809524,
    "dist_red": 298.315,
    "dist_red_perc": 7,
    "trip_red": 158,
    "trip_red_perc": 15,
    "kg_co2_red": 38,
    "icd_mean": 145
}