{
    "timesteps": [
        {
            "t": 0,
            "reqs": [
                {
                    "req_id": 491534156,
                    "timesteps_left": 1,
                    "zone_from": 19,
                    "zone_to": 18
                },
                {
                    "req_id": 784077147,
                    "timesteps_left": 1,
                    "zone_from": 62,
                    "zone_to": 38
                },
                {
                    "req_id": 2035363689,
                    "timesteps_left": 1,
                    "zone_from": 51,
                    "zone_to": 49
                },
                {
                    "req_id": 1211721368,
                    "timesteps_left": 1,
                    "zone_from": 12,
                    "zone_to": 51
                },
                {
                    "req_id": 1934249453,
                    "timesteps_left": 1,
                    "zone_from": 51,
                    "zone_to": 62
                },
                {
                    "req_id": 8141339,
                    "timesteps_left": 1,
                    "zone_from": 48,
                    "zone_to": 43
                },
                {
                    "req_id": 1987436367,
                    "timesteps_left": 1,
                    "zone_from": 23,
                    "zone_to": 2
                },
                {
                    "req_id": 1858547994,
                    "timesteps_left": 1,
                    "zone_from": 18,
                    "zone_to": 41
                },
                {
                    "req_id": 177518288,
                    "timesteps_left": 1,
                    "zone_from": 30,
                    "zone_to": 18
                },
                {
                    "req_id": 2028829356,
                    "timesteps_left": 1,
                    "zone_from": 54,
                    "zone_to": 30
                }
            ],
            "cars": []
        },
        {
            "t": 1,
            "reqs": [
                {
                    "req_id": 1934249453,
                    "timesteps_left": 0,
                    "zone_from": 51,
                    "zone_to": 62
                },
                {
                    "req_id": 1858547994,
                    "timesteps_left": 0,
                    "zone_from": 18,
                    "zone_to": 41
                },
                {
                    "req_id": 491534156,
                    "timesteps_left": 0,
                    "zone_from": 19,
                    "zone_to": 18
                },
                {
                    "req_id": 2035363689,
                    "timesteps_left": 0,
                    "zone_from": 51,
                    "zone_to": 49
                },
                {
                    "req_id": 8141339,
                    "timesteps_left": 0,
                    "zone_from": 48,
                    "zone_to": 43
                },
                {
                    "req_id": 1987436367,
                    "timesteps_left": 0,
                    "zone_from": 23,
                    "zone_to": 2
                },
                {
                    "req_id": 1211721368,
                    "timesteps_left": 0,
                    "zone_from": 12,
                    "zone_to": 51
                },
                {
                    "req_id": 2028829356,
                    "timesteps_left": 0,
                    "zone_from": 54,
                    "zone_to": 30
                },
                {
                    "req_id": 784077147,
                    "timesteps_left": 0,
                    "zone_from": 62,
                    "zone_to": 38
                },
                {
                    "req_id": 177518288,
                    "timesteps_left": 0,
                    "zone_from": 30,
                    "zone_to": 18
                },
                {
                    "req_id": 1291907131,
                    "timesteps_left": 1,
                    "zone_from": 31,
                    "zone_to": 43
                },
                {
                    "req_id": 1069419225,
                    "timesteps_left": 1,
                    "zone_from": 33,
                    "zone_to": 50
                },
                {
                    "req_id": 158776361,
                    "timesteps_left": 1,
                    "zone_from": 55,
                    "zone_to": 62
                },
                {
                    "req_id": 1402329448,
                    "timesteps_left": 1,
                    "zone_from": 37,
                    "zone_to": 11
                },
                {
                    "req_id": 1782826391,
                    "timesteps_left": 1,
                    "zone_from": 13,
                    "zone_to": 26
                },
                {
                    "req_id": 1447828345,
                    "timesteps_left": 1,
                    "zone_from": 8,
                    "zone_to": 28
                },
                {
                    "req_id": 640242218,
                    "timesteps_left": 1,
                    "zone_from": 39,
                    "zone_to": 38
                },
                {
                    "req_id": 445801425,
                    "timesteps_left": 1,
                    "zone_from": 32,
                    "zone_to": 16
                },
                {
                    "req_id": 142579934,
                    "timesteps_left": 1,
                    "zone_from": 59,
                    "zone_to": 41
                },
                {
                    "req_id": 1729280419,
                    "timesteps_left": 1,
                    "zone_from": 13,
                    "zone_to": 45
                }
            ],
            "cars": [
                {
                    "car_id": 856258491,
                    "n_reqs": 3,
                    "reqs_in_car": [
                        1858547994,
                        142579934,
                        491534156
                    ],
                    "path": [
                        59,
                        19,
                        18,
                        18,
                        41,
                        41
                    ],
                    "reward": 1.42732,
                    "icds": [
                        0,
                        164,
                        0
                    ],
                    "dist_red": 2517.0
                },
                {
                    "car_id": 1681568048,
                    "n_reqs": 4,
                    "reqs_in_car": [
                        8141339,
                        1291907131,
                        2035363689,
                        1987436367
                    ],
                    "path": [
                        51,
                        23,
                        2,
                        48,
                        31,
                        43,
                        43,
                        49
                    ],
                    "reward": 0.538002,
                    "icds": [
                        652,
                        0,
                        1792,
                        0
                    ],
                    "dist_red": -1623.0
                },
                {
                    "car_id": 1723869698,
                    "n_reqs": 5,
                    "reqs_in_car": [
                        1934249453,
                        1447828345,
                        640242218,
                        1402329448,
                        158776361
                    ],
                    "path": [
                        37,
                        39,
                        51,
                        38,
                        8,
                        55,
                        28,
                        62,
                        62,
                        11
                    ],
                    "reward": 2.01896,
                    "icds": [
                        2217,
                        504,
                        957,
                        4146,
                        499
                    ],
                    "dist_red": 5592.0
                },
                {
                    "car_id": 988642781,
                    "n_reqs": 5,
                    "reqs_in_car": [
                        1211721368,
                        784077147,
                        177518288,
                        1069419225,
                        2028829356
                    ],
                    "path": [
                        12,
                        62,
                        54,
                        33,
                        30,
                        30,
                        38,
                        50,
                        18,
                        51
                    ],
                    "reward": 2.85279,
                    "icds": [
                        3165,
                        1475,
                        495,
                        762,
                        368
                    ],
                    "dist_red": 13924.0
                }
            ]
        },
        {
            "t": 2,
            "reqs": [
                {
                    "req_id": 445801425,
                    "timesteps_left": 0,
                    "zone_from": 32,
                    "zone_to": 16
                },
                {
                    "req_id": 1729280419,
                    "timesteps_left": 0,
                    "zone_from": 13,
                    "zone_to": 45
                },
                {
                    "req_id": 1782826391,
                    "timesteps_left": 0,
                    "zone_from": 13,
                    "zone_to": 26
                },
                {
                    "req_id": 879587888,
                    "timesteps_left": 1,
                    "zone_from": 10,
                    "zone_to": 59
                },
                {
                    "req_id": 1606737340,
                    "timesteps_left": 1,
                    "zone_from": 8,
                    "zone_to": 29
                },
                {
                    "req_id": 1689843869,
                    "timesteps_left": 1,
                    "zone_from": 42,
                    "zone_to": 13
                },
                {
                    "req_id": 638093809,
                    "timesteps_left": 1,
                    "zone_from": 41,
                    "zone_to": 8
                },
                {
                    "req_id": 1095191752,
                    "timesteps_left": 1,
                    "zone_from": 18,
                    "zone_to": 10
                },
                {
                    "req_id": 1343449469,
                    "timesteps_left": 1,
                    "zone_from": 30,
                    "zone_to": 52
                },
                {
                    "req_id": 410381333,
                    "timesteps_left": 1,
                    "zone_from": 35,
                    "zone_to": 47
                },
                {
                    "req_id": 1393593951,
                    "timesteps_left": 1,
                    "zone_from": 38,
                    "zone_to": 41
                },
                {
                    "req_id": 637408423,
                    "timesteps_left": 1,
                    "zone_from": 51,
                    "zone_to": 41
                },
                {
                    "req_id": 1475594110,
                    "timesteps_left": 1,
                    "zone_from": 13,
                    "zone_to": 13
                }
            ],
            "cars": [
                {
                    "car_id": 1403644633,
                    "n_reqs": 4,
                    "reqs_in_car": [
                        445801425,
                        1782826391,
                        1729280419,
                        1475594110
                    ],
                    "path": [
                        32,
                        13,
                        13,
                        13,
                        13,
                        45,
                        26,
                        16
                    ],
                    "reward": 1.53516,
                    "icds": [
                        639,
                        238,
                        0,
                        0
                    ],
                    "dist_red": 1463.0
                }
            ]
        },
        {
            "t": 3,
            "reqs": [
                {
                    "req_id": 879587888,
                    "timesteps_left": 0,
                    "zone_from": 10,
                    "zone_to": 59
                },
                {
                    "req_id": 1689843869,
                    "timesteps_left": 0,
                    "zone_from": 42,
                    "zone_to": 13
                },
                {
                    "req_id": 1606737340,
                    "timesteps_left": 0,
                    "zone_from": 8,
                    "zone_to": 29
                },
                {
                    "req_id": 1343449469,
                    "timesteps_left": 0,
                    "zone_from": 30,
                    "zone_to": 52
                },
                {
                    "req_id": 410381333,
                    "timesteps_left": 0,
                    "zone_from": 35,
                    "zone_to": 47
                },
                {
                    "req_id": 637408423,
                    "timesteps_left": 0,
                    "zone_from": 51,
                    "zone_to": 41
                },
                {
                    "req_id": 1393593951,
                    "timesteps_left": 0,
                    "zone_from": 38,
                    "zone_to": 41
                },
                {
                    "req_id": 638093809,
                    "timesteps_left": 0,
                    "zone_from": 41,
                    "zone_to": 8
                },
                {
                    "req_id": 1095191752,
                    "timesteps_left": 0,
                    "zone_from": 18,
                    "zone_to": 10
                },
                {
                    "req_id": 694569142,
                    "timesteps_left": 1,
                    "zone_from": 40,
                    "zone_to": 54
                },
                {
                    "req_id": 346007337,
                    "timesteps_left": 1,
                    "zone_from": 33,
                    "zone_to": 21
                },
                {
                    "req_id": 613135098,
                    "timesteps_left": 1,
                    "zone_from": 0,
                    "zone_to": 0
                },
                {
                    "req_id": 504067720,
                    "timesteps_left": 1,
                    "zone_from": 20,
                    "zone_to": 52
                },
                {
                    "req_id": 425658893,
                    "timesteps_left": 1,
                    "zone_from": 31,
                    "zone_to": 59
                },
                {
                    "req_id": 14220483,
                    "timesteps_left": 1,
                    "zone_from": 58,
                    "zone_to": 47
                },
                {
                    "req_id": 1685892550,
                    "timesteps_left": 1,
                    "zone_from": 42,
                    "zone_to": 41
                },
                {
                    "req_id": 337010833,
                    "timesteps_left": 1,
                    "zone_from": 39,
                    "zone_to": 5
                },
                {
                    "req_id": 1830801700,
                    "timesteps_left": 1,
                    "zone_from": 51,
                    "zone_to": 57
                },
                {
                    "req_id": 2056015465,
                    "timesteps_left": 1,
                    "zone_from": 18,
                    "zone_to": 39
                }
            ],
            "cars": [
                {
                    "car_id": 1408721663,
                    "n_reqs": 4,
                    "reqs_in_car": [
                        1689843869,
                        1685892550,
                        613135098,
                        1393593951
                    ],
                    "path": [
                        42,
                        42,
                        38,
                        41,
                        41,
                        0,
                        0,
                        13
                    ],
                    "reward": 0.99677,
                    "icds": [
                        1301,
                        917,
                        0,
                        0
                    ],
                    "dist_red": -10.0
                },
                {
                    "car_id": 550538205,
                    "n_reqs": 5,
                    "reqs_in_car": [
                        1095191752,
                        2056015465,
                        637408423,
                        425658893,
                        879587888
                    ],
                    "path": [
                        31,
                        51,
                        18,
                        18,
                        41,
                        39,
                        10,
                        10,
                        59,
                        59
                    ],
                    "reward": 1.80188,
                    "icds": [
                        546,
                        295,
                        0,
                        2442,
                        0
                    ],
                    "dist_red": 1663.0
                },
                {
                    "car_id": 1836472706,
                    "n_reqs": 5,
                    "reqs_in_car": [
                        410381333,
                        504067720,
                        14220483,
                        1343449469,
                        1606737340
                    ],
                    "path": [
                        20,
                        35,
                        58,
                        8,
                        47,
                        47,
                        29,
                        30,
                        52,
                        52
                    ],
                    "reward": 2.75878,
                    "icds": [
                        349,
                        2399,
                        92,
                        0,
                        621
                    ],
                    "dist_red": 11355.0
                },
                {
                    "car_id": 1331265447,
                    "n_reqs": 5,
                    "reqs_in_car": [
                        638093809,
                        1830801700,
                        337010833,
                        346007337,
                        694569142
                    ],
                    "path": [
                        51,
                        39,
                        41,
                        8,
                        33,
                        40,
                        54,
                        5,
                        21,
                        57
                    ],
                    "reward": 2.37796,
                    "icds": [
                        0,
                        4071,
                        2739,
                        1782,
                        0
                    ],
                    "dist_red": 11392.0
                }
            ]
        },
        {
            "t": 4,
            "reqs": [
                {
                    "req_id": 279866283,
                    "timesteps_left": 1,
                    "zone_from": 6,
                    "zone_to": 37
                },
                {
                    "req_id": 233662984,
                    "timesteps_left": 1,
                    "zone_from": 8,
                    "zone_to": 47
                },
                {
                    "req_id": 884424646,
                    "timesteps_left": 1,
                    "zone_from": 59,
                    "zone_to": 44
                },
                {
                    "req_id": 1060058200,
                    "timesteps_left": 1,
                    "zone_from": 9,
                    "zone_to": 58
                },
                {
                    "req_id": 332328873,
                    "timesteps_left": 1,
                    "zone_from": 48,
                    "zone_to": 2
                },
                {
                    "req_id": 1004271794,
                    "timesteps_left": 1,
                    "zone_from": 32,
                    "zone_to": 42
                },
                {
                    "req_id": 1890220221,
                    "timesteps_left": 1,
                    "zone_from": 46,
                    "zone_to": 32
                },
                {
                    "req_id": 1766682314,
                    "timesteps_left": 1,
                    "zone_from": 6,
                    "zone_to": 6
                },
                {
                    "req_id": 1309518392,
                    "timesteps_left": 1,
                    "zone_from": 42,
                    "zone_to": 18
                },
                {
                    "req_id": 201919791,
                    "timesteps_left": 1,
                    "zone_from": 29,
                    "zone_to": 5
                }
            ],
            "cars": []
        },
        {
            "t": 5,
            "reqs": [
                {
                    "req_id": 332328873,
                    "timesteps_left": 0,
                    "zone_from": 48,
                    "zone_to": 2
                },
                {
                    "req_id": 1766682314,
                    "timesteps_left": 0,
                    "zone_from": 6,
                    "zone_to": 6
                },
                {
                    "req_id": 201919791,
                    "timesteps_left": 0,
                    "zone_from": 29,
                    "zone_to": 5
                },
                {
                    "req_id": 279866283,
                    "timesteps_left": 0,
                    "zone_from": 6,
                    "zone_to": 37
                },
                {
                    "req_id": 233662984,
                    "timesteps_left": 0,
                    "zone_from": 8,
                    "zone_to": 47
                },
                {
                    "req_id": 884424646,
                    "timesteps_left": 0,
                    "zone_from": 59,
                    "zone_to": 44
                },
                {
                    "req_id": 1004271794,
                    "timesteps_left": 0,
                    "zone_from": 32,
                    "zone_to": 42
                },
                {
                    "req_id": 1890220221,
                    "timesteps_left": 0,
                    "zone_from": 46,
                    "zone_to": 32
                },
                {
                    "req_id": 1309518392,
                    "timesteps_left": 0,
                    "zone_from": 42,
                    "zone_to": 18
                },
                {
                    "req_id": 1060058200,
                    "timesteps_left": 0,
                    "zone_from": 9,
                    "zone_to": 58
                },
                {
                    "req_id": 590817122,
                    "timesteps_left": 1,
                    "zone_from": 28,
                    "zone_to": 50
                },
                {
                    "req_id": 420390343,
                    "timesteps_left": 1,
                    "zone_from": 50,
                    "zone_to": 10
                },
                {
                    "req_id": 50142715,
                    "timesteps_left": 1,
                    "zone_from": 59,
                    "zone_to": 51
                },
                {
                    "req_id": 1187356013,
                    "timesteps_left": 1,
                    "zone_from": 37,
                    "zone_to": 33
                },
                {
                    "req_id": 1524695853,
                    "timesteps_left": 1,
                    "zone_from": 13,
                    "zone_to": 59
                },
                {
                    "req_id": 2001658129,
                    "timesteps_left": 1,
                    "zone_from": 38,
                    "zone_to": 38
                },
                {
                    "req_id": 1362560040,
                    "timesteps_left": 1,
                    "zone_from": 10,
                    "zone_to": 49
                },
                {
                    "req_id": 1259103855,
                    "timesteps_left": 1,
                    "zone_from": 55,
                    "zone_to": 10
                },
                {
                    "req_id": 2136318865,
                    "timesteps_left": 1,
                    "zone_from": 13,
                    "zone_to": 49
                },
                {
                    "req_id": 1879679653,
                    "timesteps_left": 1,
                    "zone_from": 37,
                    "zone_to": 37
                }
            ],
            "cars": [
                {
                    "car_id": 640735563,
                    "n_reqs": 4,
                    "reqs_in_car": [
                        1004271794,
                        1524695853,
                        50142715,
                        884424646
                    ],
                    "path": [
                        32,
                        13,
                        59,
                        59,
                        59,
                        44,
                        51,
                        42
                    ],
                    "reward": 1.53551,
                    "icds": [
                        1935,
                        0,
                        682,
                        0
                    ],
                    "dist_red": 2663.0
                },
                {
                    "car_id": 15870235,
                    "n_reqs": 5,
                    "reqs_in_car": [
                        1766682314,
                        1187356013,
                        1879679653,
                        2001658129,
                        201919791
                    ],
                    "path": [
                        29,
                        38,
                        38,
                        37,
                        37,
                        37,
                        6,
                        33,
                        6,
                        5
                    ],
                    "reward": 2.8577,
                    "icds": [
                        479,
                        0,
                        0,
                        0,
                        1086
                    ],
                    "dist_red": 7156.0
                },
                {
                    "car_id": 1201740312,
                    "n_reqs": 5,
                    "reqs_in_car": [
                        279866283,
                        1259103855,
                        590817122,
                        1060058200,
                        420390343
                    ],
                    "path": [
                        55,
                        6,
                        28,
                        50,
                        50,
                        37,
                        9,
                        58,
                        10,
                        10
                    ],
                    "reward": 2.17388,
                    "icds": [
                        937,
                        2036,
                        0,
                        0,
                        799
                    ],
                    "dist_red": 3789.0
                },
                {
                    "car_id": 1235952914,
                    "n_reqs": 5,
                    "reqs_in_car": [
                        1309518392,
                        1362560040,
                        2136318865,
                        1890220221,
                        233662984
                    ],
                    "path": [
                        46,
                        8,
                        47,
                        42,
                        10,
                        18,
                        13,
                        49,
                        49,
                        32
                    ],
                    "reward": 2.3331,
                    "icds": [
                        288,
                        498,
                        0,
                        3703,
                        0
                    ],
                    "dist_red": 7282.0
                }
            ]
        },
        {
            "t": 6,
            "reqs": [
                {
                    "req_id": 708652117,
                    "timesteps_left": 1,
                    "zone_from": 47,
                    "zone_to": 53
                },
                {
                    "req_id": 1633100284,
                    "timesteps_left": 1,
                    "zone_from": 16,
                    "zone_to": 10
                },
                {
                    "req_id": 895050023,
                    "timesteps_left": 1,
                    "zone_from": 20,
                    "zone_to": 2
                },
                {
                    "req_id": 871917618,
                    "timesteps_left": 1,
                    "zone_from": 54,
                    "zone_to": 11
                },
                {
                    "req_id": 1207093171,
                    "timesteps_left": 1,
                    "zone_from": 10,
                    "zone_to": 55
                },
                {
                    "req_id": 1743333433,
                    "timesteps_left": 1,
                    "zone_from": 18,
                    "zone_to": 46
                },
                {
                    "req_id": 1028227900,
                    "timesteps_left": 1,
                    "zone_from": 54,
                    "zone_to": 11
                },
                {
                    "req_id": 1305225638,
                    "timesteps_left": 1,
                    "zone_from": 41,
                    "zone_to": 13
                },
                {
                    "req_id": 1111631668,
                    "timesteps_left": 1,
                    "zone_from": 62,
                    "zone_to": 37
                },
                {
                    "req_id": 1439617635,
                    "timesteps_left": 1,
                    "zone_from": 41,
                    "zone_to": 46
                }
            ],
            "cars": []
        },
        {
            "t": 7,
            "reqs": [
                {
                    "req_id": 895050023,
                    "timesteps_left": 0,
                    "zone_from": 20,
                    "zone_to": 2
                },
                {
                    "req_id": 1305225638,
                    "timesteps_left": 0,
                    "zone_from": 41,
                    "zone_to": 13
                },
                {
                    "req_id": 1111631668,
                    "timesteps_left": 0,
                    "zone_from": 62,
                    "zone_to": 37
                },
                {
                    "req_id": 871917618,
                    "timesteps_left": 0,
                    "zone_from": 54,
                    "zone_to": 11
                },
                {
                    "req_id": 1028227900,
                    "timesteps_left": 0,
                    "zone_from": 54,
                    "zone_to": 11
                },
                {
                    "req_id": 708652117,
                    "timesteps_left": 0,
                    "zone_from": 47,
                    "zone_to": 53
                },
                {
                    "req_id": 1743333433,
                    "timesteps_left": 0,
                    "zone_from": 18,
                    "zone_to": 46
                },
                {
                    "req_id": 1439617635,
                    "timesteps_left": 0,
                    "zone_from": 41,
                    "zone_to": 46
                },
                {
                    "req_id": 1207093171,
                    "timesteps_left": 0,
                    "zone_from": 10,
                    "zone_to": 55
                },
                {
                    "req_id": 1633100284,
                    "timesteps_left": 0,
                    "zone_from": 16,
                    "zone_to": 10
                },
                {
                    "req_id": 939113749,
                    "timesteps_left": 1,
                    "zone_from": 35,
                    "zone_to": 20
                },
                {
                    "req_id": 524918237,
                    "timesteps_left": 1,
                    "zone_from": 32,
                    "zone_to": 13
                },
                {
                    "req_id": 1392255808,
                    "timesteps_left": 1,
                    "zone_from": 60,
                    "zone_to": 19
                },
                {
                    "req_id": 2143696790,
                    "timesteps_left": 1,
                    "zone_from": 31,
                    "zone_to": 32
                },
                {
                    "req_id": 831829925,
                    "timesteps_left": 1,
                    "zone_from": 37,
                    "zone_to": 28
                },
                {
                    "req_id": 2098057099,
                    "timesteps_left": 1,
                    "zone_from": 41,
                    "zone_to": 28
                },
                {
                    "req_id": 1251827021,
                    "timesteps_left": 1,
                    "zone_from": 27,
                    "zone_to": 54
                },
                {
                    "req_id": 711802321,
                    "timesteps_left": 1,
                    "zone_from": 60,
                    "zone_to": 13
                },
                {
                    "req_id": 542499919,
                    "timesteps_left": 1,
                    "zone_from": 8,
                    "zone_to": 44
                },
                {
                    "req_id": 6568876,
                    "timesteps_left": 1,
                    "zone_from": 27,
                    "zone_to": 54
                }
            ],
            "cars": [
                {
                    "car_id": 887505311,
                    "n_reqs": 2,
                    "reqs_in_car": [
                        871917618,
                        871917618
                    ],
                    "path": [
                        54,
                        54,
                        11,
                        11
                    ],
                    "reward": 1.0,
                    "icds": [
                        0,
                        0
                    ],
                    "dist_red": 5077.0
                },
                {
                    "car_id": 637492921,
                    "n_reqs": 5,
                    "reqs_in_car": [
                        939113749,
                        1392255808,
                        542499919,
                        1305225638,
                        895050023
                    ],
                    "path": [
                        41,
                        8,
                        35,
                        20,
                        20,
                        2,
                        60,
                        44,
                        19,
                        13
                    ],
                    "reward": 1.72639,
                    "icds": [
                        0,
                        152,
                        1968,
                        4413,
                        0
                    ],
                    "dist_red": 2349.0
                },
                {
                    "car_id": 818068071,
                    "n_reqs": 5,
                    "reqs_in_car": [
                        1207093171,
                        1251827021,
                        1111631668,
                        1251827021,
                        1633100284
                    ],
                    "path": [
                        27,
                        27,
                        62,
                        37,
                        16,
                        10,
                        10,
                        55,
                        54,
                        54
                    ],
                    "reward": 1.84845,
                    "icds": [
                        0,
                        2976,
                        0,
                        2976,
                        0
                    ],
                    "dist_red": 3159.0
                },
                {
                    "car_id": 587539984,
                    "n_reqs": 5,
                    "reqs_in_car": [
                        1743333433,
                        1439617635,
                        2098057099,
                        831829925,
                        708652117
                    ],
                    "path": [
                        18,
                        41,
                        41,
                        37,
                        47,
                        53,
                        28,
                        28,
                        46,
                        46
                    ],
                    "reward": 2.6161,
                    "icds": [
                        2115,
                        1912,
                        1153,
                        926,
                        0
                    ],
                    "dist_red": 5896.0
                }
            ]
        },
        {
            "t": 8,
            "reqs": [
                {
                    "req_id": 2143696790,
                    "timesteps_left": 0,
                    "zone_from": 31,
                    "zone_to": 32
                },
                {
                    "req_id": 711802321,
                    "timesteps_left": 0,
                    "zone_from": 60,
                    "zone_to": 13
                },
                {
                    "req_id": 524918237,
                    "timesteps_left": 0,
                    "zone_from": 32,
                    "zone_to": 13
                },
                {
                    "req_id": 575295687,
                    "timesteps_left": 1,
                    "zone_from": 39,
                    "zone_to": 41
                },
                {
                    "req_id": 1233383227,
                    "timesteps_left": 1,
                    "zone_from": 42,
                    "zone_to": 58
                },
                {
                    "req_id": 52242040,
                    "timesteps_left": 1,
                    "zone_from": 35,
                    "zone_to": 36
                },
                {
                    "req_id": 2056677480,
                    "timesteps_left": 1,
                    "zone_from": 55,
                    "zone_to": 54
                },
                {
                    "req_id": 405105932,
                    "timesteps_left": 1,
                    "zone_from": 20,
                    "zone_to": 13
                },
                {
                    "req_id": 2056219129,
                    "timesteps_left": 1,
                    "zone_from": 59,
                    "zone_to": 59
                },
                {
                    "req_id": 671474729,
                    "timesteps_left": 1,
                    "zone_from": 60,
                    "zone_to": 52
                },
                {
                    "req_id": 678655368,
                    "timesteps_left": 1,
                    "zone_from": 51,
                    "zone_to": 56
                },
                {
                    "req_id": 289517113,
                    "timesteps_left": 1,
                    "zone_from": 42,
                    "zone_to": 39
                },
                {
                    "req_id": 1754286084,
                    "timesteps_left": 1,
                    "zone_from": 28,
                    "zone_to": 13
                }
            ],
            "cars": [
                {
                    "car_id": 338081198,
                    "n_reqs": 4,
                    "reqs_in_car": [
                        711802321,
                        524918237,
                        405105932,
                        2143696790
                    ],
                    "path": [
                        60,
                        31,
                        20,
                        32,
                        32,
                        13,
                        13,
                        13
                    ],
                    "reward": 1.85083,
                    "icds": [
                        1913,
                        0,
                        651,
                        888
                    ],
                    "dist_red": 3942.0
                }
            ]
        },
        {
            "t": 9,
            "reqs": [
                {
                    "req_id": 1754286084,
                    "timesteps_left": 0,
                    "zone_from": 28,
                    "zone_to": 13
                },
                {
                    "req_id": 1233383227,
                    "timesteps_left": 0,
                    "zone_from": 42,
                    "zone_to": 58
                },
                {
                    "req_id": 678655368,
                    "timesteps_left": 0,
                    "zone_from": 51,
                    "zone_to": 56
                },
                {
                    "req_id": 2056677480,
                    "timesteps_left": 0,
                    "zone_from": 55,
                    "zone_to": 54
                },
                {
                    "req_id": 52242040,
                    "timesteps_left": 0,
                    "zone_from": 35,
                    "zone_to": 36
                },
                {
                    "req_id": 671474729,
                    "timesteps_left": 0,
                    "zone_from": 60,
                    "zone_to": 52
                },
                {
                    "req_id": 2056219129,
                    "timesteps_left": 0,
                    "zone_from": 59,
                    "zone_to": 59
                },
                {
                    "req_id": 575295687,
                    "timesteps_left": 0,
                    "zone_from": 39,
                    "zone_to": 41
                },
                {
                    "req_id": 289517113,
                    "timesteps_left": 0,
                    "zone_from": 42,
                    "zone_to": 39
                },
                {
                    "req_id": 1728280358,
                    "timesteps_left": 1,
                    "zone_from": 28,
                    "zone_to": 46
                },
                {
                    "req_id": 1280668631,
                    "timesteps_left": 1,
                    "zone_from": 19,
                    "zone_to": 10
                },
                {
                    "req_id": 134756528,
                    "timesteps_left": 1,
                    "zone_from": 13,
                    "zone_to": 0
                },
                {
                    "req_id": 1361534313,
                    "timesteps_left": 1,
                    "zone_from": 59,
                    "zone_to": 42
                },
                {
                    "req_id": 394623185,
                    "timesteps_left": 1,
                    "zone_from": 59,
                    "zone_to": 13
                },
                {
                    "req_id": 987932475,
                    "timesteps_left": 1,
                    "zone_from": 13,
                    "zone_to": 20
                },
                {
                    "req_id": 1039252895,
                    "timesteps_left": 1,
                    "zone_from": 8,
                    "zone_to": 62
                },
                {
                    "req_id": 194930593,
                    "timesteps_left": 1,
                    "zone_from": 51,
                    "zone_to": 26
                },
                {
                    "req_id": 1052436855,
                    "timesteps_left": 1,
                    "zone_from": 59,
                    "zone_to": 53
                },
                {
                    "req_id": 449484050,
                    "timesteps_left": 1,
                    "zone_from": 26,
                    "zone_to": 33
                }
            ],
            "cars": [
                {
                    "car_id": 119344899,
                    "n_reqs": 4,
                    "reqs_in_car": [
                        1754286084,
                        1728280358,
                        134756528,
                        575295687
                    ],
                    "path": [
                        28,
                        28,
                        46,
                        39,
                        41,
                        13,
                        0,
                        13
                    ],
                    "reward": 0.74844,
                    "icds": [
                        1519,
                        0,
                        0,
                        0
                    ],
                    "dist_red": -801.0
                },
                {
                    "car_id": 1436785946,
                    "n_reqs": 5,
                    "reqs_in_car": [
                        678655368,
                        449484050,
                        194930593,
                        1233383227,
                        2056677480
                    ],
                    "path": [
                        51,
                        51,
                        26,
                        26,
                        42,
                        58,
                        55,
                        54,
                        33,
                        56
                    ],
                    "reward": 2.27041,
                    "icds": [
                        2270,
                        985,
                        0,
                        0,
                        0
                    ],
                    "dist_red": 9394.0
                },
                {
                    "car_id": 415274493,
                    "n_reqs": 5,
                    "reqs_in_car": [
                        52242040,
                        1052436855,
                        1361534313,
                        2056219129,
                        289517113
                    ],
                    "path": [
                        59,
                        59,
                        59,
                        59,
                        35,
                        42,
                        42,
                        39,
                        36,
                        53
                    ],
                    "reward": 2.51321,
                    "icds": [
                        684,
                        1355,
                        468,
                        0,
                        0
                    ],
                    "dist_red": 5313.0
                },
                {
                    "car_id": 1740448408,
                    "n_reqs": 5,
                    "reqs_in_car": [
                        671474729,
                        1039252895,
                        1280668631,
                        394623185,
                        987932475
                    ],
                    "path": [
                        60,
                        59,
                        13,
                        13,
                        20,
                        19,
                        10,
                        8,
                        62,
                        52
                    ],
                    "reward": 2.27618,
                    "icds": [
                        4094,
                        0,
                        0,
                        0,
                        0
                    ],
                    "dist_red": 8147.0
                }
            ]
        }
    ],
    "serv_rate": 99.0,
    "n_cars": 22,
    "avg_occ": 4.5,
    "dist_red": 109.639,
    "dist_red_perc": 27,
    "trip_red": 77,
    "trip_red_perc": 77,
    "kg_co2_red": 14,
    "icd_mean": 823
}